{"avgHealth":0.9379494270623433,"seeds":[[0.08],[0.246],[0.256],[0.236],[0.211],[0.124]],"nseeds":6,"executions":490,"nfe":49500,"gps":[[0.08]],"lps":[[0.246]],"fps":[[0.256],[0.236],[0.211],[0.124]],"np":2,"gp":1,"pr":0.3333333333333333,"gpr":1,"lp":1,"lpr":0.25,"fpr":0.6666666666666666,"reason":"statistic"}