{"avgHealth":101.14613800096464,"seeds":[[0.08],[0.246],[0.236],[0.257],[0.069],[0.448],[0.094],[0.459],[0.435],[0.269],[0.224],[0.475],[0.68],[0.059],[0.667],[0.692],[0.42],[0.702],[0.656],[0.279],[0.213],[0.107],[0.486],[0.714],[0.644],[0.93],[0.92],[0.944],[0.407],[0.91],[0.955],[0.29],[0.9],[0.498],[0.726],[0.048],[0.965],[0.63],[0.117],[0.887],[0.977],[0.736],[0.395],[0.197],[0.001],[0.877],[0.618],[0.302],[0.989],[0.512],[0.747],[0.865],[0.999],[0.038],[0.608],[0.382],[0.129],[0.522],[0.186],[0.757],[0.313],[0.853],[0.173]],"nseeds":63,"executions":11,"nfe":1600,"gps":[[0.08]],"lps":[[0.246],[0.448],[0.68],[0.93]],"fps":[[0.236],[0.257],[0.069],[0.094],[0.459],[0.435],[0.269],[0.224],[0.475],[0.059],[0.667],[0.692],[0.42],[0.702],[0.656],[0.279],[0.213],[0.107],[0.486],[0.714],[0.644],[0.92],[0.944],[0.407],[0.91],[0.955],[0.29],[0.9],[0.498],[0.726],[0.048],[0.965],[0.63],[0.117],[0.887],[0.977],[0.736],[0.395],[0.197],[0.001],[0.877],[0.618],[0.302],[0.989],[0.512],[0.747],[0.865],[0.999],[0.038],[0.608],[0.382],[0.129],[0.522],[0.186],[0.757],[0.313],[0.853],[0.173]],"np":5,"gp":1,"pr":0.07936507936507936,"gpr":1,"lp":4,"lpr":1,"fpr":0.9206349206349206,"reason":"statistic"}