{"avgHealth":0.9565231942181396,"seeds":[[0.08],[0.246],[0.176]],"nseeds":3,"executions":563,"nfe":56800,"gps":[[0.08]],"lps":[[0.246]],"fps":[[0.176]],"np":2,"gp":1,"pr":0.6666666666666666,"gpr":1,"lp":1,"lpr":0.25,"fpr":0.3333333333333333,"reason":"statistic"}