{"avgHealth":0.9558305749932641,"seeds":[[0.08],[0.246],[0.173]],"nseeds":3,"executions":531,"nfe":53600,"gps":[[0.08]],"lps":[[0.246]],"fps":[[0.173]],"np":2,"gp":1,"pr":0.6666666666666666,"gpr":1,"lp":1,"lpr":0.25,"fpr":0.3333333333333333,"reason":"statistic"}