{"avgHealth":98.61237899794051,"seeds":[[0.08],[0.246],[0.234],[0.262],[0.449],[0.094],[0.46],[0.438],[0.063],[0.224],[0.428],[0.272],[0.679],[0.476],[0.669],[0.69],[0.7],[0.418],[0.658],[0.053],[0.646],[0.284],[0.21],[0.11],[0.929],[0.716],[0.94],[0.919],[0.407],[0.494],[0.95],[0.905],[0.635],[0.961],[0.895],[0.294],[0.974],[0.733],[0.885],[0.395],[0.507],[0.623],[0.196],[0.984],[0.123],[0.874],[0.743],[0.994],[0.305],[0.612],[0.864],[0.038],[0.519],[0.755],[0.185],[0.005],[0.378],[0.315],[0.6],[0.529],[0.848],[0.766],[0.139],[0.837],[0.366],[0.325],[0.54],[0.173],[0.027],[0.582],[0.783],[0.827],[0.356],[0.55],[0.335],[0.793],[0.572],[0.159]],"nseeds":78,"executions":9,"nfe":1400,"gps":[[0.08]],"lps":[[0.246],[0.449],[0.679],[0.929],[0.94]],"fps":[[0.234],[0.262],[0.094],[0.46],[0.438],[0.063],[0.224],[0.428],[0.272],[0.476],[0.669],[0.69],[0.7],[0.418],[0.658],[0.053],[0.646],[0.284],[0.21],[0.11],[0.716],[0.919],[0.407],[0.494],[0.95],[0.905],[0.635],[0.961],[0.895],[0.294],[0.974],[0.733],[0.885],[0.395],[0.507],[0.623],[0.196],[0.984],[0.123],[0.874],[0.743],[0.994],[0.305],[0.612],[0.864],[0.038],[0.519],[0.755],[0.185],[0.005],[0.378],[0.315],[0.6],[0.529],[0.848],[0.766],[0.139],[0.837],[0.366],[0.325],[0.54],[0.173],[0.027],[0.582],[0.783],[0.827],[0.356],[0.55],[0.335],[0.793],[0.572],[0.159]],"np":6,"gp":1,"pr":0.07692307692307693,"gpr":1,"lp":5,"lpr":1.25,"fpr":0.9230769230769231,"reason":"statistic"}