{"avgHealth":98.21753424167062,"seeds":[[0.08],[0.245],[0.256],[0.069],[0.234],[0.092],[0.45],[0.438],[0.267],[0.224],[0.473],[0.426],[0.677],[0.688],[0.666],[0.103],[0.056],[0.656],[0.703],[0.484],[0.282],[0.413],[0.211],[0.713],[0.646],[0.93],[0.919],[0.942],[0.494],[0.909],[0.953],[0.724],[0.402],[0.292],[0.966],[0.894],[0.628],[0.504],[0.734],[0.045],[0.976],[0.12],[0.882],[0.197],[0.001],[0.618],[0.302],[0.744],[0.872],[0.991],[0.388],[0.516],[0.862],[0.608],[0.754],[0.187],[0.312],[0.377],[0.034],[0.134],[0.764],[0.531],[0.592],[0.84],[0.367],[0.775],[0.173],[0.541],[0.327],[0.828],[0.146],[0.785],[0.579],[0.357],[0.024],[0.551],[0.337],[0.796],[0.814],[0.162],[0.566]],"nseeds":81,"executions":9,"nfe":1400,"gps":[[0.08]],"lps":[[0.245],[0.45],[0.677],[0.93]],"fps":[[0.256],[0.069],[0.234],[0.092],[0.438],[0.267],[0.224],[0.473],[0.426],[0.688],[0.666],[0.103],[0.056],[0.656],[0.703],[0.484],[0.282],[0.413],[0.211],[0.713],[0.646],[0.919],[0.942],[0.494],[0.909],[0.953],[0.724],[0.402],[0.292],[0.966],[0.894],[0.628],[0.504],[0.734],[0.045],[0.976],[0.12],[0.882],[0.197],[0.001],[0.618],[0.302],[0.744],[0.872],[0.991],[0.388],[0.516],[0.862],[0.608],[0.754],[0.187],[0.312],[0.377],[0.034],[0.134],[0.764],[0.531],[0.592],[0.84],[0.367],[0.775],[0.173],[0.541],[0.327],[0.828],[0.146],[0.785],[0.579],[0.357],[0.024],[0.551],[0.337],[0.796],[0.814],[0.162],[0.566]],"np":5,"gp":1,"pr":0.06172839506172839,"gpr":1,"lp":4,"lpr":1,"fpr":0.9382716049382716,"reason":"statistic"}