{"avgHealth":110.23954514592899,"seeds":[[0.079],[0.248],[0.238],[0.091],[0.259],[0.451],[0.44],[0.463],[0.226],[0.269],[0.43],[0.474],[0.676],[0.059],[0.102],[0.691],[0.666],[0.419],[0.216],[0.701],[0.656],[0.28],[0.487],[0.711],[0.644],[0.931],[0.919],[0.947],[0.909],[0.206],[0.405],[0.957],[0.724],[0.497],[0.114],[0.292],[0.967],[0.893],[0.63],[0.046],[0.977],[0.883],[0.738],[0.001],[0.62],[0.195],[0.391],[0.988],[0.873],[0.513],[0.304],[0.126],[0.751],[0.863],[0.608],[0.381],[0.035],[0.853],[0.314],[0.763],[0.597],[0.531],[0.179],[0.137],[0.371],[0.843],[0.587],[0.832],[0.782],[0.36],[0.331],[0.025],[0.55],[0.793]],"nseeds":74,"executions":10,"nfe":1500,"gps":[[0.079]],"lps":[[0.248],[0.451],[0.676],[0.931]],"fps":[[0.238],[0.091],[0.259],[0.44],[0.463],[0.226],[0.269],[0.43],[0.474],[0.059],[0.102],[0.691],[0.666],[0.419],[0.216],[0.701],[0.656],[0.28],[0.487],[0.711],[0.644],[0.919],[0.947],[0.909],[0.206],[0.405],[0.957],[0.724],[0.497],[0.114],[0.292],[0.967],[0.893],[0.63],[0.046],[0.977],[0.883],[0.738],[0.001],[0.62],[0.195],[0.391],[0.988],[0.873],[0.513],[0.304],[0.126],[0.751],[0.863],[0.608],[0.381],[0.035],[0.853],[0.314],[0.763],[0.597],[0.531],[0.179],[0.137],[0.371],[0.843],[0.587],[0.832],[0.782],[0.36],[0.331],[0.025],[0.55],[0.793]],"np":5,"gp":1,"pr":0.06756756756756757,"gpr":1,"lp":4,"lpr":1,"fpr":0.9324324324324325,"reason":"statistic"}