{"avgHealth":0.19298942800000018,"seeds":[[0.7000000000000001],[-0.7000000000000001],[0.72],[-0.72],[0.68],[-0.68],[0.74],[-0.74],[-0.66],[-0.76],[0.76],[0.64],[-0.64],[0.78],[-0.78],[0.62],[-0.8],[-0.6],[0.6],[-0.8200000000000001],[0.8200000000000001],[0.8400000000000001],[0.5800000000000001],[-0.5800000000000001],[0.8599999999999999],[-0.8599999999999999],[-0.56],[0.56],[0.8799999999999999],[-0.8799999999999999],[-0.54],[0.8999999999999999],[0.52],[0.9199999999999999],[-0.5],[0.5],[0.94],[0.48],[-0.48],[0.98],[-0.98],[0.45999999999999996],[-0.45999999999999996],[1],[-0.43999999999999995],[0.43999999999999995],[-1.02],[1.02],[-1.04],[1.04],[0.42000000000000004],[-0.42000000000000004],[1.06],[0.4],[-0.4],[-0.38],[1.1],[1.12],[-0.36],[-0.34],[1.1600000000000001],[1.18],[-0.32],[1.2],[1.22],[1.24],[1.26],[1.28],[1.3],[1.32],[-0.24],[1.34],[-0.2],[1.44],[-0.08],[0.08],[-0.04],[0.04],[-0.02],[0.02],[-3.8],[-3.84],[-3.8200000000000003],[5.1],[4.24],[4.96],[4.88],[4.36],[-4.34],[4.44],[4.46],[4.34],[4.22],[-4.640000000000001],[5.12],[-4.36],[4.8],[-4.88],[5.0600000000000005],[5.08],[-4.26],[4.76],[4.699999999999999],[4.66],[-4.22],[4.4],[4.680000000000001],[4.640000000000001],[4.58],[4.1],[5.140000000000001],[-4.699999999999999],[5.16],[4.26],[5.18],[4.32],[-4.24],[-4.62],[5.02],[-4.6000000000000005],[4.5600000000000005],[4.92],[4.9],[-4.58],[4.54],[4.3],[4.62],[-4.2],[-4.74],[-4.66],[-4.28],[-4.42],[5.04],[5.300000000000001],[4.9399999999999995],[-4.12],[5.32],[4.6000000000000005],[0],[4.38],[4.48],[4.12],[4.18],[4.84],[-4.44],[4.72],[4.779999999999999],[4.28]],"nseeds":148,"executions":199996,"nfe":20000100,"gps":[],"lps":[],"fps":[[0.7000000000000001],[-0.7000000000000001],[0.72],[-0.72],[0.68],[-0.68],[0.74],[-0.74],[-0.66],[-0.76],[0.76],[0.64],[-0.64],[0.78],[-0.78],[0.62],[-0.8],[-0.6],[0.6],[-0.8200000000000001],[0.8200000000000001],[0.8400000000000001],[0.5800000000000001],[-0.5800000000000001],[0.8599999999999999],[-0.8599999999999999],[-0.56],[0.56],[0.8799999999999999],[-0.8799999999999999],[-0.54],[0.8999999999999999],[0.52],[0.9199999999999999],[-0.5],[0.5],[0.94],[0.48],[-0.48],[0.98],[-0.98],[0.45999999999999996],[-0.45999999999999996],[1],[-0.43999999999999995],[0.43999999999999995],[-1.02],[1.02],[-1.04],[1.04],[0.42000000000000004],[-0.42000000000000004],[1.06],[0.4],[-0.4],[-0.38],[1.1],[1.12],[-0.36],[-0.34],[1.1600000000000001],[1.18],[-0.32],[1.2],[1.22],[1.24],[1.26],[1.28],[1.3],[1.32],[-0.24],[1.34],[-0.2],[1.44],[-0.08],[0.08],[-0.04],[0.04],[-0.02],[0.02],[-3.8],[-3.84],[-3.8200000000000003],[5.1],[4.24],[4.96],[4.88],[4.36],[-4.34],[4.44],[4.46],[4.34],[4.22],[-4.640000000000001],[5.12],[-4.36],[4.8],[-4.88],[5.0600000000000005],[5.08],[-4.26],[4.76],[4.699999999999999],[4.66],[-4.22],[4.4],[4.680000000000001],[4.640000000000001],[4.58],[4.1],[5.140000000000001],[-4.699999999999999],[5.16],[4.26],[5.18],[4.32],[-4.24],[-4.62],[5.02],[-4.6000000000000005],[4.5600000000000005],[4.92],[4.9],[-4.58],[4.54],[4.3],[4.62],[-4.2],[-4.74],[-4.66],[-4.28],[-4.42],[5.04],[5.300000000000001],[4.9399999999999995],[-4.12],[5.32],[4.6000000000000005],[0],[4.38],[4.48],[4.12],[4.18],[4.84],[-4.44],[4.72],[4.779999999999999],[4.28]],"np":0,"gp":0,"pr":0,"fpr":1,"reason":"executions"}