{"avgHealth":0.21105499800000058,"seeds":[[0.7000000000000001],[-0.7000000000000001],[0.72],[-0.72],[-0.68],[-0.74],[-0.66],[0.66],[0.76],[-0.64],[0.64],[0.78],[-0.78],[0.62],[-0.62],[-0.8],[0.8],[-0.6],[-0.8200000000000001],[0.8200000000000001],[0.8400000000000001],[-0.8400000000000001],[-0.5800000000000001],[0.8599999999999999],[-0.8599999999999999],[-0.56],[-0.8799999999999999],[-0.8999999999999999],[0.8999999999999999],[-0.52],[0.9199999999999999],[-0.9199999999999999],[-0.5],[-0.94],[-0.96],[0.96],[-0.48],[0.48],[-0.98],[-0.45999999999999996],[-1],[-0.43999999999999995],[-1.02],[-1.04],[-0.4],[1.08],[-0.38],[0.38],[1.1],[1.12],[0.36],[-0.36],[-0.34],[0.34],[1.1600000000000001],[-0.32],[1.2],[0.3],[1.24],[0.28],[-0.28],[1.26],[0.26],[-0.26],[1.32],[0.24],[-0.24],[1.34],[1.36],[0.21999999999999997],[1.3800000000000001],[1.4000000000000001],[0.2],[-0.2],[1.42],[1.44],[-0.18],[1.46],[1.48],[1.5],[-0.16],[0.16],[0.08],[-0.02],[-9.26],[10.16],[10.440000000000001],[10.46],[9.32],[-8.78],[-8.86],[9.84],[10.22],[9.26],[10.3],[-9.22],[9.200000000000001],[10.04],[9.86],[10.18],[9.22],[9.34],[10.06],[10.02],[-9.280000000000001],[9.74],[-9.6],[10.36],[9.58],[9.360000000000001],[9.68],[9.62],[9.6],[9.66],[9.879999999999999],[9.280000000000001],[-10],[9.44],[9.399999999999999],[9.5],[9.96],[-9.98],[9.719999999999999],[10.08],[9.98],[10.4],[10.26],[9.24],[-9],[10.42],[9.559999999999999],[-8.76],[9.94],[10.32],[10.38],[10.34],[-9.62],[-9.54],[-9.200000000000001],[-9.16],[-9.32],[-9.58],[9.3],[9.48]],"nseeds":144,"executions":199996,"nfe":20000100,"gps":[],"lps":[],"fps":[[0.7000000000000001],[-0.7000000000000001],[0.72],[-0.72],[-0.68],[-0.74],[-0.66],[0.66],[0.76],[-0.64],[0.64],[0.78],[-0.78],[0.62],[-0.62],[-0.8],[0.8],[-0.6],[-0.8200000000000001],[0.8200000000000001],[0.8400000000000001],[-0.8400000000000001],[-0.5800000000000001],[0.8599999999999999],[-0.8599999999999999],[-0.56],[-0.8799999999999999],[-0.8999999999999999],[0.8999999999999999],[-0.52],[0.9199999999999999],[-0.9199999999999999],[-0.5],[-0.94],[-0.96],[0.96],[-0.48],[0.48],[-0.98],[-0.45999999999999996],[-1],[-0.43999999999999995],[-1.02],[-1.04],[-0.4],[1.08],[-0.38],[0.38],[1.1],[1.12],[0.36],[-0.36],[-0.34],[0.34],[1.1600000000000001],[-0.32],[1.2],[0.3],[1.24],[0.28],[-0.28],[1.26],[0.26],[-0.26],[1.32],[0.24],[-0.24],[1.34],[1.36],[0.21999999999999997],[1.3800000000000001],[1.4000000000000001],[0.2],[-0.2],[1.42],[1.44],[-0.18],[1.46],[1.48],[1.5],[-0.16],[0.16],[0.08],[-0.02],[-9.26],[10.16],[10.440000000000001],[10.46],[9.32],[-8.78],[-8.86],[9.84],[10.22],[9.26],[10.3],[-9.22],[9.200000000000001],[10.04],[9.86],[10.18],[9.22],[9.34],[10.06],[10.02],[-9.280000000000001],[9.74],[-9.6],[10.36],[9.58],[9.360000000000001],[9.68],[9.62],[9.6],[9.66],[9.879999999999999],[9.280000000000001],[-10],[9.44],[9.399999999999999],[9.5],[9.96],[-9.98],[9.719999999999999],[10.08],[9.98],[10.4],[10.26],[9.24],[-9],[10.42],[9.559999999999999],[-8.76],[9.94],[10.32],[10.38],[10.34],[-9.62],[-9.54],[-9.200000000000001],[-9.16],[-9.32],[-9.58],[9.3],[9.48]],"np":0,"gp":0,"pr":0,"fpr":1,"reason":"executions"}