{"avgHealth":0.1674305160000002,"seeds":[[-0.7000000000000001],[-0.72],[-0.68],[-0.74],[0.66],[-0.76],[0.76],[-0.78],[0.62],[-0.8],[0.6],[0.8200000000000001],[-0.8200000000000001],[-0.8400000000000001],[0.8400000000000001],[0.5800000000000001],[0.56],[-0.56],[0.8799999999999999],[0.54],[-0.8999999999999999],[0.8999999999999999],[-0.52],[0.9199999999999999],[-0.9199999999999999],[0.5],[-0.5],[-0.94],[0.96],[0.98],[-1],[1],[-0.43999999999999995],[0.43999999999999995],[-1.02],[1.02],[0.42000000000000004],[1.08],[-0.38],[0.36],[1.1400000000000001],[0.34],[1.1600000000000001],[1.18],[1.2],[1.22],[-0.3],[1.24],[0.28],[1.26],[1.28],[0.26],[1.32],[1.3800000000000001],[1.4000000000000001],[0.2],[1.46],[1.48],[0.14],[-0.14],[-0.12],[0.12],[0.1],[-0.1],[-0.06],[9.52],[9.94],[10.14],[-9.399999999999999],[9.879999999999999],[9.200000000000001],[-8.78],[-9.98],[10.36],[-8.76],[-9.06],[-8.88],[9.719999999999999],[-8.86],[-9.040000000000001],[-9.26],[-9.34],[-8.84],[9.9],[9.280000000000001],[-9.08],[9.54],[-9.879999999999999],[9.3],[-9.02],[-8.94],[-9.78],[-9.9],[-8.96],[-8.98],[9.32],[-8.8],[-9.92],[9.8],[9.559999999999999],[-9.42],[9.379999999999999],[9.42],[-9.280000000000001],[10.280000000000001],[-9.66],[9.86],[9.399999999999999],[9.98],[-9.3],[9.44],[10.38],[9.24],[-9.82],[9.62],[-9.16],[9.48],[9.74],[-9.1],[-9.719999999999999],[-9],[10.1],[9.7],[10.22],[-8.82],[10.440000000000001],[9.5],[9.22],[9.84],[-8.74],[9.459999999999999],[-9.74],[-9.32],[9.66],[-9.62],[-9.7],[-9.68]],"nseeds":137,"executions":33528,"nfe":3353300,"gps":[],"lps":[],"fps":[[-0.7000000000000001],[-0.72],[-0.68],[-0.74],[0.66],[-0.76],[0.76],[-0.78],[0.62],[-0.8],[0.6],[0.8200000000000001],[-0.8200000000000001],[-0.8400000000000001],[0.8400000000000001],[0.5800000000000001],[0.56],[-0.56],[0.8799999999999999],[0.54],[-0.8999999999999999],[0.8999999999999999],[-0.52],[0.9199999999999999],[-0.9199999999999999],[0.5],[-0.5],[-0.94],[0.96],[0.98],[-1],[1],[-0.43999999999999995],[0.43999999999999995],[-1.02],[1.02],[0.42000000000000004],[1.08],[-0.38],[0.36],[1.1400000000000001],[0.34],[1.1600000000000001],[1.18],[1.2],[1.22],[-0.3],[1.24],[0.28],[1.26],[1.28],[0.26],[1.32],[1.3800000000000001],[1.4000000000000001],[0.2],[1.46],[1.48],[0.14],[-0.14],[-0.12],[0.12],[0.1],[-0.1],[-0.06],[9.52],[9.94],[10.14],[-9.399999999999999],[9.879999999999999],[9.200000000000001],[-8.78],[-9.98],[10.36],[-8.76],[-9.06],[-8.88],[9.719999999999999],[-8.86],[-9.040000000000001],[-9.26],[-9.34],[-8.84],[9.9],[9.280000000000001],[-9.08],[9.54],[-9.879999999999999],[9.3],[-9.02],[-8.94],[-9.78],[-9.9],[-8.96],[-8.98],[9.32],[-8.8],[-9.92],[9.8],[9.559999999999999],[-9.42],[9.379999999999999],[9.42],[-9.280000000000001],[10.280000000000001],[-9.66],[9.86],[9.399999999999999],[9.98],[-9.3],[9.44],[10.38],[9.24],[-9.82],[9.62],[-9.16],[9.48],[9.74],[-9.1],[-9.719999999999999],[-9],[10.1],[9.7],[10.22],[-8.82],[10.440000000000001],[9.5],[9.22],[9.84],[-8.74],[9.459999999999999],[-9.74],[-9.32],[9.66],[-9.62],[-9.7],[-9.68]],"np":0,"gp":0,"pr":0,"fpr":1,"reason":"statistic"}