{"avgHealth":0.18243808800000047,"seeds":[[-0.7000000000000001],[0.7000000000000001],[0.72],[0.68],[0.74],[-0.74],[0.66],[0.76],[-0.76],[0.64],[0.78],[-0.78],[-0.62],[-0.8],[0.6],[-0.6],[0.8200000000000001],[-0.8400000000000001],[-0.5800000000000001],[-0.8599999999999999],[0.8599999999999999],[-0.56],[-0.8799999999999999],[-0.54],[0.54],[-0.52],[-0.9199999999999999],[-0.5],[-0.94],[0.94],[0.96],[-0.48],[0.98],[-0.98],[-0.45999999999999996],[1],[-1],[1.02],[-1.02],[1.04],[0.42000000000000004],[-0.42000000000000004],[0.4],[1.08],[0.36],[-0.36],[1.1400000000000001],[1.1600000000000001],[1.18],[-0.32],[1.2],[1.22],[-0.3],[-0.28],[0.28],[1.26],[1.32],[1.34],[-0.21999999999999997],[1.3800000000000001],[1.4000000000000001],[-0.2],[1.42],[1.44],[1.46],[-0.14],[0.06],[-9.24],[9.3],[-9.02],[9.98],[-8.9],[-9.5],[-9.26],[9.42],[9.7],[9.48],[10.02],[9.719999999999999],[-9],[-9.64],[10.3],[-9.94],[-9.559999999999999],[9.66],[-9.84],[-9.58],[9.68],[9.24],[9.52],[9.76],[-8.76],[-9.52],[-9.22],[-9.1],[-9.16],[9.379999999999999],[-9.459999999999999],[-9.96],[-8.98],[9.559999999999999],[-9.3],[9.32],[-9.7],[-8.92],[-9.48],[-9.06],[-8.78],[9.44],[9.62],[-8.86],[-9.280000000000001],[-9.120000000000001],[9.5],[-9.719999999999999],[-9.040000000000001],[-10],[9.78],[9.74],[10.42],[-9.379999999999999],[-9.6],[-9.76],[-9.68],[-9.86],[10.14],[10.08],[-9.66],[10.1],[9.92],[-9.54],[-8.8],[9.360000000000001],[9.200000000000001],[-9.08],[-9.42],[9.280000000000001],[-9.18],[-9.44],[10.04],[9.54],[9.399999999999999],[9.34],[9.8],[9.82]],"nseeds":145,"executions":127454,"nfe":12745900,"gps":[],"lps":[],"fps":[[-0.7000000000000001],[0.7000000000000001],[0.72],[0.68],[0.74],[-0.74],[0.66],[0.76],[-0.76],[0.64],[0.78],[-0.78],[-0.62],[-0.8],[0.6],[-0.6],[0.8200000000000001],[-0.8400000000000001],[-0.5800000000000001],[-0.8599999999999999],[0.8599999999999999],[-0.56],[-0.8799999999999999],[-0.54],[0.54],[-0.52],[-0.9199999999999999],[-0.5],[-0.94],[0.94],[0.96],[-0.48],[0.98],[-0.98],[-0.45999999999999996],[1],[-1],[1.02],[-1.02],[1.04],[0.42000000000000004],[-0.42000000000000004],[0.4],[1.08],[0.36],[-0.36],[1.1400000000000001],[1.1600000000000001],[1.18],[-0.32],[1.2],[1.22],[-0.3],[-0.28],[0.28],[1.26],[1.32],[1.34],[-0.21999999999999997],[1.3800000000000001],[1.4000000000000001],[-0.2],[1.42],[1.44],[1.46],[-0.14],[0.06],[-9.24],[9.3],[-9.02],[9.98],[-8.9],[-9.5],[-9.26],[9.42],[9.7],[9.48],[10.02],[9.719999999999999],[-9],[-9.64],[10.3],[-9.94],[-9.559999999999999],[9.66],[-9.84],[-9.58],[9.68],[9.24],[9.52],[9.76],[-8.76],[-9.52],[-9.22],[-9.1],[-9.16],[9.379999999999999],[-9.459999999999999],[-9.96],[-8.98],[9.559999999999999],[-9.3],[9.32],[-9.7],[-8.92],[-9.48],[-9.06],[-8.78],[9.44],[9.62],[-8.86],[-9.280000000000001],[-9.120000000000001],[9.5],[-9.719999999999999],[-9.040000000000001],[-10],[9.78],[9.74],[10.42],[-9.379999999999999],[-9.6],[-9.76],[-9.68],[-9.86],[10.14],[10.08],[-9.66],[10.1],[9.92],[-9.54],[-8.8],[9.360000000000001],[9.200000000000001],[-9.08],[-9.42],[9.280000000000001],[-9.18],[-9.44],[10.04],[9.54],[9.399999999999999],[9.34],[9.8],[9.82]],"np":0,"gp":0,"pr":0,"fpr":1,"reason":"statistic"}