{"avgHealth":0.17795526600000047,"seeds":[[-0.7000000000000001],[0.72],[-0.72],[-0.68],[0.68],[0.74],[-0.74],[-0.66],[0.76],[-0.64],[0.78],[0.62],[-0.8],[0.6],[-0.6],[-0.8200000000000001],[-0.8400000000000001],[-0.5800000000000001],[-0.8599999999999999],[0.56],[-0.56],[0.8799999999999999],[-0.54],[-0.8999999999999999],[0.8999999999999999],[-0.52],[-0.9199999999999999],[-0.94],[0.96],[0.98],[-0.98],[0.45999999999999996],[-0.45999999999999996],[0.43999999999999995],[-1.02],[-1.04],[-0.42000000000000004],[1.06],[-0.4],[1.08],[-0.38],[1.1],[1.12],[0.36],[0.34],[1.1600000000000001],[1.18],[-0.32],[0.32],[1.2],[0.3],[-0.3],[1.28],[-0.26],[0.26],[-0.24],[0.24],[-0.21999999999999997],[0.2],[-0.2],[-0.18],[1.48],[-0.16],[-0.1],[-9.06],[-9.120000000000001],[-9.559999999999999],[-8.96],[-8.92],[-9.14],[-9.16],[9.399999999999999],[9.94],[-9.459999999999999],[9.98],[9.52],[10.46],[9.64],[-9.879999999999999],[-8.94],[9.379999999999999],[-9.8],[9.86],[9.96],[9.58],[-9.82],[10.4],[-9.08],[9.92],[10.38],[9.44],[9.200000000000001],[10.32],[-9.52],[-9.68],[-8.74],[-9.96],[-9.48],[-10],[-9.66],[9.3],[9.26],[-9.1],[-9.76],[-8.78],[10.08],[9.559999999999999],[-9.64],[-9.379999999999999],[-9.62],[9.719999999999999],[-9.5],[9.62],[-8.82],[10.14],[-9.18],[-9.92],[-9.200000000000001],[9.54],[-9.6],[-8.98],[10.18],[-9.360000000000001],[10.02],[-9.280000000000001],[-8.76],[-9.26],[9.68],[-9.78],[9.9],[10.440000000000001],[-9.98],[10.34],[-8.8],[9.42],[-9.9],[0],[-9.86],[-9.399999999999999],[9.360000000000001],[9.5],[9.459999999999999],[9.7],[-8.9]],"nseeds":144,"executions":47244,"nfe":4724900,"gps":[],"lps":[],"fps":[[-0.7000000000000001],[0.72],[-0.72],[-0.68],[0.68],[0.74],[-0.74],[-0.66],[0.76],[-0.64],[0.78],[0.62],[-0.8],[0.6],[-0.6],[-0.8200000000000001],[-0.8400000000000001],[-0.5800000000000001],[-0.8599999999999999],[0.56],[-0.56],[0.8799999999999999],[-0.54],[-0.8999999999999999],[0.8999999999999999],[-0.52],[-0.9199999999999999],[-0.94],[0.96],[0.98],[-0.98],[0.45999999999999996],[-0.45999999999999996],[0.43999999999999995],[-1.02],[-1.04],[-0.42000000000000004],[1.06],[-0.4],[1.08],[-0.38],[1.1],[1.12],[0.36],[0.34],[1.1600000000000001],[1.18],[-0.32],[0.32],[1.2],[0.3],[-0.3],[1.28],[-0.26],[0.26],[-0.24],[0.24],[-0.21999999999999997],[0.2],[-0.2],[-0.18],[1.48],[-0.16],[-0.1],[-9.06],[-9.120000000000001],[-9.559999999999999],[-8.96],[-8.92],[-9.14],[-9.16],[9.399999999999999],[9.94],[-9.459999999999999],[9.98],[9.52],[10.46],[9.64],[-9.879999999999999],[-8.94],[9.379999999999999],[-9.8],[9.86],[9.96],[9.58],[-9.82],[10.4],[-9.08],[9.92],[10.38],[9.44],[9.200000000000001],[10.32],[-9.52],[-9.68],[-8.74],[-9.96],[-9.48],[-10],[-9.66],[9.3],[9.26],[-9.1],[-9.76],[-8.78],[10.08],[9.559999999999999],[-9.64],[-9.379999999999999],[-9.62],[9.719999999999999],[-9.5],[9.62],[-8.82],[10.14],[-9.18],[-9.92],[-9.200000000000001],[9.54],[-9.6],[-8.98],[10.18],[-9.360000000000001],[10.02],[-9.280000000000001],[-8.76],[-9.26],[9.68],[-9.78],[9.9],[10.440000000000001],[-9.98],[10.34],[-8.8],[9.42],[-9.9],[0],[-9.86],[-9.399999999999999],[9.360000000000001],[9.5],[9.459999999999999],[9.7],[-8.9]],"np":0,"gp":0,"pr":0,"fpr":1,"reason":"statistic"}