{"avgHealth":0.20126224000000004,"seeds":[[0.7000000000000001],[0.68],[-0.74],[0.74],[0.76],[-0.76],[-0.64],[0.64],[-0.78],[0.78],[-0.8],[-0.6],[0.6],[-0.8200000000000001],[0.8200000000000001],[-0.5800000000000001],[0.5800000000000001],[0.8599999999999999],[-0.8599999999999999],[0.56],[0.8799999999999999],[-0.8799999999999999],[0.54],[-0.54],[0.52],[0.9199999999999999],[0.5],[-0.5],[0.94],[0.96],[-0.96],[-0.48],[0.48],[-0.45999999999999996],[0.45999999999999996],[1],[-1],[1.02],[1.04],[-1.04],[-0.42000000000000004],[0.42000000000000004],[1.06],[-0.4],[0.4],[0.38],[1.1],[-0.36],[0.36],[0.34],[1.18],[0.32],[-0.32],[-0.3],[1.24],[-0.26],[0.24],[0.21999999999999997],[-0.21999999999999997],[1.3800000000000001],[-0.18],[0.18],[0.14],[-0.14],[0.12],[-0.1],[0.1],[0.08],[-0.06],[-0.04],[0.04],[-0.02],[-9.200000000000001],[-9.18],[10.4],[-9.14],[-9],[10.04],[-9.64],[-9.9],[-9.02],[-9.879999999999999],[-9.86],[9.78],[9.6],[-9.1],[-9.280000000000001],[-9.120000000000001],[-8.98],[-9.3],[-9.78],[-9.379999999999999],[-9.16],[-9.34],[-9.22],[-9.74],[-9.360000000000001],[0],[-9.399999999999999],[-9.48],[-9.7],[-9.719999999999999],[10.34],[9.32],[9.64],[9.98],[-9.82],[10.18],[9.66],[-9.26],[9.84],[-9.08],[-9.66],[10.280000000000001],[-9.76],[-9.06],[-9.68],[-9.32],[-9.24],[-8.92],[-9.459999999999999],[9.74],[10.24],[-10],[9.94],[10.32],[9.9],[-8.78],[10.2],[9.52],[9.44],[-8.96],[-9.84],[-9.040000000000001],[10.440000000000001],[9.360000000000001]],"nseeds":136,"executions":40522,"nfe":4052700,"gps":[],"lps":[],"fps":[[0.7000000000000001],[0.68],[-0.74],[0.74],[0.76],[-0.76],[-0.64],[0.64],[-0.78],[0.78],[-0.8],[-0.6],[0.6],[-0.8200000000000001],[0.8200000000000001],[-0.5800000000000001],[0.5800000000000001],[0.8599999999999999],[-0.8599999999999999],[0.56],[0.8799999999999999],[-0.8799999999999999],[0.54],[-0.54],[0.52],[0.9199999999999999],[0.5],[-0.5],[0.94],[0.96],[-0.96],[-0.48],[0.48],[-0.45999999999999996],[0.45999999999999996],[1],[-1],[1.02],[1.04],[-1.04],[-0.42000000000000004],[0.42000000000000004],[1.06],[-0.4],[0.4],[0.38],[1.1],[-0.36],[0.36],[0.34],[1.18],[0.32],[-0.32],[-0.3],[1.24],[-0.26],[0.24],[0.21999999999999997],[-0.21999999999999997],[1.3800000000000001],[-0.18],[0.18],[0.14],[-0.14],[0.12],[-0.1],[0.1],[0.08],[-0.06],[-0.04],[0.04],[-0.02],[-9.200000000000001],[-9.18],[10.4],[-9.14],[-9],[10.04],[-9.64],[-9.9],[-9.02],[-9.879999999999999],[-9.86],[9.78],[9.6],[-9.1],[-9.280000000000001],[-9.120000000000001],[-8.98],[-9.3],[-9.78],[-9.379999999999999],[-9.16],[-9.34],[-9.22],[-9.74],[-9.360000000000001],[0],[-9.399999999999999],[-9.48],[-9.7],[-9.719999999999999],[10.34],[9.32],[9.64],[9.98],[-9.82],[10.18],[9.66],[-9.26],[9.84],[-9.08],[-9.66],[10.280000000000001],[-9.76],[-9.06],[-9.68],[-9.32],[-9.24],[-8.92],[-9.459999999999999],[9.74],[10.24],[-10],[9.94],[10.32],[9.9],[-8.78],[10.2],[9.52],[9.44],[-8.96],[-9.84],[-9.040000000000001],[10.440000000000001],[9.360000000000001]],"np":0,"gp":0,"pr":0,"fpr":1,"reason":"statistic"}