{"avgHealth":0.2019042000000002,"seeds":[[-0.7000000000000001],[0.72],[-0.72],[0.68],[-0.68],[0.74],[-0.66],[0.66],[-0.76],[-0.64],[-0.78],[0.78],[-0.62],[-0.8],[0.6],[-0.6],[0.8200000000000001],[-0.8200000000000001],[-0.8400000000000001],[0.8400000000000001],[0.5800000000000001],[-0.5800000000000001],[0.8599999999999999],[-0.8599999999999999],[0.56],[-0.56],[-0.8799999999999999],[-0.54],[0.54],[-0.8999999999999999],[0.52],[-0.52],[0.9199999999999999],[-0.9199999999999999],[0.5],[0.94],[-0.94],[-0.96],[0.96],[0.48],[0.98],[-0.45999999999999996],[1],[-0.43999999999999995],[0.43999999999999995],[1.02],[-0.42000000000000004],[0.4],[-0.4],[1.08],[0.38],[-0.38],[1.12],[-0.36],[0.36],[1.1400000000000001],[-0.34],[1.2],[1.24],[-0.28],[1.3],[1.32],[-0.21999999999999997],[0.21999999999999997],[-0.2],[0.18],[0.12],[-0.1],[0.1],[0.08],[-0.08],[0.06],[-0.04],[0.02],[-0.02],[10],[9.98],[-9.16],[-8.9],[9.58],[10.04],[-9.1],[-9.14],[-9.280000000000001],[9.96],[9.7],[9.52],[10.2],[9.879999999999999],[10.14],[10.02],[9.9],[10.1],[10.32],[9.399999999999999],[9.719999999999999],[-9.200000000000001],[-9.18],[9.62],[-9.5],[-9.58],[10.16],[9.64],[9.68],[-9.68],[9.559999999999999],[9.78],[9.459999999999999],[-9.66],[10.22],[-9.22],[-8.82],[-9.74],[-9.32],[-9.76],[-9.86],[-9.42],[-9],[-9.24],[10.34],[9.66],[9.86],[9.84],[-9.360000000000001],[-9.78],[-8.98],[-8.88],[-9.3],[10.38],[-9.64],[9.360000000000001],[-9.379999999999999],[9.280000000000001],[-9.719999999999999],[10.26],[10.36],[-9.62],[-9.120000000000001],[-9.559999999999999],[10.4],[9.5],[9.34]],"nseeds":142,"executions":14829,"nfe":1483400,"gps":[],"lps":[],"fps":[[-0.7000000000000001],[0.72],[-0.72],[0.68],[-0.68],[0.74],[-0.66],[0.66],[-0.76],[-0.64],[-0.78],[0.78],[-0.62],[-0.8],[0.6],[-0.6],[0.8200000000000001],[-0.8200000000000001],[-0.8400000000000001],[0.8400000000000001],[0.5800000000000001],[-0.5800000000000001],[0.8599999999999999],[-0.8599999999999999],[0.56],[-0.56],[-0.8799999999999999],[-0.54],[0.54],[-0.8999999999999999],[0.52],[-0.52],[0.9199999999999999],[-0.9199999999999999],[0.5],[0.94],[-0.94],[-0.96],[0.96],[0.48],[0.98],[-0.45999999999999996],[1],[-0.43999999999999995],[0.43999999999999995],[1.02],[-0.42000000000000004],[0.4],[-0.4],[1.08],[0.38],[-0.38],[1.12],[-0.36],[0.36],[1.1400000000000001],[-0.34],[1.2],[1.24],[-0.28],[1.3],[1.32],[-0.21999999999999997],[0.21999999999999997],[-0.2],[0.18],[0.12],[-0.1],[0.1],[0.08],[-0.08],[0.06],[-0.04],[0.02],[-0.02],[10],[9.98],[-9.16],[-8.9],[9.58],[10.04],[-9.1],[-9.14],[-9.280000000000001],[9.96],[9.7],[9.52],[10.2],[9.879999999999999],[10.14],[10.02],[9.9],[10.1],[10.32],[9.399999999999999],[9.719999999999999],[-9.200000000000001],[-9.18],[9.62],[-9.5],[-9.58],[10.16],[9.64],[9.68],[-9.68],[9.559999999999999],[9.78],[9.459999999999999],[-9.66],[10.22],[-9.22],[-8.82],[-9.74],[-9.32],[-9.76],[-9.86],[-9.42],[-9],[-9.24],[10.34],[9.66],[9.86],[9.84],[-9.360000000000001],[-9.78],[-8.98],[-8.88],[-9.3],[10.38],[-9.64],[9.360000000000001],[-9.379999999999999],[9.280000000000001],[-9.719999999999999],[10.26],[10.36],[-9.62],[-9.120000000000001],[-9.559999999999999],[10.4],[9.5],[9.34]],"np":0,"gp":0,"pr":0,"fpr":1,"reason":"statistic"}