{"avgHealth":0.2076568260000003,"seeds":[[-0.7000000000000001],[0.7000000000000001],[-0.72],[0.72],[0.74],[-0.74],[-0.76],[-0.6],[0.8400000000000001],[-0.5800000000000001],[0.5800000000000001],[0.8599999999999999],[-0.56],[0.56],[0.8799999999999999],[-0.8799999999999999],[0.54],[-0.54],[0.8999999999999999],[-0.8999999999999999],[0.52],[-0.9199999999999999],[1],[-0.43999999999999995],[-1.02],[1.02],[1.04],[-1.04],[-0.42000000000000004],[1.06],[-0.4],[0.4],[0.38],[-0.38],[0.36],[1.1600000000000001],[1.18],[1.2],[1.22],[-0.28],[0.26],[-0.26],[-0.24],[0.24],[1.34],[1.36],[-0.21999999999999997],[0.21999999999999997],[0.2],[1.48],[1.5],[-0.12],[0.08],[-0.08],[-0.06],[0.04],[9.48],[10],[10.18],[-9.399999999999999],[9.7],[10.440000000000001],[10.120000000000001],[9.84],[10.32],[9.54],[9.86],[-9.24],[9.52],[10.46],[9.8],[9.68],[9.96],[9.82],[9.360000000000001],[9.34],[9.66],[10.02],[10.16],[10.14],[-9.200000000000001],[9.32],[10.280000000000001],[-9.08],[10.34],[10.3],[9.98],[-9.54],[-9.719999999999999],[-9.22],[9.22],[-9.86],[9.5]],"nseeds":93,"executions":199996,"nfe":20000100,"gps":[],"lps":[],"fps":[[-0.7000000000000001],[0.7000000000000001],[-0.72],[0.72],[0.74],[-0.74],[-0.76],[-0.6],[0.8400000000000001],[-0.5800000000000001],[0.5800000000000001],[0.8599999999999999],[-0.56],[0.56],[0.8799999999999999],[-0.8799999999999999],[0.54],[-0.54],[0.8999999999999999],[-0.8999999999999999],[0.52],[-0.9199999999999999],[1],[-0.43999999999999995],[-1.02],[1.02],[1.04],[-1.04],[-0.42000000000000004],[1.06],[-0.4],[0.4],[0.38],[-0.38],[0.36],[1.1600000000000001],[1.18],[1.2],[1.22],[-0.28],[0.26],[-0.26],[-0.24],[0.24],[1.34],[1.36],[-0.21999999999999997],[0.21999999999999997],[0.2],[1.48],[1.5],[-0.12],[0.08],[-0.08],[-0.06],[0.04],[9.48],[10],[10.18],[-9.399999999999999],[9.7],[10.440000000000001],[10.120000000000001],[9.84],[10.32],[9.54],[9.86],[-9.24],[9.52],[10.46],[9.8],[9.68],[9.96],[9.82],[9.360000000000001],[9.34],[9.66],[10.02],[10.16],[10.14],[-9.200000000000001],[9.32],[10.280000000000001],[-9.08],[10.34],[10.3],[9.98],[-9.54],[-9.719999999999999],[-9.22],[9.22],[-9.86],[9.5]],"np":0,"gp":0,"pr":0,"fpr":1,"reason":"executions"}