{"avgHealth":0.17131892200000032,"seeds":[[0.7000000000000001],[0.68],[-0.68],[0.74],[0.66],[-0.66],[-0.76],[0.76],[-0.78],[0.8],[-0.8],[0.6],[-0.6],[0.8200000000000001],[-0.8200000000000001],[0.8400000000000001],[-0.8400000000000001],[-0.5800000000000001],[0.5800000000000001],[-0.8599999999999999],[0.8599999999999999],[-0.56],[0.8799999999999999],[-0.8799999999999999],[-0.54],[0.54],[-0.8999999999999999],[0.8999999999999999],[0.52],[0.9199999999999999],[-0.9199999999999999],[0.5],[-0.94],[0.98],[-0.45999999999999996],[1],[-1],[-0.43999999999999995],[0.43999999999999995],[1.02],[-1.02],[0.42000000000000004],[-0.42000000000000004],[0.4],[-0.4],[-0.38],[0.38],[-0.36],[0.36],[0.34],[1.2],[1.22],[0.3],[1.24],[0.28],[-0.28],[1.26],[0.26],[0.24],[1.36],[-0.21999999999999997],[1.3800000000000001],[1.44],[1.46],[0.1],[-0.08],[0.06],[-0.06],[0.04],[-8.78],[-9.399999999999999],[9.879999999999999],[-8.9],[-8.88],[-9.96],[-9.42],[-9.84],[-9.379999999999999],[10.18],[9.26],[10.26],[-9.22],[9.82],[-9.3],[-8.86],[-8.94],[9.42],[-9.64],[-9.5],[9.48],[9.84],[-9.24],[-9],[10.42],[-9.040000000000001],[-8.8],[10.16],[10.280000000000001],[-9.52],[9.5],[-9.360000000000001],[10.04],[9.22],[9.459999999999999],[-9.719999999999999],[-9.32],[10.02],[-9.120000000000001],[-10],[9.360000000000001],[9.399999999999999],[9.96],[-9.02],[-9.48],[-9.76],[-9.08],[-9.94],[10],[-9.459999999999999],[-8.96],[-9.44],[-8.92],[10.14],[9.200000000000001],[9.32],[9.44],[9.34],[9.3],[10.36],[9.74],[9.52],[-8.84],[-9.54],[-9.82],[-8.74],[9.58],[10.06],[-9.879999999999999],[9.8],[-9.16]],"nseeds":140,"executions":4624,"nfe":462900,"gps":[],"lps":[],"fps":[[0.7000000000000001],[0.68],[-0.68],[0.74],[0.66],[-0.66],[-0.76],[0.76],[-0.78],[0.8],[-0.8],[0.6],[-0.6],[0.8200000000000001],[-0.8200000000000001],[0.8400000000000001],[-0.8400000000000001],[-0.5800000000000001],[0.5800000000000001],[-0.8599999999999999],[0.8599999999999999],[-0.56],[0.8799999999999999],[-0.8799999999999999],[-0.54],[0.54],[-0.8999999999999999],[0.8999999999999999],[0.52],[0.9199999999999999],[-0.9199999999999999],[0.5],[-0.94],[0.98],[-0.45999999999999996],[1],[-1],[-0.43999999999999995],[0.43999999999999995],[1.02],[-1.02],[0.42000000000000004],[-0.42000000000000004],[0.4],[-0.4],[-0.38],[0.38],[-0.36],[0.36],[0.34],[1.2],[1.22],[0.3],[1.24],[0.28],[-0.28],[1.26],[0.26],[0.24],[1.36],[-0.21999999999999997],[1.3800000000000001],[1.44],[1.46],[0.1],[-0.08],[0.06],[-0.06],[0.04],[-8.78],[-9.399999999999999],[9.879999999999999],[-8.9],[-8.88],[-9.96],[-9.42],[-9.84],[-9.379999999999999],[10.18],[9.26],[10.26],[-9.22],[9.82],[-9.3],[-8.86],[-8.94],[9.42],[-9.64],[-9.5],[9.48],[9.84],[-9.24],[-9],[10.42],[-9.040000000000001],[-8.8],[10.16],[10.280000000000001],[-9.52],[9.5],[-9.360000000000001],[10.04],[9.22],[9.459999999999999],[-9.719999999999999],[-9.32],[10.02],[-9.120000000000001],[-10],[9.360000000000001],[9.399999999999999],[9.96],[-9.02],[-9.48],[-9.76],[-9.08],[-9.94],[10],[-9.459999999999999],[-8.96],[-9.44],[-8.92],[10.14],[9.200000000000001],[9.32],[9.44],[9.34],[9.3],[10.36],[9.74],[9.52],[-8.84],[-9.54],[-9.82],[-8.74],[9.58],[10.06],[-9.879999999999999],[9.8],[-9.16]],"np":0,"gp":0,"pr":0,"fpr":1,"reason":"statistic"}