{"avgHealth":0.16879838800000035,"seeds":[[0.7000000000000001],[-0.7000000000000001],[0.68],[0.74],[-0.74],[0.66],[-0.66],[0.76],[-0.76],[0.64],[0.78],[-0.78],[0.62],[-0.8],[0.8],[0.8400000000000001],[0.5800000000000001],[0.8599999999999999],[0.8799999999999999],[-0.54],[0.8999999999999999],[-0.8999999999999999],[-0.52],[0.52],[-0.9199999999999999],[0.9199999999999999],[-0.5],[-0.94],[0.96],[-0.48],[0.48],[0.98],[-0.98],[0.45999999999999996],[1],[-0.43999999999999995],[0.43999999999999995],[-0.42000000000000004],[-0.4],[1.08],[1.12],[0.36],[0.34],[-0.34],[1.1600000000000001],[0.32],[1.22],[0.3],[1.24],[0.28],[-0.28],[1.26],[0.26],[1.32],[-0.24],[-0.21999999999999997],[0.21999999999999997],[1.4000000000000001],[-0.2],[0.2],[1.44],[0.18],[1.48],[0.16],[-0.16],[0.14],[-0.12],[0.12],[0.1],[-0.1],[0.08],[-0.06],[0.02],[9.86],[9.54],[-9.26],[-9.34],[10.08],[9.44],[-9.22],[10.04],[-9],[-9.58],[9.78],[9.48],[-9.94],[-9.66],[-8.8],[10.4],[-9.02],[-9.54],[-8.88],[-8.84],[10.42],[9.58],[-9.92],[10.440000000000001],[-8.98],[10.36],[-8.94],[-9.68],[10.1],[-9.459999999999999],[-9.040000000000001],[-8.9],[10.26],[10.120000000000001],[-9.360000000000001],[9.719999999999999],[10.32],[10.38],[9.74],[9.5],[-8.74],[-9.399999999999999],[9.94],[9.76],[10],[10.34],[9.8],[9.68],[9.7],[10.02],[9.32],[0],[10.18],[10.16],[-8.82],[9.84],[9.280000000000001],[-8.92],[-8.78],[9.62],[9.92],[10.14],[9.9],[9.399999999999999],[9.82],[-9.879999999999999]],"nseeds":139,"executions":16189,"nfe":1619400,"gps":[],"lps":[],"fps":[[0.7000000000000001],[-0.7000000000000001],[0.68],[0.74],[-0.74],[0.66],[-0.66],[0.76],[-0.76],[0.64],[0.78],[-0.78],[0.62],[-0.8],[0.8],[0.8400000000000001],[0.5800000000000001],[0.8599999999999999],[0.8799999999999999],[-0.54],[0.8999999999999999],[-0.8999999999999999],[-0.52],[0.52],[-0.9199999999999999],[0.9199999999999999],[-0.5],[-0.94],[0.96],[-0.48],[0.48],[0.98],[-0.98],[0.45999999999999996],[1],[-0.43999999999999995],[0.43999999999999995],[-0.42000000000000004],[-0.4],[1.08],[1.12],[0.36],[0.34],[-0.34],[1.1600000000000001],[0.32],[1.22],[0.3],[1.24],[0.28],[-0.28],[1.26],[0.26],[1.32],[-0.24],[-0.21999999999999997],[0.21999999999999997],[1.4000000000000001],[-0.2],[0.2],[1.44],[0.18],[1.48],[0.16],[-0.16],[0.14],[-0.12],[0.12],[0.1],[-0.1],[0.08],[-0.06],[0.02],[9.86],[9.54],[-9.26],[-9.34],[10.08],[9.44],[-9.22],[10.04],[-9],[-9.58],[9.78],[9.48],[-9.94],[-9.66],[-8.8],[10.4],[-9.02],[-9.54],[-8.88],[-8.84],[10.42],[9.58],[-9.92],[10.440000000000001],[-8.98],[10.36],[-8.94],[-9.68],[10.1],[-9.459999999999999],[-9.040000000000001],[-8.9],[10.26],[10.120000000000001],[-9.360000000000001],[9.719999999999999],[10.32],[10.38],[9.74],[9.5],[-8.74],[-9.399999999999999],[9.94],[9.76],[10],[10.34],[9.8],[9.68],[9.7],[10.02],[9.32],[0],[10.18],[10.16],[-8.82],[9.84],[9.280000000000001],[-8.92],[-8.78],[9.62],[9.92],[10.14],[9.9],[9.399999999999999],[9.82],[-9.879999999999999]],"np":0,"gp":0,"pr":0,"fpr":1,"reason":"statistic"}