{"avgHealth":-10.167506328148207,"seeds":[[0,-7.5],[0,-2.5],[0,2.5],[0,7.5],[0,-2.62],[0.46000000000000085,7.5],[-0.16000000000000014,-2.08],[6.599999999999998,-2.0599999999999996],[-0.09999999999999964,8],[0.16000000000000014,-2],[5.860000000000001,-7.52],[5.720000000000001,-2.54],[0.03999999999999915,6.739999999999998],[5.9,3.040000000000001],[7.600000000000001,7.940000000000001],[5.540000000000001,-1.92],[5.380000000000001,8.16],[8.260000000000002,7.920000000000002],[-1.6600000000000001,8.080000000000002],[-2,-7.5],[-1.9800000000000004,2.960000000000001],[-0.16000000000000014,9.119999999999997],[5.52,8.720000000000002],[7.82,8.740000000000002],[-1.9800000000000004,8.080000000000002],[-0.09999999999999964,-9.3],[0.1999999999999993,-9.36],[9.16,-7.62],[-0.09999999999999964,0.5600000000000005],[6.66,9.600000000000001],[2.880000000000001,-2.5],[2.880000000000001,-2.4000000000000004],[0.14000000000000057,-5.2],[3.0199999999999996,-7.68],[9.82,-2.54],[3.4400000000000013,-2.54],[10,-7.5],[10,2.5],[10,-2.5],[0.019999999999999574,10],[10,2.5199999999999996],[0.03999999999999915,10],[0.0600000000000005,10],[6.559999999999999,10],[10,-7.42],[10,-7.62],[10,-7.68],[6.960000000000001,0],[10,7.740000000000002],[7.039999999999999,-0.120000000000001],[7.879999999999999,-9.14],[10,-2.16],[10,7.940000000000001],[5.540000000000001,-9.3],[5.760000000000002,9.5],[-9.54,8.080000000000002],[10,8],[9.899999999999999,-1.9800000000000004],[10,3.0199999999999996],[3.66,8.080000000000002],[3.0199999999999996,8.080000000000002],[0.7800000000000011,5.24],[10,8.080000000000002],[-7.48,0.16000000000000014],[0.9800000000000004,-9.6],[-1.9800000000000004,8.740000000000002],[-1.9800000000000004,6.240000000000002],[5.540000000000001,-0.5],[10,8.260000000000002],[5.540000000000001,-9.66],[5.5600000000000005,4.74],[10,-1.700000000000001],[5.440000000000001,-9.6],[8.260000000000002,9.219999999999999],[10,8.34],[5.540000000000001,0.0600000000000005],[5.440000000000001,0.22000000000000064],[-1.4000000000000004,-9.52],[-2.74,8.54],[5.440000000000001,-9.94],[-1.4000000000000004,-9.6],[-8.16,-0.5],[8.02,10],[10,8.54],[-1.4800000000000004,9.84],[-1.5,0.0600000000000005],[8.400000000000002,0.5400000000000009],[-1.5199999999999996,10],[-8.54,5.66],[-8.2,10],[-1.6600000000000001,0.2400000000000002],[-8.76,9.259999999999998],[-1.6600000000000001,10],[8.36,-10],[-1.9800000000000004,5.42],[-1.92,-5.300000000000001],[-1.92,-5.2],[-1.8999999999999986,10],[-1.9800000000000004,0.22000000000000064],[1.9399999999999995,10],[-2.24,0.5800000000000001],[-8.72,-9.66],[-1.959999999999999,-9.92],[-1.9800000000000004,9.920000000000002],[-1.9800000000000004,10],[8.68,0.0600000000000005],[10,5.98],[-8.72,0.16000000000000014],[-8.72,-0.08000000000000007],[-8.76,10],[-2.24,0.3000000000000007],[2.4399999999999995,-0.5],[9.16,0.5199999999999996],[9.16,0.4400000000000013],[10,-5.78],[10,-5.76],[2.3599999999999994,-9.82],[10,-5.72],[9.099999999999998,-5.2],[9.16,-5.300000000000001],[9.98,5.66],[10,5.66],[-2.4800000000000004,10],[10,-9.38],[9.54,-9.52],[10,-0.5],[-2.7200000000000006,10],[10,5.42],[10,-0.40000000000000036],[10,-9.6],[2.9000000000000004,9.82],[3.16,9.68],[10,5.34],[3.0199999999999996,-9.76],[10,9.68],[10,0.3200000000000003],[3.740000000000002,-0.019999999999999574],[3.7200000000000006,10],[10,0.2599999999999998],[9.899999999999999,-5.24],[3.66,10],[10,0.22000000000000064],[9.899999999999999,-5.2],[10,-0.17999999999999972],[10,9.82],[10,9.84],[10,-5.140000000000001],[-9.82,9.98],[9.86,10],[10,9.920000000000002],[9.899999999999999,10],[10,-5.0600000000000005],[9.940000000000001,10],[10,-4.98],[9.98,10],[-9.98,10],[10,10],[10,0]],"nseeds":158,"executions":2329,"nfe":233400,"gps":[],"lps":[],"fps":[[0,-7.5],[0,-2.5],[0,2.5],[0,7.5],[0,-2.62],[0.46000000000000085,7.5],[-0.16000000000000014,-2.08],[6.599999999999998,-2.0599999999999996],[-0.09999999999999964,8],[0.16000000000000014,-2],[5.860000000000001,-7.52],[5.720000000000001,-2.54],[0.03999999999999915,6.739999999999998],[5.9,3.040000000000001],[7.600000000000001,7.940000000000001],[5.540000000000001,-1.92],[5.380000000000001,8.16],[8.260000000000002,7.920000000000002],[-1.6600000000000001,8.080000000000002],[-2,-7.5],[-1.9800000000000004,2.960000000000001],[-0.16000000000000014,9.119999999999997],[5.52,8.720000000000002],[7.82,8.740000000000002],[-1.9800000000000004,8.080000000000002],[-0.09999999999999964,-9.3],[0.1999999999999993,-9.36],[9.16,-7.62],[-0.09999999999999964,0.5600000000000005],[6.66,9.600000000000001],[2.880000000000001,-2.5],[2.880000000000001,-2.4000000000000004],[0.14000000000000057,-5.2],[3.0199999999999996,-7.68],[9.82,-2.54],[3.4400000000000013,-2.54],[10,-7.5],[10,2.5],[10,-2.5],[0.019999999999999574,10],[10,2.5199999999999996],[0.03999999999999915,10],[0.0600000000000005,10],[6.559999999999999,10],[10,-7.42],[10,-7.62],[10,-7.68],[6.960000000000001,0],[10,7.740000000000002],[7.039999999999999,-0.120000000000001],[7.879999999999999,-9.14],[10,-2.16],[10,7.940000000000001],[5.540000000000001,-9.3],[5.760000000000002,9.5],[-9.54,8.080000000000002],[10,8],[9.899999999999999,-1.9800000000000004],[10,3.0199999999999996],[3.66,8.080000000000002],[3.0199999999999996,8.080000000000002],[0.7800000000000011,5.24],[10,8.080000000000002],[-7.48,0.16000000000000014],[0.9800000000000004,-9.6],[-1.9800000000000004,8.740000000000002],[-1.9800000000000004,6.240000000000002],[5.540000000000001,-0.5],[10,8.260000000000002],[5.540000000000001,-9.66],[5.5600000000000005,4.74],[10,-1.700000000000001],[5.440000000000001,-9.6],[8.260000000000002,9.219999999999999],[10,8.34],[5.540000000000001,0.0600000000000005],[5.440000000000001,0.22000000000000064],[-1.4000000000000004,-9.52],[-2.74,8.54],[5.440000000000001,-9.94],[-1.4000000000000004,-9.6],[-8.16,-0.5],[8.02,10],[10,8.54],[-1.4800000000000004,9.84],[-1.5,0.0600000000000005],[8.400000000000002,0.5400000000000009],[-1.5199999999999996,10],[-8.54,5.66],[-8.2,10],[-1.6600000000000001,0.2400000000000002],[-8.76,9.259999999999998],[-1.6600000000000001,10],[8.36,-10],[-1.9800000000000004,5.42],[-1.92,-5.300000000000001],[-1.92,-5.2],[-1.8999999999999986,10],[-1.9800000000000004,0.22000000000000064],[1.9399999999999995,10],[-2.24,0.5800000000000001],[-8.72,-9.66],[-1.959999999999999,-9.92],[-1.9800000000000004,9.920000000000002],[-1.9800000000000004,10],[8.68,0.0600000000000005],[10,5.98],[-8.72,0.16000000000000014],[-8.72,-0.08000000000000007],[-8.76,10],[-2.24,0.3000000000000007],[2.4399999999999995,-0.5],[9.16,0.5199999999999996],[9.16,0.4400000000000013],[10,-5.78],[10,-5.76],[2.3599999999999994,-9.82],[10,-5.72],[9.099999999999998,-5.2],[9.16,-5.300000000000001],[9.98,5.66],[10,5.66],[-2.4800000000000004,10],[10,-9.38],[9.54,-9.52],[10,-0.5],[-2.7200000000000006,10],[10,5.42],[10,-0.40000000000000036],[10,-9.6],[2.9000000000000004,9.82],[3.16,9.68],[10,5.34],[3.0199999999999996,-9.76],[10,9.68],[10,0.3200000000000003],[3.740000000000002,-0.019999999999999574],[3.7200000000000006,10],[10,0.2599999999999998],[9.899999999999999,-5.24],[3.66,10],[10,0.22000000000000064],[9.899999999999999,-5.2],[10,-0.17999999999999972],[10,9.82],[10,9.84],[10,-5.140000000000001],[-9.82,9.98],[9.86,10],[10,9.920000000000002],[9.899999999999999,10],[10,-5.0600000000000005],[9.940000000000001,10],[10,-4.98],[9.98,10],[-9.98,10],[10,10],[10,0]],"np":0,"gp":0,"pr":0,"gpr":0,"fpr":1,"reason":"time"}