{"avgHealth":0.6786905650239601,"seeds":[[4.111000000000001],[7.70875],[2.19025],[7.68925],[7.72825],[1.1665],[4.1305],[7.6697500000000005],[4.0915],[7.74775],[0.6205],[7.65025],[2.20975],[7.76725],[4.15],[4.072],[7.63075],[2.17075],[7.7867500000000005],[7.61125],[7.80625],[1.186],[4.1695],[0.33775],[4.0525],[7.59175],[7.82575],[2.2292500000000004],[7.57225],[7.84525],[4.189],[4.0329999999999995],[2.15125],[1.147],[7.55275],[7.86475],[7.53325],[7.884250000000001],[4.208500000000001],[4.0135000000000005],[0.64],[7.51375],[7.9037500000000005],[7.92325],[7.49425],[4.228],[2.1317500000000003],[3.994],[2.2584999999999997],[1.2055],[7.94275],[7.47475],[4.2475],[7.96225],[7.4552499999999995],[3.9745],[7.981750000000001],[7.43575],[1.1275],[8.00125],[0.601],[7.406499999999999],[3.94525],[7.387],[8.04025],[7.3675],[0.31825000000000003],[4.306],[2.2975],[8.07925],[7.348],[8.09875],[3.90625],[7.31875],[8.11825],[1.23475],[8.13775],[1.108],[7.289499999999999],[3.88675],[4.3645],[7.2505],[8.206],[3.8575],[4.3839999999999995],[8.2255],[2.34625],[8.245],[7.20175],[0.35725],[0.5815],[1.0884999999999998],[7.153],[4.4327499999999995],[2.36575],[3.80875],[1.264],[7.1335],[8.3425],[7.114],[2.38525],[4.49125],[3.76],[2.005],[1.069],[4.51075],[8.4595],[3.7405],[7.006749999999999],[4.53025],[1.29325],[4.5595],[0.29875],[8.596],[3.67225],[1.31275],[3.6527499999999997],[6.841],[8.68375],[4.6375],[8.70325],[0.37675000000000003],[8.74225],[8.7715],[1.33225],[4.696],[6.7435],[8.83975],[3.5650000000000004],[2.5315000000000003],[1.35175],[6.665500000000001],[8.9275],[6.646],[8.97625],[8.995750000000001],[1.00075],[2.5705],[9.03475],[6.53875],[1.381],[2.59],[6.51925],[6.499750000000001],[6.48025],[4.9105],[6.4510000000000005],[0.9714999999999999],[2.6485],[9.3175],[9.337],[4.9885],[9.376000000000001],[5.008],[6.32425],[3.36025],[6.295],[5.047],[0.952],[6.256],[2.707],[5.086],[6.22675],[3.32125],[2.7265],[3.30175],[5.125],[0.41575],[5.1445],[6.10975],[1.4785],[3.22375],[6.0415],[2.8045],[5.27125],[5.983],[5.32975],[10],[2.863],[0.47425],[5.8465],[2.902],[2.9215],[5.48575],[0.445],[0.835],[5.758749999999999],[0.874],[3.04825],[3.0287499999999996],[5.60275],[5.632000000000001]],"nseeds":192,"executions":1975,"nfe":198000,"gps":[],"lps":[],"fps":[[4.111000000000001],[7.70875],[2.19025],[7.68925],[7.72825],[1.1665],[4.1305],[7.6697500000000005],[4.0915],[7.74775],[0.6205],[7.65025],[2.20975],[7.76725],[4.15],[4.072],[7.63075],[2.17075],[7.7867500000000005],[7.61125],[7.80625],[1.186],[4.1695],[0.33775],[4.0525],[7.59175],[7.82575],[2.2292500000000004],[7.57225],[7.84525],[4.189],[4.0329999999999995],[2.15125],[1.147],[7.55275],[7.86475],[7.53325],[7.884250000000001],[4.208500000000001],[4.0135000000000005],[0.64],[7.51375],[7.9037500000000005],[7.92325],[7.49425],[4.228],[2.1317500000000003],[3.994],[2.2584999999999997],[1.2055],[7.94275],[7.47475],[4.2475],[7.96225],[7.4552499999999995],[3.9745],[7.981750000000001],[7.43575],[1.1275],[8.00125],[0.601],[7.406499999999999],[3.94525],[7.387],[8.04025],[7.3675],[0.31825000000000003],[4.306],[2.2975],[8.07925],[7.348],[8.09875],[3.90625],[7.31875],[8.11825],[1.23475],[8.13775],[1.108],[7.289499999999999],[3.88675],[4.3645],[7.2505],[8.206],[3.8575],[4.3839999999999995],[8.2255],[2.34625],[8.245],[7.20175],[0.35725],[0.5815],[1.0884999999999998],[7.153],[4.4327499999999995],[2.36575],[3.80875],[1.264],[7.1335],[8.3425],[7.114],[2.38525],[4.49125],[3.76],[2.005],[1.069],[4.51075],[8.4595],[3.7405],[7.006749999999999],[4.53025],[1.29325],[4.5595],[0.29875],[8.596],[3.67225],[1.31275],[3.6527499999999997],[6.841],[8.68375],[4.6375],[8.70325],[0.37675000000000003],[8.74225],[8.7715],[1.33225],[4.696],[6.7435],[8.83975],[3.5650000000000004],[2.5315000000000003],[1.35175],[6.665500000000001],[8.9275],[6.646],[8.97625],[8.995750000000001],[1.00075],[2.5705],[9.03475],[6.53875],[1.381],[2.59],[6.51925],[6.499750000000001],[6.48025],[4.9105],[6.4510000000000005],[0.9714999999999999],[2.6485],[9.3175],[9.337],[4.9885],[9.376000000000001],[5.008],[6.32425],[3.36025],[6.295],[5.047],[0.952],[6.256],[2.707],[5.086],[6.22675],[3.32125],[2.7265],[3.30175],[5.125],[0.41575],[5.1445],[6.10975],[1.4785],[3.22375],[6.0415],[2.8045],[5.27125],[5.983],[5.32975],[10],[2.863],[0.47425],[5.8465],[2.902],[2.9215],[5.48575],[0.445],[0.835],[5.758749999999999],[0.874],[3.04825],[3.0287499999999996],[5.60275],[5.632000000000001]],"np":0,"gp":0,"pr":0,"gpr":0,"fpr":1,"reason":"time"}