{"avgHealth":-0.10179598815263108,"seeds":[[0,0],[0.012000000000000455,0],[0,0.012000000000000455],[-0.012000000000000455,0],[0.012000000000000455,0.012000000000000455],[-0.012000000000000455,0.012000000000000455],[0,0.02400000000000002],[0.012000000000000455,0.02400000000000002],[0,-0.02400000000000002],[0.02400000000000002,0],[-0.02400000000000002,0],[-0.012000000000000455,0.03599999999999959],[-0.03599999999999959,0],[0,1.1639999999999997],[1.1639999999999997,0]],"nseeds":15,"executions":1013,"nfe":101800,"gps":[[0,0]],"lps":[],"fps":[[0.012000000000000455,0],[0,0.012000000000000455],[-0.012000000000000455,0],[0.012000000000000455,0.012000000000000455],[-0.012000000000000455,0.012000000000000455],[0,0.02400000000000002],[0.012000000000000455,0.02400000000000002],[0,-0.02400000000000002],[0.02400000000000002,0],[-0.02400000000000002,0],[-0.012000000000000455,0.03599999999999959],[-0.03599999999999959,0],[0,1.1639999999999997],[1.1639999999999997,0]],"np":1,"gp":1,"pr":0.06666666666666667,"gpr":1,"lp":0,"lpr":0,"fpr":0.9333333333333333,"reason":"statistic"}