{"avgHealth":-0.15429417752277746,"seeds":[[0,0],[0.012000000000000455,0],[-0.012000000000000455,0],[0,0.012000000000000455],[-0.012000000000000455,0.012000000000000455],[0.012000000000000455,0.012000000000000455],[0,0.02400000000000002],[0.012000000000000455,0.02400000000000002],[-0.012000000000000455,-0.012000000000000455],[-0.012000000000000455,0.04800000000000004],[-0.012000000000000455,0.02400000000000002],[0,1.1639999999999997],[1.1639999999999997,0]],"nseeds":13,"executions":1055,"nfe":106000,"gps":[[0,0]],"lps":[],"fps":[[0.012000000000000455,0],[-0.012000000000000455,0],[0,0.012000000000000455],[-0.012000000000000455,0.012000000000000455],[0.012000000000000455,0.012000000000000455],[0,0.02400000000000002],[0.012000000000000455,0.02400000000000002],[-0.012000000000000455,-0.012000000000000455],[-0.012000000000000455,0.04800000000000004],[-0.012000000000000455,0.02400000000000002],[0,1.1639999999999997],[1.1639999999999997,0]],"np":1,"gp":1,"pr":0.07692307692307693,"gpr":1,"lp":0,"lpr":0,"fpr":0.9230769230769231,"reason":"statistic"}