{"avgHealth":-0.11452476318349508,"seeds":[[0,0],[0.012000000000000455,0],[0,0.012000000000000455],[-0.012000000000000455,0],[0,-0.012000000000000455],[0.012000000000000455,0.012000000000000455],[-0.012000000000000455,0.012000000000000455],[0.02400000000000002,0],[-0.012000000000000455,-0.02400000000000002],[0.012000000000000455,-0.02400000000000002],[0.02400000000000002,0.02400000000000002],[0,0.02400000000000002],[-0.012000000000000455,0.02400000000000002],[-0.02400000000000002,-0.02400000000000002],[0,-0.03599999999999959],[-0.012000000000000455,-0.03599999999999959],[-0.02400000000000002,-0.03599999999999959],[-0.012000000000000455,0.04800000000000004],[-0.02400000000000002,0.04800000000000004],[0,1.1639999999999997],[1.1639999999999997,0]],"nseeds":21,"executions":1100,"nfe":110500,"gps":[[0,0]],"lps":[],"fps":[[0.012000000000000455,0],[0,0.012000000000000455],[-0.012000000000000455,0],[0,-0.012000000000000455],[0.012000000000000455,0.012000000000000455],[-0.012000000000000455,0.012000000000000455],[0.02400000000000002,0],[-0.012000000000000455,-0.02400000000000002],[0.012000000000000455,-0.02400000000000002],[0.02400000000000002,0.02400000000000002],[0,0.02400000000000002],[-0.012000000000000455,0.02400000000000002],[-0.02400000000000002,-0.02400000000000002],[0,-0.03599999999999959],[-0.012000000000000455,-0.03599999999999959],[-0.02400000000000002,-0.03599999999999959],[-0.012000000000000455,0.04800000000000004],[-0.02400000000000002,0.04800000000000004],[0,1.1639999999999997],[1.1639999999999997,0]],"np":1,"gp":1,"pr":0.047619047619047616,"gpr":1,"lp":0,"lpr":0,"fpr":0.9523809523809523,"reason":"statistic"}