{"avgHealth":-0.10009554265119809,"seeds":[[0,0],[0,0.012000000000000455],[0.012000000000000455,0],[0,-0.012000000000000455],[-0.012000000000000455,0],[0.012000000000000455,0.012000000000000455],[0.012000000000000455,-0.012000000000000455],[-0.012000000000000455,0.02400000000000002],[0.012000000000000455,0.02400000000000002],[0,0.02400000000000002],[-0.02400000000000002,0],[0.02400000000000002,-0.012000000000000455],[0.02400000000000002,0.02400000000000002],[-0.03599999999999959,0],[0.02400000000000002,0],[0.012000000000000455,0.04800000000000004],[1.1639999999999997,0],[0,1.1639999999999997]],"nseeds":18,"executions":1155,"nfe":116000,"gps":[[0,0]],"lps":[],"fps":[[0,0.012000000000000455],[0.012000000000000455,0],[0,-0.012000000000000455],[-0.012000000000000455,0],[0.012000000000000455,0.012000000000000455],[0.012000000000000455,-0.012000000000000455],[-0.012000000000000455,0.02400000000000002],[0.012000000000000455,0.02400000000000002],[0,0.02400000000000002],[-0.02400000000000002,0],[0.02400000000000002,-0.012000000000000455],[0.02400000000000002,0.02400000000000002],[-0.03599999999999959,0],[0.02400000000000002,0],[0.012000000000000455,0.04800000000000004],[1.1639999999999997,0],[0,1.1639999999999997]],"np":1,"gp":1,"pr":0.05555555555555555,"gpr":1,"lp":0,"lpr":0,"fpr":0.9444444444444444,"reason":"statistic"}