{"avgHealth":-0.17695637282355495,"seeds":[[0,0],[0,-0.012000000000000455],[-0.012000000000000455,0],[-0.012000000000000455,-0.012000000000000455],[0,0.02400000000000002],[-0.02400000000000002,0],[-0.012000000000000455,-0.02400000000000002],[-0.012000000000000455,0.02400000000000002],[0.03599999999999959,0],[-0.012000000000000455,-0.03599999999999959],[0.012000000000000455,0.02400000000000002],[-0.02400000000000002,0.02400000000000002],[0,0.0600000000000005],[0,-1.1639999999999997],[0,1.1760000000000002],[1.1519999999999992,0]],"nseeds":16,"executions":842,"nfe":84700,"gps":[[0,0]],"lps":[],"fps":[[0,-0.012000000000000455],[-0.012000000000000455,0],[-0.012000000000000455,-0.012000000000000455],[0,0.02400000000000002],[-0.02400000000000002,0],[-0.012000000000000455,-0.02400000000000002],[-0.012000000000000455,0.02400000000000002],[0.03599999999999959,0],[-0.012000000000000455,-0.03599999999999959],[0.012000000000000455,0.02400000000000002],[-0.02400000000000002,0.02400000000000002],[0,0.0600000000000005],[0,-1.1639999999999997],[0,1.1760000000000002],[1.1519999999999992,0]],"np":1,"gp":1,"pr":0.0625,"gpr":1,"lp":0,"lpr":0,"fpr":0.9375,"reason":"statistic"}