{"avgHealth":-0.13700913908088175,"seeds":[[0,0],[0.012000000000000455,0],[0,0.012000000000000455],[0,0.02400000000000002],[0.02400000000000002,0.02400000000000002],[-0.03599999999999959,0],[-0.03599999999999959,0.012000000000000455],[0,-0.04800000000000004],[1.1639999999999997,0],[0,1.1639999999999997]],"nseeds":10,"executions":1171,"nfe":117600,"gps":[[0,0]],"lps":[],"fps":[[0.012000000000000455,0],[0,0.012000000000000455],[0,0.02400000000000002],[0.02400000000000002,0.02400000000000002],[-0.03599999999999959,0],[-0.03599999999999959,0.012000000000000455],[0,-0.04800000000000004],[1.1639999999999997,0],[0,1.1639999999999997]],"np":1,"gp":1,"pr":0.1,"gpr":1,"lp":0,"lpr":0,"fpr":0.9,"reason":"statistic"}