{"avgHealth":-0.14154179355268337,"seeds":[[0,0],[0,0.012000000000000455],[-0.012000000000000455,0],[0.012000000000000455,0],[0,-0.012000000000000455],[-0.012000000000000455,-0.012000000000000455],[-0.012000000000000455,0.012000000000000455],[0.02400000000000002,0.012000000000000455],[0,0.02400000000000002],[0.02400000000000002,0.02400000000000002],[0,-0.03599999999999959],[-0.012000000000000455,-0.03599999999999959],[1.1639999999999997,0],[0,1.1639999999999997]],"nseeds":14,"executions":980,"nfe":98500,"gps":[[0,0]],"lps":[],"fps":[[0,0.012000000000000455],[-0.012000000000000455,0],[0.012000000000000455,0],[0,-0.012000000000000455],[-0.012000000000000455,-0.012000000000000455],[-0.012000000000000455,0.012000000000000455],[0.02400000000000002,0.012000000000000455],[0,0.02400000000000002],[0.02400000000000002,0.02400000000000002],[0,-0.03599999999999959],[-0.012000000000000455,-0.03599999999999959],[1.1639999999999997,0],[0,1.1639999999999997]],"np":1,"gp":1,"pr":0.07142857142857142,"gpr":1,"lp":0,"lpr":0,"fpr":0.9285714285714286,"reason":"statistic"}