{"avgHealth":-0.10535173633138666,"seeds":[[0,0],[-0.012000000000000455,0],[0.012000000000000455,0],[0,0.012000000000000455],[0,-0.012000000000000455],[-0.012000000000000455,-0.012000000000000455],[-0.012000000000000455,0.012000000000000455],[0,0.02400000000000002],[0.02400000000000002,0],[0.012000000000000455,-0.02400000000000002],[0,-0.02400000000000002],[-0.02400000000000002,0],[0.02400000000000002,0.02400000000000002],[1.1639999999999997,0],[0,1.1760000000000002]],"nseeds":15,"executions":1237,"nfe":124200,"gps":[[0,0]],"lps":[],"fps":[[-0.012000000000000455,0],[0.012000000000000455,0],[0,0.012000000000000455],[0,-0.012000000000000455],[-0.012000000000000455,-0.012000000000000455],[-0.012000000000000455,0.012000000000000455],[0,0.02400000000000002],[0.02400000000000002,0],[0.012000000000000455,-0.02400000000000002],[0,-0.02400000000000002],[-0.02400000000000002,0],[0.02400000000000002,0.02400000000000002],[1.1639999999999997,0],[0,1.1760000000000002]],"np":1,"gp":1,"pr":0.06666666666666667,"gpr":1,"lp":0,"lpr":0,"fpr":0.9333333333333333,"reason":"statistic"}