{"avgHealth":0.9686353643212576,"seeds":[[0.934],[0.451],[0.681],[0.247],[0.08],[0.924],[0.945],[0.692],[0.441],[0.67],[0.461],[0.237],[0.563]],"nseeds":13,"executions":360,"nfe":36500,"gps":[[0.934],[0.451],[0.681],[0.247],[0.08]],"lps":[],"fps":[[0.924],[0.945],[0.692],[0.441],[0.67],[0.461],[0.237],[0.563]],"np":5,"gp":5,"pr":0.38461538461538464,"gpr":1,"fpr":0.6153846153846154,"reason":"statistic"}