{"avgHealth":0.9311950228676428,"seeds":[[0.934],[0.451],[0.247],[0.08],[0.68],[0.924],[0.691],[0.945],[0.67],[0.461],[0.44],[0.237],[0.914],[0.091],[0.701],[0.262],[0.366],[0.328]],"nseeds":18,"executions":278,"nfe":28300,"gps":[[0.934],[0.451],[0.247],[0.08],[0.68]],"lps":[],"fps":[[0.924],[0.691],[0.945],[0.67],[0.461],[0.44],[0.237],[0.914],[0.091],[0.701],[0.262],[0.366],[0.328]],"np":5,"gp":5,"pr":0.2777777777777778,"gpr":1,"fpr":0.7222222222222222,"reason":"statistic"}