{"avgHealth":0.9732893240832672,"seeds":[[0.934],[0.451],[0.681],[0.247],[0.08],[0.924],[0.945],[0.671],[0.692],[0.441],[0.461],[0.237],[0.658],[0.817]],"nseeds":14,"executions":361,"nfe":36600,"gps":[[0.934],[0.451],[0.681],[0.247],[0.08]],"lps":[],"fps":[[0.924],[0.945],[0.671],[0.692],[0.441],[0.461],[0.237],[0.658],[0.817]],"np":5,"gp":5,"pr":0.35714285714285715,"gpr":1,"fpr":0.6428571428571429,"reason":"statistic"}