{"avgHealth":175.30609230701762,"seeds":[[0.682],[0.246],[0.449],[0.081],[0.938],[0.926],[0.459],[0.67],[0.256],[0.948],[0.696],[0.071],[0.436],[0.916],[0.233],[0.47],[0.66],[0.958],[0.095],[0.709],[0.426],[0.269],[0.901],[0.223],[0.65],[0.971],[0.72],[0.486],[0.413],[0.056],[0.281],[0.638],[0.213],[0.107],[0.73],[0.987],[0.497],[0.877],[0.628],[0.292],[0.74],[0.999],[0],[0.396],[0.867],[0.199],[0.045],[0.618],[0.51],[0.121],[0.75],[0.303],[0.381],[0.764]],"nseeds":54,"executions":11,"nfe":1600,"gps":[[0.682],[0.246],[0.449],[0.081],[0.938]],"lps":[],"fps":[[0.926],[0.459],[0.67],[0.256],[0.948],[0.696],[0.071],[0.436],[0.916],[0.233],[0.47],[0.66],[0.958],[0.095],[0.709],[0.426],[0.269],[0.901],[0.223],[0.65],[0.971],[0.72],[0.486],[0.413],[0.056],[0.281],[0.638],[0.213],[0.107],[0.73],[0.987],[0.497],[0.877],[0.628],[0.292],[0.74],[0.999],[0],[0.396],[0.867],[0.199],[0.045],[0.618],[0.51],[0.121],[0.75],[0.303],[0.381],[0.764]],"np":5,"gp":5,"pr":0.09259259259259259,"gpr":1,"fpr":0.9074074074074074,"reason":"statistic"}