{"avgHealth":306.39881693072635,"seeds":[[0.08],[0.246],[0.935],[0.683],[0.453],[0.925],[0.673],[0.442],[0.946],[0.256],[0.695],[0.463],[0.235],[0.914],[0.069],[0.091],[0.661],[0.957],[0.43],[0.708],[0.475],[0.268],[0.904],[0.651],[0.223],[0.97],[0.42],[0.101],[0.044]],"nseeds":29,"executions":13,"nfe":1800,"gps":[[0.08],[0.246],[0.935],[0.683],[0.453]],"lps":[],"fps":[[0.925],[0.673],[0.442],[0.946],[0.256],[0.695],[0.463],[0.235],[0.914],[0.069],[0.091],[0.661],[0.957],[0.43],[0.708],[0.475],[0.268],[0.904],[0.651],[0.223],[0.97],[0.42],[0.101],[0.044]],"np":5,"gp":5,"pr":0.1724137931034483,"gpr":1,"fpr":0.8275862068965517,"reason":"statistic"}