{"avgHealth":0.9676283535099539,"seeds":[[0.934],[0.451],[0.681],[0.08],[0.246],[0.924],[0.945],[0.671],[0.692],[0.441],[0.461],[0.256],[0.236],[0.411],[0.054]],"nseeds":15,"executions":341,"nfe":34600,"gps":[[0.934],[0.451],[0.681],[0.08],[0.246]],"lps":[],"fps":[[0.924],[0.945],[0.671],[0.692],[0.441],[0.461],[0.256],[0.236],[0.411],[0.054]],"np":5,"gp":5,"pr":0.3333333333333333,"gpr":1,"fpr":0.6666666666666666,"reason":"statistic"}