{"avgHealth":0.9592693799931581,"seeds":[[0.934],[0.451],[0.681],[0.08],[0.246],[0.924],[0.945],[0.692],[0.441],[0.67],[0.461],[0.256],[0.236],[0.204]],"nseeds":14,"executions":356,"nfe":36100,"gps":[[0.934],[0.451],[0.681],[0.08],[0.246]],"lps":[],"fps":[[0.924],[0.945],[0.692],[0.441],[0.67],[0.461],[0.256],[0.236],[0.204]],"np":5,"gp":5,"pr":0.35714285714285715,"gpr":1,"fpr":0.6428571428571429,"reason":"statistic"}