{"avgHealth":415.8893532091862,"seeds":[[0.247],[0.682],[0.932],[0.449],[0.082],[0.943],[0.672],[0.46],[0.237],[0.92],[0.072],[0.695],[0.438],[0.258],[0.953],[0.662],[0.895]],"nseeds":17,"executions":14,"nfe":1900,"gps":[[0.247],[0.682],[0.932],[0.449],[0.082]],"lps":[],"fps":[[0.943],[0.672],[0.46],[0.237],[0.92],[0.072],[0.695],[0.438],[0.258],[0.953],[0.662],[0.895]],"np":5,"gp":5,"pr":0.29411764705882354,"gpr":1,"fpr":0.7058823529411765,"reason":"statistic"}