{"avgHealth":0.9904793762512707,"seeds":[[0],[6],[-6],[-25.200000000000045],[25.200000000000045]],"nseeds":5,"executions":548,"nfe":55300,"gps":[[0]],"lps":[],"fps":[[6],[-6],[-25.200000000000045],[25.200000000000045]],"np":1,"gp":1,"pr":0.2,"gpr":1,"fpr":0.8,"reason":"statistic"}