{"avgHealth":0.9214898815825086,"seeds":[[0],[-6],[6],[-19.200000000000045],[-25.200000000000045],[7.2000000000000455],[-7.2000000000000455],[-32.39999999999998],[-43.19999999999993],[56.40000000000009],[-30],[-63.60000000000002],[63.60000000000002],[69.60000000000002],[-57.60000000000002],[68.40000000000009]],"nseeds":16,"executions":415,"nfe":42000,"gps":[[0]],"lps":[],"fps":[[-6],[6],[-19.200000000000045],[-25.200000000000045],[7.2000000000000455],[-7.2000000000000455],[-32.39999999999998],[-43.19999999999993],[56.40000000000009],[-30],[-63.60000000000002],[63.60000000000002],[69.60000000000002],[-57.60000000000002],[68.40000000000009]],"np":1,"gp":1,"pr":0.0625,"gpr":1,"fpr":0.9375,"reason":"statistic"}