{"avgHealth":0.9662676936215073,"seeds":[[0],[6],[-6],[-19.200000000000045],[-25.200000000000045],[25.200000000000045],[12],[13.200000000000045],[-13.200000000000045],[-7.2000000000000455],[7.2000000000000455],[44.40000000000009],[-38.39999999999998],[56.40000000000009],[-62.39999999999998],[49.200000000000045]],"nseeds":16,"executions":591,"nfe":59600,"gps":[[0]],"lps":[],"fps":[[6],[-6],[-19.200000000000045],[-25.200000000000045],[25.200000000000045],[12],[13.200000000000045],[-13.200000000000045],[-7.2000000000000455],[7.2000000000000455],[44.40000000000009],[-38.39999999999998],[56.40000000000009],[-62.39999999999998],[49.200000000000045]],"np":1,"gp":1,"pr":0.0625,"gpr":1,"fpr":0.9375,"reason":"statistic"}