{"avgHealth":0.9236171921911737,"seeds":[[-6],[6],[13.200000000000045],[18],[-37.200000000000045],[-44.39999999999998],[56.40000000000009],[-56.39999999999998],[30],[57.60000000000002],[-68.39999999999998],[75.59999999999991]],"nseeds":12,"executions":398,"nfe":40300,"gps":[],"lps":[],"fps":[[-6],[6],[13.200000000000045],[18],[-37.200000000000045],[-44.39999999999998],[56.40000000000009],[-56.39999999999998],[30],[57.60000000000002],[-68.39999999999998],[75.59999999999991]],"np":0,"gp":0,"pr":0,"gpr":0,"fpr":1,"reason":"statistic"}