{"avgHealth":0.9825573311592707,"seeds":[[0],[6],[-6],[-37.200000000000045],[56.40000000000009]],"nseeds":5,"executions":650,"nfe":65500,"gps":[[0]],"lps":[],"fps":[[6],[-6],[-37.200000000000045],[56.40000000000009]],"np":1,"gp":1,"pr":0.2,"gpr":1,"fpr":0.8,"reason":"statistic"}