{"avgHealth":0.9920895864373594,"seeds":[[0],[-6],[6]],"nseeds":3,"executions":580,"nfe":58500,"gps":[[0]],"lps":[],"fps":[[-6],[6]],"np":1,"gp":1,"pr":0.3333333333333333,"gpr":1,"fpr":0.6666666666666666,"reason":"statistic"}