{"avgHealth":0.975709600810449,"seeds":[[0],[-6],[6],[18],[56.40000000000009],[49.200000000000045],[10.799999999999955]],"nseeds":7,"executions":756,"nfe":76100,"gps":[[0]],"lps":[],"fps":[[-6],[6],[18],[56.40000000000009],[49.200000000000045],[10.799999999999955]],"np":1,"gp":1,"pr":0.14285714285714285,"gpr":1,"fpr":0.8571428571428571,"reason":"statistic"}