{"avgHealth":0.9670281890562683,"seeds":[[0],[-6],[6],[-19.200000000000045],[25.200000000000045],[12],[-7.2000000000000455],[44.40000000000009],[-38.39999999999998],[10.799999999999955],[69.60000000000002],[-57.60000000000002],[68.40000000000009]],"nseeds":13,"executions":577,"nfe":58200,"gps":[[0]],"lps":[],"fps":[[-6],[6],[-19.200000000000045],[25.200000000000045],[12],[-7.2000000000000455],[44.40000000000009],[-38.39999999999998],[10.799999999999955],[69.60000000000002],[-57.60000000000002],[68.40000000000009]],"np":1,"gp":1,"pr":0.07692307692307693,"gpr":1,"fpr":0.9230769230769231,"reason":"statistic"}