{"avgHealth":0.9798503906012918,"seeds":[[0],[-6],[-31.200000000000045],[-7.2000000000000455],[7.2000000000000455],[-37.200000000000045],[-44.39999999999998],[56.40000000000009]],"nseeds":8,"executions":726,"nfe":73100,"gps":[[0]],"lps":[],"fps":[[-6],[-31.200000000000045],[-7.2000000000000455],[7.2000000000000455],[-37.200000000000045],[-44.39999999999998],[56.40000000000009]],"np":1,"gp":1,"pr":0.125,"gpr":1,"fpr":0.875,"reason":"statistic"}