{"avgHealth":-0.001178721336157114,"seeds":[[0,0],[0,-0.0653560000000013],[0.0653560000000013,0]],"nseeds":3,"executions":4442,"nfe":444700,"gps":[[0,0]],"lps":[],"fps":[[0,-0.0653560000000013],[0.0653560000000013,0]],"np":1,"gp":1,"pr":0.3333333333333333,"gpr":1,"fpr":0.6666666666666666,"reason":"statistic"}