{"avgHealth":0.696921464618809,"seeds":[[-2.08,-2.08],[-2.08,-2.119999999999999],[-2.5199999999999996,-2.08],[-1.9800000000000004,-1.4600000000000009],[4.039999999999999,-2.08],[-2.0599999999999996,3.8199999999999985],[-1.1199999999999992,-2.08],[3.6800000000000015,-2.08],[-7.98,3.8199999999999985],[-1.959999999999999,-0.9800000000000004],[-3.1000000000000005,-2.08],[-2.2199999999999998,3.200000000000001],[-2.08,-0.6600000000000001],[-1.9800000000000004,8.16],[-3.08,3.8199999999999985],[-2.0199999999999996,-9.94],[3.5200000000000014,-3.08],[-6.779999999999999,-1.7599999999999998],[-6.68,-2.76],[-1.9800000000000004,8.799999999999997],[-1.3800000000000008,-9.94],[3.740000000000002,-7.699999999999999],[-0.16000000000000014,-1.700000000000001],[5.300000000000001,-0.03999999999999915],[-1.08,-7.699999999999999],[9.119999999999997,-2.2799999999999994],[-6.46,8.16],[-1.42,2.539999999999999],[-6.04,-3.76],[-1.9800000000000004,-3.76],[-1.6600000000000001,-3.6799999999999997],[2.0999999999999996,-2.039999999999999],[0.0600000000000005,5.1],[-9.94,-8.34],[-0.14000000000000057,4.32],[-7.82,-7.68],[5.300000000000001,-4.84],[5.220000000000001,-4.84],[0.08000000000000007,-1.8600000000000012],[-2,-4.84],[0.14000000000000057,5.26],[-3.76,-9.8],[4.76,-7.5],[0.16000000000000014,-6.02],[-4.84,-2.2799999999999994],[-6.32,-0.14000000000000057],[8.68,-2.8000000000000007],[-3.120000000000001,-0.6399999999999988],[-4.84,-1.700000000000001],[-8.04,0.1999999999999993],[4.9,0.22000000000000064],[-5.92,-8.879999999999999],[0.17999999999999972,4.719999999999999],[-5.12,3.6400000000000006],[5.039999999999999,0.28000000000000114],[-9.98,-6.06],[-4.74,-1.9399999999999995],[-1.8000000000000007,1.879999999999999],[-0.28000000000000114,-5.54],[-6.02,-7.42],[-0.7199999999999989,-5.300000000000001],[-0.6600000000000001,-0.7999999999999989],[-0.9000000000000004,2.880000000000001],[-1.6600000000000001,-3.8600000000000003],[-3.58,-8.34],[-1.3800000000000008,-3.7],[-5.42,2.780000000000001],[-8.16,-4.72],[0.3800000000000008,-5.96],[-4.699999999999999,-1.9399999999999995],[-5.9799999999999995,-4],[3.700000000000001,2.539999999999999],[5.16,-4],[7.219999999999999,-0.3800000000000008],[2.0999999999999996,6.399999999999999],[0.17999999999999972,-1.620000000000001],[-2.039999999999999,-4.0200000000000005],[2.960000000000001,-0.7999999999999989],[4.6,0.28000000000000114],[0.4800000000000004,-6.04],[5.16,0.4800000000000004],[5.34,-7.38],[-2.039999999999999,-4.64],[4.9,10],[-1.959999999999999,0.4800000000000004],[6.780000000000001,-9.96],[-2.1999999999999993,-4.64],[-7.4,-8.04],[6.48,0.08000000000000007],[-6.779999999999999,3.540000000000001],[-1.8200000000000003,-4.0200000000000005],[5.74,-4.66],[-9.62,-1.92],[-7.359999999999999,-8.14],[1.5199999999999996,5.1],[-6.9399999999999995,4.16],[-1.7800000000000011,-4.64],[-7.12,-6.04],[-7.1,4.9399999999999995],[-7.140000000000001,5.300000000000001],[5.300000000000001,-9.6],[7.960000000000001,-0.6600000000000001],[-4.52,-6.08],[-2.4399999999999995,0.4800000000000004],[5.16,0.8000000000000007],[-4.4799999999999995,-5.96],[-1.9800000000000004,1.259999999999998],[-5.96,-9.56],[-7.199999999999999,-6.02],[-2.039999999999999,-4.32],[-2.16,-7.24],[-4.340000000000001,5.1],[-4.3999999999999995,-6.1],[-6.54,2.539999999999999],[-1.5600000000000005,-4.0200000000000005],[-1.7800000000000011,-4.4799999999999995],[-1.8200000000000003,-4.32],[-1.7400000000000002,-9.6],[2.92,-8.46],[10,6.32],[-3.3599999999999994,-0.6600000000000001],[-1.5600000000000005,-4.64],[-4.24,-1.7200000000000006],[9.119999999999997,-1.1400000000000006],[5.920000000000002,-9.58],[0.35999999999999943,6.48],[-1.08,-9.96],[-9.56,-1.6600000000000001],[0.09999999999999964,-9.76],[-5.24,-0.5600000000000005],[-3.8200000000000003,-1.2200000000000006],[-6.28,1.459999999999999],[-4.4799999999999995,6.18],[-8.7,-2.58],[-7.18,4.4399999999999995],[-3.9800000000000004,4.02],[-5.26,2.74],[-1.5600000000000005,-4.32],[6.960000000000001,-3.8600000000000003],[-5.18,8.080000000000002],[-1.3800000000000008,-4.64],[-5.18,8.100000000000001],[-1.3399999999999999,10],[3.0600000000000005,2.6400000000000006],[-1.4399999999999995,-4.5],[-7.3,-1.4399999999999995],[4.219999999999999,-7.24],[-6.779999999999999,-0.6600000000000001],[8.52,2.960000000000001],[8.48,8.080000000000002],[-0.019999999999999574,3.360000000000001],[6.879999999999999,1.5599999999999987],[-6.699999999999999,2.66],[8.68,-5.26],[3.740000000000002,-7.4],[0.14000000000000057,-0.9800000000000004],[-0.09999999999999964,-0.7999999999999989],[-6.46,10],[-7.84,-4],[2.8599999999999994,-0.35999999999999943],[1.6199999999999992,3.6800000000000015],[-7.24,-1.2400000000000002],[2.880000000000001,2.539999999999999],[0.14000000000000057,7.5],[0.14000000000000057,-0.9000000000000004],[8.68,8.120000000000001],[-1.1999999999999993,-7.24]],"nseeds":167,"executions":2078,"nfe":208300,"gps":[],"lps":[],