{"avgHealth":161.66912,"seeds":[[30],[0],[29.97],[29.91],[0.12],[29.88],[0.15],[0.18],[0.21],[0.48],[0.54],[22.71],[22.77],[22.8],[22.83],[22.86],[22.89],[22.95],[12.21],[12.84],[12.99],[13.05],[13.08],[21.36],[29.04],[21.33],[13.17],[29.01],[13.26],[11.73],[28.98],[13.32],[13.35],[13.41],[28.92],[13.56],[20.91],[20.85],[13.68],[20.82],[20.73],[28.77],[28.68],[20.4],[28.65],[28.62],[28.59],[28.56],[28.53],[14.61],[28.5],[14.67],[14.7],[14.73],[14.76],[1.56],[25.17],[14.91],[14.94],[14.97],[3.6],[15.06],[1.65],[15.12],[1.68],[1.71],[15.3],[15.36],[15.39],[15.42],[15.45],[15.48],[1.8],[15.51],[3.36],[15.54],[15.57],[19.17],[15.6],[19.14],[15.63],[15.66],[19.11],[15.69],[19.08],[19.05],[15.75],[19.02],[15.78],[18.99],[15.81],[18.96],[15.84],[28.08],[18.93],[15.87],[15.9],[18.9],[15.93],[18.87],[15.96],[18.84],[15.99],[18.81],[16.02],[16.05],[3.12],[2.01],[18.72],[18.69],[18.66],[18.63],[18.6],[18.57],[18.54],[2.1],[18.48],[2.13],[18.36],[16.83],[2.31],[17.94],[17.01],[17.91],[2.34],[17.88],[17.07],[17.85],[17.13],[17.82],[17.79],[17.76],[17.73],[17.7],[17.28],[17.67],[17.31],[7.68],[17.64],[17.34],[17.37],[17.61],[17.58],[17.43],[17.55],[17.46],[17.52],[17.49]],"nseeds":148,"executions":6534,"nfe":653900,"gps":[[30],[0]],"lps":[],"fps":[[29.97],[29.91],[0.12],[29.88],[0.15],[0.18],[0.21],[0.48],[0.54],[22.71],[22.77],[22.8],[22.83],[22.86],[22.89],[22.95],[12.21],[12.84],[12.99],[13.05],[13.08],[21.36],[29.04],[21.33],[13.17],[29.01],[13.26],[11.73],[28.98],[13.32],[13.35],[13.41],[28.92],[13.56],[20.91],[20.85],[13.68],[20.82],[20.73],[28.77],[28.68],[20.4],[28.65],[28.62],[28.59],[28.56],[28.53],[14.61],[28.5],[14.67],[14.7],[14.73],[14.76],[1.56],[25.17],[14.91],[14.94],[14.97],[3.6],[15.06],[1.65],[15.12],[1.68],[1.71],[15.3],[15.36],[15.39],[15.42],[15.45],[15.48],[1.8],[15.51],[3.36],[15.54],[15.57],[19.17],[15.6],[19.14],[15.63],[15.66],[19.11],[15.69],[19.08],[19.05],[15.75],[19.02],[15.78],[18.99],[15.81],[18.96],[15.84],[28.08],[18.93],[15.87],[15.9],[18.9],[15.93],[18.87],[15.96],[18.84],[15.99],[18.81],[16.02],[16.05],[3.12],[2.01],[18.72],[18.69],[18.66],[18.63],[18.6],[18.57],[18.54],[2.1],[18.48],[2.13],[18.36],[16.83],[2.31],[17.94],[17.01],[17.91],[2.34],[17.88],[17.07],[17.85],[17.13],[17.82],[17.79],[17.76],[17.73],[17.7],[17.28],[17.67],[17.31],[7.68],[17.64],[17.34],[17.37],[17.61],[17.58],[17.43],[17.55],[17.46],[17.52],[17.49]],"np":2,"gp":2,"pr":0.013513513513513514,"gpr":1,"fpr":0.9864864864864865,"reason":"time"}