{"avgHealth":11.108951088855111,"seeds":[[0.08],[0.237],[0.224],[0.43],[0.272],[0.672],[0.102],[0.657],[0.209],[0.918],[0.407],[0.113],[0.961],[0.623],[0.879],[0.743],[0.126],[0.865],[0.182],[0.848],[0.03],[0.366],[0.141],[0.783],[0.166],[0.354],[0.337],[0.571],[0.016],[0.156]],"nseeds":30,"executions":141,"nfe":14600,"gps":[[0.08]],"lps":[],"fps":[[0.237],[0.224],[0.43],[0.272],[0.672],[0.102],[0.657],[0.209],[0.918],[0.407],[0.113],[0.961],[0.623],[0.879],[0.743],[0.126],[0.865],[0.182],[0.848],[0.03],[0.366],[0.141],[0.783],[0.166],[0.354],[0.337],[0.571],[0.016],[0.156]],"np":1,"gp":1,"pr":0.03333333333333333,"gpr":1,"lp":0,"lpr":0,"fpr":0.9666666666666667,"reason":"statistic"}