{"avgHealth":0.9841044227962883,"seeds":[[0.08],[0.246],[0.256],[0.069],[0.674],[0.701],[0.653],[0.522],[0.538]],"nseeds":9,"executions":253,"nfe":25800,"gps":[[0.08]],"lps":[[0.246],[0.674]],"fps":[[0.256],[0.069],[0.701],[0.653],[0.522],[0.538]],"np":3,"gp":1,"pr":0.3333333333333333,"gpr":1,"lp":2,"lpr":0.5,"fpr":0.6666666666666666,"reason":"statistic"}