{"avgHealth":0.9803718572364319,"seeds":[[0.08],[0.248],[0.259],[0.667],[0.277],[0.707],[0.626],[0.741],[0.986]],"nseeds":9,"executions":211,"nfe":21600,"gps":[[0.08]],"lps":[[0.248]],"fps":[[0.259],[0.667],[0.277],[0.707],[0.626],[0.741],[0.986]],"np":2,"gp":1,"pr":0.2222222222222222,"gpr":1,"lp":1,"lpr":0.25,"fpr":0.7777777777777778,"reason":"statistic"}