{"avgHealth":15.17551895839295,"seeds":[[0.261],[0.448],[0.227],[0.429],[0.676],[0.102],[0.276],[0.662],[0.41],[0.948],[0.29],[0.963],[0.396],[0.873],[0.041],[0.134],[0.374],[0.322],[0.173],[0.146],[0.358],[0.575],[0.159]],"nseeds":23,"executions":280,"nfe":28500,"gps":[],"lps":[[0.448],[0.676]],"fps":[[0.261],[0.227],[0.429],[0.102],[0.276],[0.662],[0.41],[0.948],[0.29],[0.963],[0.396],[0.873],[0.041],[0.134],[0.374],[0.322],[0.173],[0.146],[0.358],[0.575],[0.159]],"np":2,"gp":0,"pr":0.08695652173913043,"gpr":0,"lp":2,"lpr":0.5,"fpr":0.9130434782608695,"reason":"statistic"}