{"avgHealth":15.415480007567892,"seeds":[[0.085],[0.073],[0.23],[0.098],[0.219],[0.421],[0.661],[0.282],[0.411],[0.645],[0.933],[0.898],[0.292],[0.741],[0.987],[0.875],[0.189],[0.128],[0.378],[0.139],[0.837],[0.175],[0.363],[0.151],[0.794],[0.56],[0.347]],"nseeds":27,"executions":112,"nfe":11700,"gps":[],"lps":[[0.933]],"fps":[[0.085],[0.073],[0.23],[0.098],[0.219],[0.421],[0.661],[0.282],[0.411],[0.645],[0.898],[0.292],[0.741],[0.987],[0.875],[0.189],[0.128],[0.378],[0.139],[0.837],[0.175],[0.363],[0.151],[0.794],[0.56],[0.347]],"np":1,"gp":0,"pr":0.037037037037037035,"gpr":0,"lp":1,"lpr":0.25,"fpr":0.9629629629629629,"reason":"statistic"}