{"avgHealth":9.323965297283706,"seeds":[[0.231],[0.473],[0.102],[0.667],[0.217],[0.277],[0.487],[0.935],[0.919],[0.952],[0.904],[0.966],[0.729],[0.504],[0.982],[0.121],[0.742],[0.992],[0.037],[0.521],[0.857],[0.597],[0.01],[0.026],[0.36],[0.332],[0.549],[0.822],[0.793],[0.806]],"nseeds":30,"executions":144,"nfe":14900,"gps":[],"lps":[[0.935]],"fps":[[0.231],[0.473],[0.102],[0.667],[0.217],[0.277],[0.487],[0.919],[0.952],[0.904],[0.966],[0.729],[0.504],[0.982],[0.121],[0.742],[0.992],[0.037],[0.521],[0.857],[0.597],[0.01],[0.026],[0.36],[0.332],[0.549],[0.822],[0.793],[0.806]],"np":1,"gp":0,"pr":0.03333333333333333,"gpr":0,"lp":1,"lpr":0.25,"fpr":0.9666666666666667,"reason":"statistic"}