{"avgHealth":19.27202554171708,"seeds":[[0.086],[0.239],[0.446],[0.457],[0.264],[0.096],[0.432],[0.469],[0.686],[0.672],[0.417],[0.483],[0.655],[0.108],[0.927],[0.943],[0.915],[0.639],[0.405],[0.496],[0.627],[0.393],[0.747],[0.614],[0.527],[0.372],[0.008],[0.591],[0.361],[0.826],[0.151],[0.022],[0.35],[0.559]],"nseeds":34,"executions":114,"nfe":11900,"gps":[],"lps":[[0.446],[0.927]],"fps":[[0.086],[0.239],[0.457],[0.264],[0.096],[0.432],[0.469],[0.686],[0.672],[0.417],[0.483],[0.655],[0.108],[0.943],[0.915],[0.639],[0.405],[0.496],[0.627],[0.393],[0.747],[0.614],[0.527],[0.372],[0.008],[0.591],[0.361],[0.826],[0.151],[0.022],[0.35],[0.559]],"np":2,"gp":0,"pr":0.058823529411764705,"gpr":0,"lp":2,"lpr":0.5,"fpr":0.9411764705882353,"reason":"statistic"}