{"avgHealth":11.056922379885778,"seeds":[[0.08],[0.257],[0.456],[0.438],[0.672],[0.688],[0.71],[0.95],[0.496],[0.96],[0.732],[0.974],[0.194],[0.302],[0.513],[0.318],[0.592],[0.542],[0.782],[0.577],[0.014],[0.552],[0.155],[0.566]],"nseeds":24,"executions":201,"nfe":20600,"gps":[[0.08]],"lps":[],"fps":[[0.257],[0.456],[0.438],[0.672],[0.688],[0.71],[0.95],[0.496],[0.96],[0.732],[0.974],[0.194],[0.302],[0.513],[0.318],[0.592],[0.542],[0.782],[0.577],[0.014],[0.552],[0.155],[0.566]],"np":1,"gp":1,"pr":0.041666666666666664,"gpr":1,"lp":0,"lpr":0,"fpr":0.9583333333333334,"reason":"statistic"}