{"avgHealth":344.94270624805847,"seeds":[[0.452],[0.105],[0.489],[0.94],[0.641],[0.914],[0.882],[0.87],[0.85],[0.178],[0.84],[0.141],[0.781],[0.151],[0.815]],"nseeds":15,"executions":423,"nfe":42800,"gps":[],"lps":[[0.452],[0.94]],"fps":[[0.105],[0.489],[0.641],[0.914],[0.882],[0.87],[0.85],[0.178],[0.84],[0.141],[0.781],[0.151],[0.815]],"np":2,"gp":0,"pr":0.13333333333333333,"gpr":0,"lp":2,"lpr":0.5,"fpr":0.8666666666666667,"reason":"statistic"}