{"avgHealth":0.9615921180427652,"seeds":[[0.08],[0.247],[0.258],[0.093],[0.45],[0.227],[0.27],[0.677],[0.693],[0.656],[0.704],[0.282],[0.629],[0.741],[0.869],[0.61],[0.523],[0.573]],"nseeds":18,"executions":181,"nfe":18600,"gps":[[0.08]],"lps":[[0.247],[0.45],[0.677]],"fps":[[0.258],[0.093],[0.227],[0.27],[0.693],[0.656],[0.704],[0.282],[0.629],[0.741],[0.869],[0.61],[0.523],[0.573]],"np":4,"gp":1,"pr":0.2222222222222222,"gpr":1,"lp":3,"lpr":0.75,"fpr":0.7777777777777778,"reason":"statistic"}