{"avgHealth":0.9799101041039592,"seeds":[[0.08],[0.246],[0.452],[0.679],[0.667],[0.701],[0.64],[0.73],[0.513]],"nseeds":9,"executions":180,"nfe":18500,"gps":[[0.08]],"lps":[[0.246],[0.452],[0.679]],"fps":[[0.667],[0.701],[0.64],[0.73],[0.513]],"np":4,"gp":1,"pr":0.4444444444444444,"gpr":1,"lp":3,"lpr":0.75,"fpr":0.5555555555555556,"reason":"statistic"}