{"avgHealth":15.694394812324719,"seeds":[[0.08],[0.254],[0.238],[0.094],[0.227],[0.06],[0.673],[0.48],[0.277],[0.214],[0.414],[0.927],[0.641],[0.895],[0.881],[0.128],[0.383],[0.862],[0.849],[0.031],[0.366],[0.142],[0.173],[0.334],[0.792],[0.353],[0.153],[0.564]],"nseeds":28,"executions":113,"nfe":11800,"gps":[[0.08]],"lps":[[0.673],[0.927]],"fps":[[0.254],[0.238],[0.094],[0.227],[0.06],[0.48],[0.277],[0.214],[0.414],[0.641],[0.895],[0.881],[0.128],[0.383],[0.862],[0.849],[0.031],[0.366],[0.142],[0.173],[0.334],[0.792],[0.353],[0.153],[0.564]],"np":3,"gp":1,"pr":0.10714285714285714,"gpr":1,"lp":2,"lpr":0.5,"fpr":0.8928571428571429,"reason":"statistic"}