{"avgHealth":0.9814923885588231,"seeds":[[0.08],[0.246],[0.26],[0.068],[0.449],[0.475],[0.667],[0.277],[0.657],[0.738],[0.53]],"nseeds":11,"executions":151,"nfe":15600,"gps":[[0.08]],"lps":[[0.246],[0.449]],"fps":[[0.26],[0.068],[0.475],[0.667],[0.277],[0.657],[0.738],[0.53]],"np":3,"gp":1,"pr":0.2727272727272727,"gpr":1,"lp":2,"lpr":0.5,"fpr":0.7272727272727273,"reason":"statistic"}