{"avgHealth":158.47112721075155,"seeds":[[0.934],[0.08],[0.45],[0.245],[0.684],[0.924],[0.672],[0.256],[0.695],[0.438],[0.95],[0.234],[0.069],[0.092],[0.66],[0.909],[0.705],[0.96],[0.473],[0.267],[0.426],[0.224],[0.65],[0.715],[0.484],[0.974],[0.894],[0.103],[0.413],[0.056],[0.725],[0.637],[0.282],[0.984],[0.211],[0.494],[0.882],[0.736],[0.402],[0.994],[0.292],[0.872],[0.504],[0.619],[0.045],[0.12],[0.197],[0.862],[0.001],[0.75],[0.302],[0.388],[0.516],[0.609],[0.76],[0.187],[0.312],[0.377],[0.599],[0.034],[0.134],[0.77],[0.531],[0.84],[0.367],[0.587],[0.781],[0.541],[0.173],[0.828],[0.327],[0.146],[0.577],[0.357],[0.024],[0.551],[0.793],[0.337],[0.814],[0.162],[0.566]],"nseeds":81,"executions":9,"nfe":1400,"gps":[[0.934],[0.08],[0.45],[0.245],[0.684]],"lps":[],"fps":[[0.924],[0.672],[0.256],[0.695],[0.438],[0.95],[0.234],[0.069],[0.092],[0.66],[0.909],[0.705],[0.96],[0.473],[0.267],[0.426],[0.224],[0.65],[0.715],[0.484],[0.974],[0.894],[0.103],[0.413],[0.056],[0.725],[0.637],[0.282],[0.984],[0.211],[0.494],[0.882],[0.736],[0.402],[0.994],[0.292],[0.872],[0.504],[0.619],[0.045],[0.12],[0.197],[0.862],[0.001],[0.75],[0.302],[0.388],[0.516],[0.609],[0.76],[0.187],[0.312],[0.377],[0.599],[0.034],[0.134],[0.77],[0.531],[0.84],[0.367],[0.587],[0.781],[0.541],[0.173],[0.828],[0.327],[0.146],[0.577],[0.357],[0.024],[0.551],[0.793],[0.337],[0.814],[0.162],[0.566]],"np":5,"gp":5,"pr":0.06172839506172839,"gpr":1,"fpr":0.9382716049382716,"reason":"statistic"}