{"avgHealth":166.91699325305837,"seeds":[[0.451],[0.681],[0.08],[0.932],[0.251],[0.241],[0.943],[0.693],[0.44],[0.921],[0.462],[0.668],[0.953],[0.261],[0.069],[0.23],[0.91],[0.43],[0.705],[0.095],[0.474],[0.653],[0.965],[0.271],[0.715],[0.419],[0.484],[0.058],[0.892],[0.216],[0.641],[0.981],[0.281],[0.726],[0.107],[0.882],[0.407],[0.992],[0.206],[0.627],[0.503],[0.048],[0.74],[0.87],[0.294],[0.117],[0.393],[0.617],[0.513],[0.751],[0.194],[0.306],[0.607],[0.383],[0.85],[0.762],[0.13],[0.525],[0.036],[0.316],[0.596],[0.181],[0.84],[0.373],[0.772],[0.535],[0.009],[0.141],[0.586],[0.83],[0.784],[0.362],[0.328],[0.545],[0.82],[0.167],[0.024],[0.574],[0.795],[0.151],[0.556],[0.339],[0.35],[0.808]],"nseeds":84,"executions":14,"nfe":1900,"gps":[[0.451],[0.681],[0.08],[0.932]],"lps":[],"fps":[[0.251],[0.241],[0.943],[0.693],[0.44],[0.921],[0.462],[0.668],[0.953],[0.261],[0.069],[0.23],[0.91],[0.43],[0.705],[0.095],[0.474],[0.653],[0.965],[0.271],[0.715],[0.419],[0.484],[0.058],[0.892],[0.216],[0.641],[0.981],[0.281],[0.726],[0.107],[0.882],[0.407],[0.992],[0.206],[0.627],[0.503],[0.048],[0.74],[0.87],[0.294],[0.117],[0.393],[0.617],[0.513],[0.751],[0.194],[0.306],[0.607],[0.383],[0.85],[0.762],[0.13],[0.525],[0.036],[0.316],[0.596],[0.181],[0.84],[0.373],[0.772],[0.535],[0.009],[0.141],[0.586],[0.83],[0.784],[0.362],[0.328],[0.545],[0.82],[0.167],[0.024],[0.574],[0.795],[0.151],[0.556],[0.339],[0.35],[0.808]],"np":4,"gp":4,"pr":0.047619047619047616,"gpr":0.8,"fpr":0.9523809523809523,"reason":"statistic"}