{"avgHealth":156.68496593910632,"seeds":[[0.247],[0.08],[0.682],[0.933],[0.448],[0.459],[0.944],[0.922],[0.257],[0.236],[0.667],[0.435],[0.7],[0.069],[0.955],[0.912],[0.094],[0.656],[0.475],[0.269],[0.965],[0.711],[0.224],[0.9],[0.42],[0.059],[0.644],[0.486],[0.977],[0.279],[0.723],[0.887],[0.213],[0.107],[0.407],[0.989],[0.498],[0.63],[0.877],[0.736],[0.29],[0.048],[0.999],[0.117],[0.395],[0.618],[0.865],[0.747],[0.197],[0.512],[0.001],[0.302],[0.608],[0.757],[0.853],[0.038],[0.382],[0.522],[0.129],[0.186],[0.313],[0.767],[0.596],[0.838],[0.371],[0.537],[0.777],[0.14],[0.324],[0.586],[0.173],[0.827],[0.027],[0.36],[0.549],[0.792],[0.574],[0.014],[0.336],[0.815],[0.161],[0.559],[0.348],[0.802]],"nseeds":84,"executions":9,"nfe":1400,"gps":[[0.247],[0.08],[0.682],[0.933],[0.448]],"lps":[],"fps":[[0.459],[0.944],[0.922],[0.257],[0.236],[0.667],[0.435],[0.7],[0.069],[0.955],[0.912],[0.094],[0.656],[0.475],[0.269],[0.965],[0.711],[0.224],[0.9],[0.42],[0.059],[0.644],[0.486],[0.977],[0.279],[0.723],[0.887],[0.213],[0.107],[0.407],[0.989],[0.498],[0.63],[0.877],[0.736],[0.29],[0.048],[0.999],[0.117],[0.395],[0.618],[0.865],[0.747],[0.197],[0.512],[0.001],[0.302],[0.608],[0.757],[0.853],[0.038],[0.382],[0.522],[0.129],[0.186],[0.313],[0.767],[0.596],[0.838],[0.371],[0.537],[0.777],[0.14],[0.324],[0.586],[0.173],[0.827],[0.027],[0.36],[0.549],[0.792],[0.574],[0.014],[0.336],[0.815],[0.161],[0.559],[0.348],[0.802]],"np":5,"gp":5,"pr":0.05952380952380952,"gpr":1,"fpr":0.9404761904761905,"reason":"statistic"}