{"avgHealth":0.8036607975911967,"seeds":[[0.934],[0.451],[0.681],[0.247],[0.08],[0.924],[0.945],[0.671],[0.692],[0.441],[0.461],[0.237],[0.258],[0.914],[0.955],[0.092],[0.703],[0.472],[0.429],[0.655],[0.226],[0.268],[0.064],[0.965],[0.901],[0.482],[0.419],[0.645],[0.977],[0.215],[0.727],[0.283],[0.053],[0.987],[0.205],[0.502],[1.013],[1],[0.392],[0.3],[0.75],[0.859],[0.191],[0.003],[0.761],[0.847],[0.601],[0.313],[0.771],[0.781],[0.172],[0.55],[0.794],[0.573],[0.337],[0.154],[0.349],[0.56]],"nseeds":58,"executions":264,"nfe":26900,"gps":[[0.934],[0.451],[0.681],[0.247],[0.08]],"lps":[],"fps":[[0.924],[0.945],[0.671],[0.692],[0.441],[0.461],[0.237],[0.258],[0.914],[0.955],[0.092],[0.703],[0.472],[0.429],[0.655],[0.226],[0.268],[0.064],[0.965],[0.901],[0.482],[0.419],[0.645],[0.977],[0.215],[0.727],[0.283],[0.053],[0.987],[0.205],[0.502],[1.013],[1],[0.392],[0.3],[0.75],[0.859],[0.191],[0.003],[0.761],[0.847],[0.601],[0.313],[0.771],[0.781],[0.172],[0.55],[0.794],[0.573],[0.337],[0.154],[0.349],[0.56]],"np":5,"gp":5,"pr":0.08620689655172414,"gpr":1,"fpr":0.9137931034482759,"reason":"statistic"}