{"avgHealth":0.791371479029454,"seeds":[[0.934],[0.451],[0.681],[0.247],[0.08],[0.924],[0.945],[0.671],[0.692],[0.441],[0.461],[0.237],[0.257],[0.914],[0.069],[0.091],[0.955],[0.702],[0.472],[0.657],[0.226],[0.903],[0.967],[0.423],[0.274],[0.642],[0.487],[0.215],[0.404],[0.499],[0.993],[0.202],[1.011],[0.295],[0.046],[0.509],[0.392],[0.858],[0.002],[0.192],[0.608],[0.848],[0.768],[0.182],[0.778],[0.14],[0.585],[0.55],[0.166],[0.574],[0.814],[0.152],[0.801],[0.56],[0.343]],"nseeds":55,"executions":523,"nfe":52800,"gps":[[0.934],[0.451],[0.681],[0.247],[0.08]],"lps":[],"fps":[[0.924],[0.945],[0.671],[0.692],[0.441],[0.461],[0.237],[0.257],[0.914],[0.069],[0.091],[0.955],[0.702],[0.472],[0.657],[0.226],[0.903],[0.967],[0.423],[0.274],[0.642],[0.487],[0.215],[0.404],[0.499],[0.993],[0.202],[1.011],[0.295],[0.046],[0.509],[0.392],[0.858],[0.002],[0.192],[0.608],[0.848],[0.768],[0.182],[0.778],[0.14],[0.585],[0.55],[0.166],[0.574],[0.814],[0.152],[0.801],[0.56],[0.343]],"np":5,"gp":5,"pr":0.09090909090909091,"gpr":1,"fpr":0.9090909090909091,"reason":"statistic"}