{"avgHealth":0.781451952243742,"seeds":[[0.934],[0.451],[0.681],[0.247],[0.08],[0.924],[0.945],[0.671],[0.692],[0.441],[0.461],[0.237],[0.257],[0.069],[0.091],[0.955],[0.912],[0.661],[0.704],[0.429],[0.473],[0.965],[0.27],[0.901],[0.714],[0.419],[0.645],[0.102],[0.975],[0.488],[0.725],[0.213],[0.054],[0.409],[0.992],[0.202],[0.744],[0.509],[0.12],[0.613],[0.757],[0.854],[0.039],[0.603],[0.186],[0.313],[0.843],[0.593],[0.37],[0.323],[0.544],[0.169],[0.577],[0.149],[0.335],[0.023],[0.352],[0.565]],"nseeds":58,"executions":204,"nfe":20900,"gps":[[0.934],[0.451],[0.681],[0.247],[0.08]],"lps":[],"fps":[[0.924],[0.945],[0.671],[0.692],[0.441],[0.461],[0.237],[0.257],[0.069],[0.091],[0.955],[0.912],[0.661],[0.704],[0.429],[0.473],[0.965],[0.27],[0.901],[0.714],[0.419],[0.645],[0.102],[0.975],[0.488],[0.725],[0.213],[0.054],[0.409],[0.992],[0.202],[0.744],[0.509],[0.12],[0.613],[0.757],[0.854],[0.039],[0.603],[0.186],[0.313],[0.843],[0.593],[0.37],[0.323],[0.544],[0.169],[0.577],[0.149],[0.335],[0.023],[0.352],[0.565]],"np":5,"gp":5,"pr":0.08620689655172414,"gpr":1,"fpr":0.9137931034482759,"reason":"statistic"}