{"avgHealth":160.21203220947277,"seeds":[[0.247],[0.682],[0.932],[0.449],[0.082],[0.943],[0.672],[0.46],[0.237],[0.92],[0.072],[0.695],[0.438],[0.258],[0.953],[0.662],[0.093],[0.908],[0.473],[0.963],[0.225],[0.269],[0.424],[0.651],[0.061],[0.898],[0.715],[0.483],[0.973],[0.104],[0.414],[0.279],[0.639],[0.725],[0.887],[0.212],[0.984],[0.493],[0.051],[0.736],[0.402],[0.29],[0.875],[0.627],[0.114],[0.201],[0.506],[0.746],[0.865],[0.615],[0.001],[0.301],[0.516],[0.387],[0.04],[0.855],[0.19],[0.129],[0.763],[0.311],[0.602],[0.527],[0.845],[0.373],[0.773],[0.179],[0.591],[0.321],[0.139],[0.833],[0.539],[0.027],[0.361],[0.786],[0.58],[0.331],[0.549],[0.167],[0.819],[0.014],[0.15],[0.351],[0.799],[0.559]],"nseeds":84,"executions":10,"nfe":1500,"gps":[[0.247],[0.682],[0.932],[0.449],[0.082]],"lps":[],"fps":[[0.943],[0.672],[0.46],[0.237],[0.92],[0.072],[0.695],[0.438],[0.258],[0.953],[0.662],[0.093],[0.908],[0.473],[0.963],[0.225],[0.269],[0.424],[0.651],[0.061],[0.898],[0.715],[0.483],[0.973],[0.104],[0.414],[0.279],[0.639],[0.725],[0.887],[0.212],[0.984],[0.493],[0.051],[0.736],[0.402],[0.29],[0.875],[0.627],[0.114],[0.201],[0.506],[0.746],[0.865],[0.615],[0.001],[0.301],[0.516],[0.387],[0.04],[0.855],[0.19],[0.129],[0.763],[0.311],[0.602],[0.527],[0.845],[0.373],[0.773],[0.179],[0.591],[0.321],[0.139],[0.833],[0.539],[0.027],[0.361],[0.786],[0.58],[0.331],[0.549],[0.167],[0.819],[0.014],[0.15],[0.351],[0.799],[0.559]],"np":5,"gp":5,"pr":0.05952380952380952,"gpr":1,"fpr":0.9404761904761905,"reason":"statistic"}