{"avgHealth":0.78264784221498,"seeds":[[0.934],[0.451],[0.681],[0.247],[0.08],[0.924],[0.945],[0.692],[0.441],[0.461],[0.237],[0.668],[0.258],[0.914],[0.091],[0.956],[0.431],[0.067],[0.704],[0.658],[0.472],[0.225],[0.967],[0.901],[0.714],[0.483],[0.643],[0.278],[0.215],[0.98],[0.726],[0.054],[0.499],[0.995],[0.399],[1.019],[0.119],[0.749],[0.612],[0.192],[0.856],[0.759],[0.602],[0.182],[0.316],[0.135],[0.836],[0.777],[0.589],[0.787],[0.169],[0.55],[0.576],[0.023],[0.154],[0.342],[0.802],[0.561]],"nseeds":58,"executions":214,"nfe":21900,"gps":[[0.934],[0.451],[0.681],[0.247],[0.08]],"lps":[],"fps":[[0.924],[0.945],[0.692],[0.441],[0.461],[0.237],[0.668],[0.258],[0.914],[0.091],[0.956],[0.431],[0.067],[0.704],[0.658],[0.472],[0.225],[0.967],[0.901],[0.714],[0.483],[0.643],[0.278],[0.215],[0.98],[0.726],[0.054],[0.499],[0.995],[0.399],[1.019],[0.119],[0.749],[0.612],[0.192],[0.856],[0.759],[0.602],[0.182],[0.316],[0.135],[0.836],[0.777],[0.589],[0.787],[0.169],[0.55],[0.576],[0.023],[0.154],[0.342],[0.802],[0.561]],"np":5,"gp":5,"pr":0.08620689655172414,"gpr":1,"fpr":0.9137931034482759,"reason":"statistic"}