{"avgHealth":0.7354228096279086,"seeds":[[0.934],[0.451],[0.681],[0.247],[0.08],[0.924],[0.945],[0.671],[0.692],[0.441],[0.461],[0.237],[0.257],[0.913],[0.955],[0.703],[0.66],[0.431],[0.093],[0.472],[0.062],[0.713],[0.9],[0.969],[0.646],[0.275],[0.219],[0.484],[0.414],[0.723],[0.981],[0.635],[0.109],[0.207],[0.735],[0.997],[0.504],[1.014],[0.621],[0.746],[0.86],[0.517],[0.608],[0.758],[0.308],[0.038],[0.188],[0.13],[0.844],[0.598],[0.772],[0.007],[0.176],[0.587],[0.553],[0.336],[0.57],[0.348],[0.809],[0.158]],"nseeds":60,"executions":56,"nfe":6100,"gps":[[0.934],[0.451],[0.681],[0.247],[0.08]],"lps":[],"fps":[[0.924],[0.945],[0.671],[0.692],[0.441],[0.461],[0.237],[0.257],[0.913],[0.955],[0.703],[0.66],[0.431],[0.093],[0.472],[0.062],[0.713],[0.9],[0.969],[0.646],[0.275],[0.219],[0.484],[0.414],[0.723],[0.981],[0.635],[0.109],[0.207],[0.735],[0.997],[0.504],[1.014],[0.621],[0.746],[0.86],[0.517],[0.608],[0.758],[0.308],[0.038],[0.188],[0.13],[0.844],[0.598],[0.772],[0.007],[0.176],[0.587],[0.553],[0.336],[0.57],[0.348],[0.809],[0.158]],"np":5,"gp":5,"pr":0.08333333333333333,"gpr":1,"fpr":0.9166666666666666,"reason":"statistic"}