{"avgHealth":167.37815280169653,"seeds":[[0.451],[0.935],[0.079],[0.248],[0.676],[0.925],[0.691],[0.238],[0.44],[0.947],[0.463],[0.666],[0.259],[0.915],[0.091],[0.701],[0.957],[0.43],[0.656],[0.474],[0.226],[0.904],[0.269],[0.711],[0.967],[0.419],[0.059],[0.102],[0.644],[0.893],[0.977],[0.487],[0.216],[0.724],[0.28],[0.883],[0.988],[0.497],[0.405],[0.63],[0.206],[0.114],[0.738],[0.873],[0.292],[0.046],[0.62],[0.863],[0.391],[0.001],[0.513],[0.195],[0.751],[0.304],[0.608],[0.126],[0.853],[0.381],[0.763],[0.035],[0.314],[0.843],[0.597],[0.531],[0.371],[0.179],[0.137],[0.832],[0.587],[0.782],[0.36],[0.331],[0.822],[0.025],[0.549],[0.149],[0.793],[0.164],[0.571],[0.349],[0.559],[0.808]],"nseeds":82,"executions":9,"nfe":1400,"gps":[[0.451],[0.935],[0.079],[0.248]],"lps":[],"fps":[[0.676],[0.925],[0.691],[0.238],[0.44],[0.947],[0.463],[0.666],[0.259],[0.915],[0.091],[0.701],[0.957],[0.43],[0.656],[0.474],[0.226],[0.904],[0.269],[0.711],[0.967],[0.419],[0.059],[0.102],[0.644],[0.893],[0.977],[0.487],[0.216],[0.724],[0.28],[0.883],[0.988],[0.497],[0.405],[0.63],[0.206],[0.114],[0.738],[0.873],[0.292],[0.046],[0.62],[0.863],[0.391],[0.001],[0.513],[0.195],[0.751],[0.304],[0.608],[0.126],[0.853],[0.381],[0.763],[0.035],[0.314],[0.843],[0.597],[0.531],[0.371],[0.179],[0.137],[0.832],[0.587],[0.782],[0.36],[0.331],[0.822],[0.025],[0.549],[0.149],[0.793],[0.164],[0.571],[0.349],[0.559],[0.808]],"np":4,"gp":4,"pr":0.04878048780487805,"gpr":0.8,"fpr":0.9512195121951219,"reason":"statistic"}