{"avgHealth":0.7900061312945537,"seeds":[[0.934],[0.451],[0.681],[0.247],[0.08],[0.924],[0.945],[0.692],[0.441],[0.67],[0.461],[0.237],[0.257],[0.069],[0.091],[0.955],[0.912],[0.704],[0.659],[0.472],[0.429],[0.267],[0.226],[0.968],[0.9],[0.101],[0.717],[0.058],[0.416],[0.486],[0.279],[0.215],[0.731],[0.99],[0.5],[0.114],[0.203],[0.294],[1.007],[0.046],[0.749],[0.611],[0.126],[0.85],[0.601],[0.034],[0.182],[0.374],[0.77],[0.319],[0.138],[0.171],[0.786],[0.576],[0.024],[0.336],[0.353],[0.151],[0.802]],"nseeds":59,"executions":347,"nfe":35200,"gps":[[0.934],[0.451],[0.681],[0.247],[0.08]],"lps":[],"fps":[[0.924],[0.945],[0.692],[0.441],[0.67],[0.461],[0.237],[0.257],[0.069],[0.091],[0.955],[0.912],[0.704],[0.659],[0.472],[0.429],[0.267],[0.226],[0.968],[0.9],[0.101],[0.717],[0.058],[0.416],[0.486],[0.279],[0.215],[0.731],[0.99],[0.5],[0.114],[0.203],[0.294],[1.007],[0.046],[0.749],[0.611],[0.126],[0.85],[0.601],[0.034],[0.182],[0.374],[0.77],[0.319],[0.138],[0.171],[0.786],[0.576],[0.024],[0.336],[0.353],[0.151],[0.802]],"np":5,"gp":5,"pr":0.0847457627118644,"gpr":1,"fpr":0.9152542372881356,"reason":"statistic"}