{"avgHealth":0.8003710689416718,"seeds":[[0.934],[0.451],[0.681],[0.247],[0.08],[0.924],[0.671],[0.692],[0.441],[0.946],[0.461],[0.237],[0.257],[0.914],[0.069],[0.091],[0.661],[0.957],[0.431],[0.705],[0.472],[0.267],[0.904],[0.225],[0.967],[0.65],[0.715],[0.101],[0.484],[0.057],[0.215],[0.725],[0.638],[0.495],[0.988],[0.878],[0.205],[0.508],[0.191],[0.039],[0.003],[0.602],[0.181],[0.137],[0.543],[0.361],[0.166],[0.571],[0.349]],"nseeds":49,"executions":107,"nfe":11200,"gps":[[0.934],[0.451],[0.681],[0.247],[0.08]],"lps":[],"fps":[[0.924],[0.671],[0.692],[0.441],[0.946],[0.461],[0.237],[0.257],[0.914],[0.069],[0.091],[0.661],[0.957],[0.431],[0.705],[0.472],[0.267],[0.904],[0.225],[0.967],[0.65],[0.715],[0.101],[0.484],[0.057],[0.215],[0.725],[0.638],[0.495],[0.988],[0.878],[0.205],[0.508],[0.191],[0.039],[0.003],[0.602],[0.181],[0.137],[0.543],[0.361],[0.166],[0.571],[0.349]],"np":5,"gp":5,"pr":0.10204081632653061,"gpr":1,"fpr":0.8979591836734694,"reason":"statistic"}