{"avgHealth":0.8030431675107133,"seeds":[[0.934],[0.451],[0.681],[0.247],[0.08],[0.924],[0.945],[0.671],[0.692],[0.441],[0.461],[0.237],[0.26],[0.914],[0.069],[0.091],[0.956],[0.702],[0.431],[0.473],[0.655],[0.226],[0.713],[0.969],[0.899],[0.421],[0.483],[0.059],[0.102],[0.278],[0.215],[0.98],[0.729],[0.496],[0.404],[0.112],[0.047],[0.506],[0.001],[0.125],[0.608],[0.853],[0.186],[0.598],[0.535],[0.37],[0.324],[0.781],[0.172],[0.546],[0.013],[0.335],[0.794],[0.153],[0.561]],"nseeds":55,"executions":434,"nfe":43900,"gps":[[0.934],[0.451],[0.681],[0.247],[0.08]],"lps":[],"fps":[[0.924],[0.945],[0.671],[0.692],[0.441],[0.461],[0.237],[0.26],[0.914],[0.069],[0.091],[0.956],[0.702],[0.431],[0.473],[0.655],[0.226],[0.713],[0.969],[0.899],[0.421],[0.483],[0.059],[0.102],[0.278],[0.215],[0.98],[0.729],[0.496],[0.404],[0.112],[0.047],[0.506],[0.001],[0.125],[0.608],[0.853],[0.186],[0.598],[0.535],[0.37],[0.324],[0.781],[0.172],[0.546],[0.013],[0.335],[0.794],[0.153],[0.561]],"np":5,"gp":5,"pr":0.09090909090909091,"gpr":1,"fpr":0.9090909090909091,"reason":"statistic"}