{"avgHealth":169.9032514475447,"seeds":[[0.08],[0.246],[0.935],[0.683],[0.453],[0.925],[0.673],[0.442],[0.946],[0.256],[0.695],[0.463],[0.235],[0.914],[0.069],[0.091],[0.661],[0.957],[0.43],[0.708],[0.475],[0.268],[0.904],[0.651],[0.223],[0.97],[0.42],[0.101],[0.059],[0.719],[0.893],[0.486],[0.64],[0.981],[0.211],[0.284],[0.73],[0.407],[0.498],[0.991],[0.629],[0.877],[0.113],[0.294],[0.742],[0.046],[0.396],[0.199],[0.619],[0.509],[0.865],[0.001],[0.752],[0.125],[0.305],[0.519],[0.854],[0.188],[0.762],[0.603],[0.378],[0.529],[0.034],[0.135],[0.772],[0.838],[0.593],[0.32],[0.174],[0.541],[0.364],[0.828],[0.58],[0.33],[0.787],[0.147],[0.014],[0.816],[0.353],[0.555],[0.798],[0.569],[0.161]],"nseeds":83,"executions":26,"nfe":3100,"gps":[[0.08],[0.246],[0.935],[0.683],[0.453]],"lps":[],"fps":[[0.925],[0.673],[0.442],[0.946],[0.256],[0.695],[0.463],[0.235],[0.914],[0.069],[0.091],[0.661],[0.957],[0.43],[0.708],[0.475],[0.268],[0.904],[0.651],[0.223],[0.97],[0.42],[0.101],[0.059],[0.719],[0.893],[0.486],[0.64],[0.981],[0.211],[0.284],[0.73],[0.407],[0.498],[0.991],[0.629],[0.877],[0.113],[0.294],[0.742],[0.046],[0.396],[0.199],[0.619],[0.509],[0.865],[0.001],[0.752],[0.125],[0.305],[0.519],[0.854],[0.188],[0.762],[0.603],[0.378],[0.529],[0.034],[0.135],[0.772],[0.838],[0.593],[0.32],[0.174],[0.541],[0.364],[0.828],[0.58],[0.33],[0.787],[0.147],[0.014],[0.816],[0.353],[0.555],[0.798],[0.569],[0.161]],"np":5,"gp":5,"pr":0.060240963855421686,"gpr":1,"fpr":0.9397590361445783,"reason":"statistic"}