{"avgHealth":0.7814772979176426,"seeds":[[0.934],[0.451],[0.681],[0.247],[0.08],[0.924],[0.945],[0.671],[0.692],[0.461],[0.44],[0.237],[0.259],[0.914],[0.955],[0.068],[0.703],[0.093],[0.659],[0.472],[0.428],[0.269],[0.966],[0.713],[0.222],[0.896],[0.418],[0.644],[0.057],[0.978],[0.723],[0.108],[0.408],[0.99],[0.206],[0.29],[1.008],[0.396],[0.619],[0.119],[0.864],[0.305],[0.853],[0.605],[0.761],[0.187],[0.771],[0.589],[0.174],[0.825],[0.787],[0.579],[0.335],[0.552],[0.351],[0.569],[0.802]],"nseeds":57,"executions":119,"nfe":12400,"gps":[[0.934],[0.451],[0.681],[0.247],[0.08]],"lps":[],"fps":[[0.924],[0.945],[0.671],[0.692],[0.461],[0.44],[0.237],[0.259],[0.914],[0.955],[0.068],[0.703],[0.093],[0.659],[0.472],[0.428],[0.269],[0.966],[0.713],[0.222],[0.896],[0.418],[0.644],[0.057],[0.978],[0.723],[0.108],[0.408],[0.99],[0.206],[0.29],[1.008],[0.396],[0.619],[0.119],[0.864],[0.305],[0.853],[0.605],[0.761],[0.187],[0.771],[0.589],[0.174],[0.825],[0.787],[0.579],[0.335],[0.552],[0.351],[0.569],[0.802]],"np":5,"gp":5,"pr":0.08771929824561403,"gpr":1,"fpr":0.9122807017543859,"reason":"statistic"}