{"avgHealth":0.8000499196064226,"seeds":[[0.934],[0.451],[0.681],[0.247],[0.08],[0.924],[0.945],[0.671],[0.692],[0.441],[0.461],[0.237],[0.257],[0.914],[0.069],[0.091],[0.955],[0.661],[0.702],[0.429],[0.473],[0.226],[0.269],[0.9],[0.714],[0.101],[0.056],[0.887],[0.282],[0.493],[0.73],[0.21],[0.112],[0.993],[1.016],[0.744],[0.296],[0.508],[0.393],[0.043],[0.86],[0.124],[0.606],[0.004],[0.186],[0.847],[0.594],[0.319],[0.367],[0.171],[0.786],[0.331],[0.817],[0.349],[0.018]],"nseeds":55,"executions":162,"nfe":16700,"gps":[[0.934],[0.451],[0.681],[0.247],[0.08]],"lps":[],"fps":[[0.924],[0.945],[0.671],[0.692],[0.441],[0.461],[0.237],[0.257],[0.914],[0.069],[0.091],[0.955],[0.661],[0.702],[0.429],[0.473],[0.226],[0.269],[0.9],[0.714],[0.101],[0.056],[0.887],[0.282],[0.493],[0.73],[0.21],[0.112],[0.993],[1.016],[0.744],[0.296],[0.508],[0.393],[0.043],[0.86],[0.124],[0.606],[0.004],[0.186],[0.847],[0.594],[0.319],[0.367],[0.171],[0.786],[0.331],[0.817],[0.349],[0.018]],"np":5,"gp":5,"pr":0.09090909090909091,"gpr":1,"fpr":0.9090909090909091,"reason":"statistic"}