{"avgHealth":325.3884351420422,"seeds":[[0.454,0.933],[0.94,0.451],[0.673,0.682],[0.078,0.944],[0.925,0.675],[0.448,0.255],[0.939,0.945],[0.693,0.679],[0.675,0.923],[0.684,0.465],[0.686,0.259],[0.689,0.696],[0.089,0.924],[0.433,0.241],[0.93,0.263],[0.439,0.915],[0.078,0.067],[0.932,0.96],[0.472,0.943],[0.7,0.916],[0.227,0.082],[0.934,0.905],[0.655,0.928],[0.705,0.258],[0.695,0.706],[0.676,0.965],[0.663,0.957],[0.072,0.906],[0.965,0.69],[0.258,0.095],[0.468,0.229],[0.272,0.08],[0.655,0.917],[0.714,0.242],[0.236,0.901],[0.919,0.062],[0.074,0.648],[0.097,0.233],[0.938,0.718],[0.974,0.681],[0.661,0.268],[0.426,0.068],[0.092,0.904],[0.7,0.478],[0.058,0.931],[0.453,0.104],[0.903,0.909],[0.93,0.978],[0.924,0.486],[0.478,0.431],[0.447,0.215],[0.974,0.437],[0.461,0.977],[0.952,0.219],[0.481,0.702],[0.281,0.249],[0.951,0.644],[0.723,0.692],[0.086,0.726],[0.223,0.426],[0.248,0.495],[0.285,0.937],[0.731,0.936],[0.971,0.065],[0.209,0.077],[0.651,0.737],[0.613,0.742]],"nseeds":67,"executions":14,"nfe":1900,"gps":[[0.94,0.451]],"lps":[],"fps":[[0.454,0.933],[0.673,0.682],[0.078,0.944],[0.925,0.675],[0.448,0.255],[0.939,0.945],[0.693,0.679],[0.675,0.923],[0.684,0.465],[0.686,0.259],[0.689,0.696],[0.089,0.924],[0.433,0.241],[0.93,0.263],[0.439,0.915],[0.078,0.067],[0.932,0.96],[0.472,0.943],[0.7,0.916],[0.227,0.082],[0.934,0.905],[0.655,0.928],[0.705,0.258],[0.695,0.706],[0.676,0.965],[0.663,0.957],[0.072,0.906],[0.965,0.69],[0.258,0.095],[0.468,0.229],[0.272,0.08],[0.655,0.917],[0.714,0.242],[0.236,0.901],[0.919,0.062],[0.074,0.648],[0.097,0.233],[0.938,0.718],[0.974,0.681],[0.661,0.268],[0.426,0.068],[0.092,0.904],[0.7,0.478],[0.058,0.931],[0.453,0.104],[0.903,0.909],[0.93,0.978],[0.924,0.486],[0.478,0.431],[0.447,0.215],[0.974,0.437],[0.461,0.977],[0.952,0.219],[0.481,0.702],[0.281,0.249],[0.951,0.644],[0.723,0.692],[0.086,0.726],[0.223,0.426],[0.248,0.495],[0.285,0.937],[0.731,0.936],[0.971,0.065],[0.209,0.077],[0.651,0.737],[0.613,0.742]],"np":1,"gp":1,"pr":0.014925373134328358,"gpr":0.2,"fpr":0.9850746268656716,"reason":"statistic"}