{"avgHealth":0.9670332910289408,"seeds":[[0.451,0.681],[0.451,0.45],[0.08,0.45],[0.935,0.681],[0.452,0.934],[0.248,0.934],[0.246,0.452],[0.248,0.681],[0.68,0.936],[0.932,0.936],[0.08,0.937],[0.935,0.454],[0.082,0.682],[0.933,0.082],[0.677,0.453],[0.244,0.243],[0.449,0.251],[0.456,0.08],[0.932,0.242],[0.08,0.926],[0.935,0.926],[0.084,0.243],[0.243,0.084],[0.943,0.937],[0.924,0.451],[0.931,0.691],[0.449,0.239],[0.451,0.923],[0.244,0.691],[0.923,0.68],[0.447,0.944],[0.248,0.923],[0.441,0.079],[0.455,0.46],[0.455,0.692],[0.459,0.942],[0.935,0.256],[0.677,0.946],[0.44,0.684],[0.933,0.947],[0.238,0.446],[0.462,0.451],[0.462,0.681],[0.459,0.24],[0.073,0.083],[0.922,0.942],[0.695,0.936],[0.943,0.441],[0.695,0.685],[0.243,0.257],[0.677,0.463],[0.451,0.667],[0.08,0.696],[0.236,0.929],[0.925,0.921],[0.921,0.69],[0.95,0.679],[0.451,0.071],[0.08,0.071],[0.935,0.071],[0.245,0.071],[0.923,0.67],[0.241,0.463],[0.687,0.696],[0.451,0.089],[0.948,0.24],[0.918,0.083],[0.923,0.256],[0.95,0.083],[0.924,0.439],[0.253,0.463],[0.453,0.225],[0.231,0.585]],"nseeds":73,"executions":661,"nfe":66600,"gps":[[0.451,0.681],[0.451,0.45],[0.08,0.45],[0.932,0.936],[0.08,0.937],[0.082,0.682],[0.677,0.453],[0.449,0.251],[0.456,0.08],[0.932,0.242],[0.243,0.084],[0.449,0.239],[0.455,0.46]],"lps":[],"fps":[[0.935,0.681],[0.452,0.934],[0.248,0.934],[0.246,0.452],[0.248,0.681],[0.68,0.936],[0.935,0.454],[0.933,0.082],[0.244,0.243],[0.08,0.926],[0.935,0.926],[0.084,0.243],[0.943,0.937],[0.924,0.451],[0.931,0.691],[0.451,0.923],[0.244,0.691],[0.923,0.68],[0.447,0.944],[0.248,0.923],[0.441,0.079],[0.455,0.692],[0.459,0.942],[0.935,0.256],[0.677,0.946],[0.44,0.684],[0.933,0.947],[0.238,0.446],[0.462,0.451],[0.462,0.681],[0.459,0.24],[0.073,0.083],[0.922,0.942],[0.695,0.936],[0.943,0.441],[0.695,0.685],[0.243,0.257],[0.677,0.463],[0.451,0.667],[0.08,0.696],[0.236,0.929],[0.925,0.921],[0.921,0.69],[0.95,0.679],[0.451,0.071],[0.08,0.071],[0.935,0.071],[0.245,0.071],[0.923,0.67],[0.241,0.463],[0.687,0.696],[0.451,0.089],[0.948,0.24],[0.918,0.083],[0.923,0.256],[0.95,0.083],[0.924,0.439],[0.253,0.463],[0.453,0.225],[0.231,0.585]],"np":13,"gp":13,"pr":0.1780821917808219,"gpr":2.6,"fpr":0.821917808219178,"reason":"statistic"}