{"avgHealth":0.964003404981285,"seeds":[[0.934,0.08],[0.682,0.246],[0.683,0.451],[0.68,0.932],[0.081,0.933],[0.449,0.932],[0.684,0.079],[0.249,0.933],[0.677,0.679],[0.081,0.077],[0.446,0.451],[0.25,0.078],[0.929,0.931],[0.08,0.251],[0.94,0.451],[0.94,0.933],[0.454,0.077],[0.448,0.251],[0.242,0.678],[0.455,0.446],[0.688,0.678],[0.685,0.688],[0.251,0.251],[0.249,0.689],[0.927,0.446],[0.674,0.082],[0.083,0.675],[0.94,0.252],[0.453,0.69],[0.078,0.69],[0.682,0.944],[0.078,0.944],[0.452,0.239],[0.458,0.675],[0.925,0.675],[0.682,0.441],[0.924,0.083],[0.248,0.441],[0.939,0.945],[0.692,0.929],[0.076,0.442],[0.249,0.238],[0.684,0.461],[0.454,0.946],[0.675,0.923],[0.945,0.675],[0.682,0.669],[0.927,0.946],[0.693,0.242],[0.074,0.24],[0.25,0.669],[0.943,0.923],[0.923,0.24],[0.945,0.69],[0.943,0.441],[0.682,0.236],[0.236,0.079],[0.439,0.94],[0.695,0.446],[0.683,0.258],[0.695,0.083],[0.248,0.464],[0.695,0.942],[0.089,0.452],[0.234,0.245],[0.934,0.916],[0.465,0.077],[0.085,0.236],[0.665,0.249],[0.952,0.932],[0.07,0.932],[0.665,0.938],[0.94,0.465],[0.452,0.466],[0.446,0.436],[0.677,0.698],[0.456,0.436],[0.437,0.443],[0.676,0.952],[0.682,0.27],[0.007,0.466]],"nseeds":81,"executions":552,"nfe":55700,"gps":[[0.934,0.08],[0.683,0.451],[0.677,0.679],[0.08,0.251],[0.94,0.451],[0.94,0.933],[0.454,0.077],[0.455,0.446],[0.685,0.688],[0.251,0.251],[0.249,0.689],[0.674,0.082],[0.453,0.69],[0.249,0.238]],"lps":[],"fps":[[0.682,0.246],[0.68,0.932],[0.081,0.933],[0.449,0.932],[0.684,0.079],[0.249,0.933],[0.081,0.077],[0.446,0.451],[0.25,0.078],[0.929,0.931],[0.448,0.251],[0.242,0.678],[0.688,0.678],[0.927,0.446],[0.083,0.675],[0.94,0.252],[0.078,0.69],[0.682,0.944],[0.078,0.944],[0.452,0.239],[0.458,0.675],[0.925,0.675],[0.682,0.441],[0.924,0.083],[0.248,0.441],[0.939,0.945],[0.692,0.929],[0.076,0.442],[0.684,0.461],[0.454,0.946],[0.675,0.923],[0.945,0.675],[0.682,0.669],[0.927,0.946],[0.693,0.242],[0.074,0.24],[0.25,0.669],[0.943,0.923],[0.923,0.24],[0.945,0.69],[0.943,0.441],[0.682,0.236],[0.236,0.079],[0.439,0.94],[0.695,0.446],[0.683,0.258],[0.695,0.083],[0.248,0.464],[0.695,0.942],[0.089,0.452],[0.234,0.245],[0.934,0.916],[0.465,0.077],[0.085,0.236],[0.665,0.249],[0.952,0.932],[0.07,0.932],[0.665,0.938],[0.94,0.465],[0.452,0.466],[0.446,0.436],[0.677,0.698],[0.456,0.436],[0.437,0.443],[0.676,0.952],[0.682,0.27],[0.007,0.466]],"np":14,"gp":14,"pr":0.1728395061728395,"gpr":2.8,"fpr":0.8271604938271605,"reason":"statistic"}