{"avgHealth":0.5719952365412841,"seeds":[[3.141592653589793],[3.1541590242041515],[3.1290262829754347],[3.1164599123610746],[3.1667253948185117],[3.17929176543287],[3.103893541746716],[3.1918581360472302],[3.091327171132356],[3.2044245066615886],[3.0787608005179976],[3.216990877275949],[3.0661944299036374],[3.053628059289279],[3.229557247890307],[3.041061688674919],[3.2421236185046673],[3.2546899891190257],[3.0284953180605605],[3.267256359733384],[3.015928947446202],[3.003362576831842],[3.2798227303477443],[3.2923891009621027],[2.9907962062174835],[3.304955471576463],[2.9782298356031234],[2.965663464988765],[3.3175218421908212],[3.3300882128051814],[2.953097094374405],[2.9405307237600464],[3.34265458341954],[2.9279643531456863],[3.3552209540339],[2.915397982531328],[3.3677873246482584],[3.3803536952626168],[2.9028316119169695],[3.392920065876977],[2.8902652413026093],[2.877698870688251],[3.4054864364913353],[3.4180528071056955],[2.8651325000738908],[2.8525661294595324],[3.430619177720054],[3.443185548334414],[2.839999758845172],[3.4557519189487724],[2.827433388230814],[3.4683182895631326],[2.8148670176164536],[3.480884660177491],[2.8023006470020952],[2.789734276387737],[3.4934510307918494],[3.5060174014062095],[2.7771679057733767],[3.518583772020568],[2.7646015351590183],[3.531150142634928],[2.752035164544658],[3.5437165132492865],[2.7394687939302997],[3.5562828838636467],[2.7269024233159396],[2.714336052701581],[3.568849254478005],[3.581415625092365],[2.701769682087221],[3.5939819957067236],[2.6892033114728626],[3.6065483663210838],[2.6766369408585025],[2.664070570244144],[3.619114736935442],[3.6316811075498006],[2.6515041996297857],[3.6442474781641607],[2.6389378290154255],[3.656813848778519],[2.626371458401067],[2.613805087786707],[3.6693802193928793],[3.6819465900072377],[2.6012387171723486],[3.694512960621598],[2.5886723465579884],[3.7070793312359562],[2.57610597594363],[3.7196457018503164],[2.56353960532927],[3.732212072464675],[2.5509732347149114],[3.744778443079033],[2.538406864100553],[3.7573448136933933],[2.525840493486193],[2.5132741228718345],[3.7699111843077517],[2.5007077522574743],[3.782477554922112],[3.7950439255364703],[2.488141381643116],[3.8076102961508305],[2.4755750110287558],[3.820176666765189],[2.4630086404143974],[3.832743037379549],[2.450442269800037],[3.8453094079939074],[2.437875899185679],[3.857875778608266],[3.870442149222626],[2.4127431579569603],[3.8830085198369844],[3.8955748904513445],[2.3876104167282417],[3.908141261065703],[2.3750440461138833],[3.920707631680063],[2.362477675499523],[3.9332740022944197],[2.3499113048851665],[3.94584037290878],[3.9584067435231383],[2.324778563656448],[3.996105855366217],[2.2870794518133692],[2.274513081199011],[2.2619467105846525],[4.033804967209294],[2.2493803399702923],[4.046371337823652],[2.2242475987415737],[2.2116812281272153],[4.084070449666731],[4.096636820281089],[2.1739821162841366],[4.121769561509808],[2.1614157456697782],[4.146902302738527],[2.1362830044410597],[4.159468673352885],[2.1237166338267013],[4.1846014145816035],[2.0985838925979827],[4.197167785195964],[4.222300526424682],[2.060884780754904],[2.035752039526187],[4.259999638267759],[1.9603538158400315],[1.9477874452256714],[1.8849555921538759],[4.4484951974831475],[1.8095573684677202],[1.7467255153959247],[4.649557127312894],[4.674689868541613],[1.5959290680236151],[4.699822609770331],[-1.633628179866692],[-2.1739821162841366],[-2.199114857512855],[-2.2870794518133692],[-2.312212193042088],[-2.324778563656447],[-2.3750440461138838],[-2.3876104167282426],[-2.400176787342602],[-2.412743157956961],[-2.4253095285713204],[-2.4378758991856797],[-2.463008640414398],[-2.475575011028757],[-2.4881413816431164],[-2.5007077522574757],[-2.538406864100553],[-2.5761059759436304],[-2.601238717172349],[-2.6515041996297857],[-2.6766369408585042],[-2.689203311472863],[-2.7143360527015816],[-2.726902423315941],[-2.7520351645446586],[-2.7771679057733767],[-2.789734276387736],[-2.8023006470020952],[-2.8274333882308134],[-2.8776988706882505],[-2.9656634649887645],[-2.978229835603124],[-2.990796206217483],[-3.0284953180605605],[-3.0410616886749198],[-3.053628059289279],[-3.066194429903638],[-3.078760800517997],[-3.0913271711323564],[-3.1164599123610746],[-3.129026282975434],[-3.141592653589793],[-3.1541590242041524],[-3.19185813604723],[-3.204424506661589],[-3.2169908772759483],[-3.2421236185046665],[-3.267256359733385],[-3.292389100962103],[-3.3049554715764624],[-3.355220954033899],[-3.367787324648258],[-3.4683182895631317],[-3.9835394847518577],[-4.687256239155971],[-4.69982260977033],[-4.71238898038469],[-6.270618936565227],[-6.0821233773498395],[-5.830795965062656],[-5.8182295944482965],[-5.5669021821611135],[-4.724955350999049],[-1.457698991265664],[-1.4451326206513047],[-0.8670795723907831],[6.283185307179586],[4.724955350999048],[0.6157521601036002],[1.2692034320502765],[4.9637163926718735]],"nseeds":234,"executions":1630,"nfe":163500,"gps":[[3.141592653589793]],"lps":[],