{"avgHealth":0.9480449369880934,"seeds":[[3.141592653589793,3.141592653589793],[3.141592653589793,3.1541590242041515],[3.141592653589793,3.1290262829754347],[3.1290262829754347,3.141592653589793],[3.1541590242041515,3.141592653589793],[3.1541590242041515,3.1541590242041515],[3.1290262829754347,3.1541590242041515],[3.1290262829754347,3.1290262829754347],[3.1541590242041515,3.1290262829754347],[3.1667253948185117,3.141592653589793],[3.141592653589793,3.1667253948185117],[3.141592653589793,3.1164599123610746],[3.1164599123610746,3.141592653589793],[3.1667253948185117,3.1290262829754347],[3.1667253948185117,3.1541590242041515],[3.1164599123610746,3.1541590242041515],[3.1290262829754347,3.1164599123610746],[3.1290262829754347,3.1667253948185117],[3.1164599123610746,3.1667253948185117],[3.1667253948185117,3.1667253948185117],[3.103893541746716,3.141592653589793],[3.103893541746716,3.1290262829754347],[3.103893541746716,3.1541590242041515],[3.1290262829754347,3.103893541746716],[3.103893541746716,3.1667253948185117],[3.1164599123610746,3.17929176543287],[3.141592653589793,3.1918581360472302],[3.103893541746716,3.103893541746716],[3.1667253948185117,3.091327171132356],[3.1667253948185117,3.1918581360472302],[3.091327171132356,3.1667253948185117],[3.091327171132356,3.091327171132356],[3.1667253948185117,3.0661944299036374],[3.2044245066615886,3.1918581360472302],[3.0787608005179976,3.091327171132356],[3.141592653589793,3.053628059289279],[3.1290262829754347,3.053628059289279],[3.2044245066615886,3.216990877275949],[3.091327171132356,3.229557247890307],[3.1667253948185117,3.0284953180605605],[3.091327171132356,3.2546899891190257],[3.2798227303477443,3.1667253948185117],[3.2798227303477443,3.1918581360472302],[2.9279643531456863,3.4934510307918494],[3.8955748904513445,3.1667253948185117],[3.8830085198369844,2.9907962062174835],[4.172035043967245,3.141592653589793],[4.172035043967245,3.1541590242041515],[4.172035043967245,3.17929176543287],[2.7771679057733767,4.272566008882118],[2.3373449342708064,4.272566008882118],[5.428672105403162,5.290442028645213],[1.3823007675795091,-0.389557489045135],[-0.7916813487046275,1.3948671381938684],[-0.8796459430051424,4.787787204070845],[1.1058406140636068,-1.0430087609918113],[0.691150383789755,-0.9676105373056565],[-0.8670795723907831,6.1198224891929165],[-1.8849555921538759,3.531150142634928],[-1.9980529276831085,3.229557247890307],[-2.0483184101405447,3.17929176543287],[6.0821233773498395,-1.2566370614359172],[3.9332740022944197,-2.8023006470020952],[-3.933274002294421,3.1541590242041515],[2.7646015351590183,-4.69982260977033],[2.3499113048851665,-4.69982260977033],[1.118406984677966,-4.875751798371359],[1.118406984677966,-4.888318168985718]],"nseeds":68,"executions":511,"nfe":51600,"gps":[],"lps":[],"fps":[[3.141592653589793,3.141592653589793],[3.141592653589793,3.1541590242041515],[3.141592653589793,3.1290262829754347],[3.1290262829754347,3.141592653589793],[3.1541590242041515,3.141592653589793],[3.1541590242041515,3.1541590242041515],[3.1290262829754347,3.1541590242041515],[3.1290262829754347,3.1290262829754347],[3.1541590242041515,3.1290262829754347],[3.1667253948185117,3.141592653589793],[3.141592653589793,3.1667253948185117],[3.141592653589793,3.1164599123610746],[3.1164599123610746,3.141592653589793],[3.1667253948185117,3.1290262829754347],[3.1667253948185117,3.1541590242041515],[3.1164599123610746,3.1541590242041515],[3.1290262829754347,3.1164599123610746],[3.1290262829754347,3.1667253948185117],[3.1164599123610746,3.1667253948185117],[3.1667253948185117,3.1667253948185117],[3.103893541746716,3.141592653589793],[3.103893541746716,3.1290262829754347],[3.103893541746716,3.1541590242041515],[3.1290262829754347,3.103893541746716],[3.103893541746716,3.1667253948185117],[3.1164599123610746,3.17929176543287],[3.141592653589793,3.1918581360472302],[3.103893541746716,3.103893541746716],[3.1667253948185117,3.091327171132356],[3.1667253948185117,3.1918581360472302],[3.091327171132356,3.1667253948185117],[3.091327171132356,3.091327171132356],[3.1667253948185117,3.0661944299036374],[3.2044245066615886,3.1918581360472302],[3.0787608005179976,3.091327171132356],[3.141592653589793,3.053628059289279],[3.1290262829754347,3.053628059289279],[3.2044245066615886,3.216990877275949],[3.091327171132356,3.229557247890307],[3.1667253948185117,3.0284953180605605],[3.091327171132356,3.2546899891190257],[3.2798227303477443,3.1667253948185117],[3.2798227303477443,3.1918581360472302],[2.9279643531456863,3.4934510307918494],[3.8955748904513445,3.1667253948185117],[3.8830085198369844,2.9907962062174835],[4.172035043967245,3.141592653589793],[4.172035043967245,3.1541590242041515],[4.172035043967245,3.17929176543287],[2.7771679057733767,4.272566008882118],[2.3373449342708064,4.272566008882118],[5.428672105403162,5.290442028645213],[1.3823007675795091,-0.389557489045135],[-0.7916813487046275,1.3948671381938684],[-0.8796459430051424,4.787787204070845],[1.1058406140636068,-1.0430087609918113],[0.691150383789755,-0.9676105373056565],[-0.8670795723907831,6.1198224891929165],[-1.8849555921538759,3.531150142634928],[-1.9980529276831085,3.229557247890307],[-2.0483184101405447,3.17929176543287],[6.0821233773498395,-1.2566370614359172],[3.9332740022944197,-2.8023006470020952],[-3.933274002294421,3.1541590242041515],[2.7646015351590183,-4.69982260977033],[2.3499113048851665,-4.69982260977033],[1.118406984677966,-4.875751798371359],[1.118406984677966,-4.888318168985718]],"np":0,"gp":0,"pr":0,"gpr":0,"fpr":1,"reason":"statistic"}