{"avgHealth":0.9583259628226639,"seeds":[[3.1541590242041515,3.141592653589793],[3.1541590242041515,3.1290262829754347],[3.1667253948185117,3.141592653589793],[3.1667253948185117,3.1164599123610746],[3.1541590242041515,3.17929176543287],[3.1667253948185117,3.17929176543287],[3.17929176543287,3.17929176543287],[3.17929176543287,3.1918581360472302],[3.2044245066615886,3.141592653589793],[3.2044245066615886,3.1164599123610746],[3.216990877275949,3.141592653589793],[3.216990877275949,3.1541590242041515],[3.216990877275949,3.1164599123610746],[3.216990877275949,3.103893541746716],[3.216990877275949,3.17929176543287],[3.229557247890307,3.141592653589793],[3.229557247890307,3.1164599123610746],[3.216990877275949,3.2044245066615886],[3.2044245066615886,3.053628059289279],[3.229557247890307,3.0661944299036374],[3.229557247890307,3.053628059289279],[3.015928947446202,3.1667253948185117],[3.015928947446202,3.17929176543287],[3.229557247890307,3.041061688674919],[3.2798227303477443,3.141592653589793],[3.2798227303477443,3.17929176543287],[3.2798227303477443,3.2044245066615886],[3.17929176543287,3.304955471576463],[2.953097094374405,3.1164599123610746],[3.015928947446202,3.2923891009621027],[2.9405307237600464,3.141592653589793],[2.9405307237600464,3.1667253948185117],[3.2923891009621027,3.2798227303477443],[3.015928947446202,3.304955471576463],[3.2923891009621027,3.304955471576463],[2.9405307237600464,3.041061688674919],[3.3677873246482584,3.103893541746716],[2.8902652413026093,3.141592653589793],[2.877698870688251,3.015928947446202],[2.4755750110287558,3.003362576831842],[2.877698870688251,2.199114857512855],[3.2044245066615886,4.247433267653399],[2.9028316119169695,4.247433267653399],[3.4180528071056955,4.247433267653399],[3.229557247890307,4.523893421169301],[1.7341591447815663,3.1164599123610746],[1.6210618092523337,3.041061688674919],[5.31557476987393,5.642300405847267],[4.988849133900592,-0.41469023027385266],[5.91876055936317,-0.8419468311620646],[-0.9047786842338601,5.881061447520093],[-1.0430087609918113,5.943893300591888],[-0.3141592653589793,-0.6408849013323179],[-1.9603538158400315,3.1164599123610746],[0.6283185307179595,-1.332035285122072],[2.626371458401067,-2.186548486898496],[2.488141381643116,-2.186548486898496],[1.156106096521044,-5.541769440932395],[1.156106096521044,-5.667433147075987]],"nseeds":59,"executions":653,"nfe":65800,"gps":[],"lps":[],"fps":[[3.1541590242041515,3.141592653589793],[3.1541590242041515,3.1290262829754347],[3.1667253948185117,3.141592653589793],[3.1667253948185117,3.1164599123610746],[3.1541590242041515,3.17929176543287],[3.1667253948185117,3.17929176543287],[3.17929176543287,3.17929176543287],[3.17929176543287,3.1918581360472302],[3.2044245066615886,3.141592653589793],[3.2044245066615886,3.1164599123610746],[3.216990877275949,3.141592653589793],[3.216990877275949,3.1541590242041515],[3.216990877275949,3.1164599123610746],[3.216990877275949,3.103893541746716],[3.216990877275949,3.17929176543287],[3.229557247890307,3.141592653589793],[3.229557247890307,3.1164599123610746],[3.216990877275949,3.2044245066615886],[3.2044245066615886,3.053628059289279],[3.229557247890307,3.0661944299036374],[3.229557247890307,3.053628059289279],[3.015928947446202,3.1667253948185117],[3.015928947446202,3.17929176543287],[3.229557247890307,3.041061688674919],[3.2798227303477443,3.141592653589793],[3.2798227303477443,3.17929176543287],[3.2798227303477443,3.2044245066615886],[3.17929176543287,3.304955471576463],[2.953097094374405,3.1164599123610746],[3.015928947446202,3.2923891009621027],[2.9405307237600464,3.141592653589793],[2.9405307237600464,3.1667253948185117],[3.2923891009621027,3.2798227303477443],[3.015928947446202,3.304955471576463],[3.2923891009621027,3.304955471576463],[2.9405307237600464,3.041061688674919],[3.3677873246482584,3.103893541746716],[2.8902652413026093,3.141592653589793],[2.877698870688251,3.015928947446202],[2.4755750110287558,3.003362576831842],[2.877698870688251,2.199114857512855],[3.2044245066615886,4.247433267653399],[2.9028316119169695,4.247433267653399],[3.4180528071056955,4.247433267653399],[3.229557247890307,4.523893421169301],[1.7341591447815663,3.1164599123610746],[1.6210618092523337,3.041061688674919],[5.31557476987393,5.642300405847267],[4.988849133900592,-0.41469023027385266],[5.91876055936317,-0.8419468311620646],[-0.9047786842338601,5.881061447520093],[-1.0430087609918113,5.943893300591888],[-0.3141592653589793,-0.6408849013323179],[-1.9603538158400315,3.1164599123610746],[0.6283185307179595,-1.332035285122072],[2.626371458401067,-2.186548486898496],[2.488141381643116,-2.186548486898496],[1.156106096521044,-5.541769440932395],[1.156106096521044,-5.667433147075987]],"np":0,"gp":0,"pr":0,"gpr":0,"fpr":1,"reason":"statistic"}