{"avgHealth":0.9045499461557167,"seeds":[[3.141592653589793,3.141592653589793],[3.1541590242041515,3.141592653589793],[3.1290262829754347,3.141592653589793],[3.141592653589793,3.1541590242041515],[3.141592653589793,3.1290262829754347],[3.1541590242041515,3.1541590242041515],[3.1290262829754347,3.1290262829754347],[3.1290262829754347,3.1541590242041515],[3.1541590242041515,3.1290262829754347],[3.1290262829754347,3.1667253948185117],[3.1164599123610746,3.1541590242041515],[3.1290262829754347,3.1164599123610746],[3.1541590242041515,3.1164599123610746],[3.1164599123610746,3.1667253948185117],[3.1164599123610746,3.1164599123610746],[3.1667253948185117,3.1164599123610746],[3.141592653589793,3.103893541746716],[3.1290262829754347,3.103893541746716],[3.103893541746716,3.1667253948185117],[3.1164599123610746,3.103893541746716],[3.141592653589793,3.091327171132356],[3.103893541746716,3.17929176543287],[3.216990877275949,3.141592653589793],[3.103893541746716,3.216990877275949],[3.091327171132356,3.216990877275949],[3.053628059289279,3.1667253948185117],[3.141592653589793,3.2421236185046673],[3.1290262829754347,3.2421236185046673],[3.1164599123610746,3.2421236185046673],[3.1918581360472302,3.041061688674919],[3.141592653589793,3.0284953180605605],[3.0284953180605605,3.1164599123610746],[3.1290262829754347,3.015928947446202],[3.053628059289279,3.041061688674919],[3.053628059289279,3.2798227303477443],[3.1290262829754347,3.34265458341954],[3.141592653589793,3.3552209540339],[3.267256359733384,3.3175218421908212],[3.3300882128051814,3.2546899891190257],[3.267256359733384,3.3300882128051814],[3.2923891009621027,3.392920065876977],[3.2923891009621027,3.4054864364913353],[3.2923891009621027,3.619114736935442],[3.141592653589793,2.57610597594363],[3.1541590242041515,2.538406864100553],[3.0284953180605605,2.4630086404143974],[3.216990877275949,2.437875899185679],[3.216990877275949,2.4127431579569603],[2.4630086404143974,3.4683182895631326],[2.4630086404143974,3.6819465900072377],[2.4127431579569603,2.538406864100553],[2.4127431579569603,2.4127431579569603],[2.4127431579569603,2.3373449342708064],[4.197167785195964,2.6389378290154255],[5.00141550451495,5.378406622945727],[0.9676105373056556,5.504070329089316],[5.101946469429825,-0.7162831250184727],[4.976282763286232,-0.8042477193189868],[-0.3141592653589793,6.132388859807277],[-0.7162831250184727,5.906194188748811],[-1.6587609210954106,3.141592653589793],[-1.6587609210954106,3.1541590242041515],[6.157521601035995,-1.1812388377497616],[-2.1739821162841366,3.4683182895631326],[5.76796411199086,-1.3823007675795091],[5.340707511102648,-1.5330972149518187],[3.3552209540339,-2.7394687939302997],[2.8902652413026093,-2.852566129459532],[-1.6461945504810513,-2.852566129459532],[-4.687256239155971,3.216990877275949],[5.290442028645213,-4.7500880922277675],[-4.976282763286232,1.118406984677966],[-5.01398187512931,1.3571680263507906],[0.5906194188748817,-4.900884539600077],[-5.215043804959056,5.0516809869723875],[6.132388859807277,-4.900884539600077],[-4.812919945299563,-0.03769911184307784],[4.863185427756999,-5.365840252331367],[5.881061447520093,-5.2653092874164935],[5.378406622945727,-5.491503958474958],[5.378406622945727,-5.504070329089318],[5.893627818134451,-5.956459671206248],[0.49008845396000833,-6.06955700673548]],"nseeds":83,"executions":417,"nfe":42200,"gps":[],"lps":[],"fps":[[3.141592653589793,3.141592653589793],[3.1541590242041515,3.141592653589793],[3.1290262829754347,3.141592653589793],[3.141592653589793,3.1541590242041515],[3.141592653589793,3.1290262829754347],[3.1541590242041515,3.1541590242041515],[3.1290262829754347,3.1290262829754347],[3.1290262829754347,3.1541590242041515],[3.1541590242041515,3.1290262829754347],[3.1290262829754347,3.1667253948185117],[3.1164599123610746,3.1541590242041515],[3.1290262829754347,3.1164599123610746],[3.1541590242041515,3.1164599123610746],[3.1164599123610746,3.1667253948185117],[3.1164599123610746,3.1164599123610746],[3.1667253948185117,3.1164599123610746],[3.141592653589793,3.103893541746716],[3.1290262829754347,3.103893541746716],[3.103893541746716,3.1667253948185117],[3.1164599123610746,3.103893541746716],[3.141592653589793,3.091327171132356],[3.103893541746716,3.17929176543287],[3.216990877275949,3.141592653589793],[3.103893541746716,3.216990877275949],[3.091327171132356,3.216990877275949],[3.053628059289279,3.1667253948185117],[3.141592653589793,3.2421236185046673],[3.1290262829754347,3.2421236185046673],[3.1164599123610746,3.2421236185046673],[3.1918581360472302,3.041061688674919],[3.141592653589793,3.0284953180605605],[3.0284953180605605,3.1164599123610746],[3.1290262829754347,3.015928947446202],[3.053628059289279,3.041061688674919],[3.053628059289279,3.2798227303477443],[3.1290262829754347,3.34265458341954],[3.141592653589793,3.3552209540339],[3.267256359733384,3.3175218421908212],[3.3300882128051814,3.2546899891190257],[3.267256359733384,3.3300882128051814],[3.2923891009621027,3.392920065876977],[3.2923891009621027,3.4054864364913353],[3.2923891009621027,3.619114736935442],[3.141592653589793,2.57610597594363],[3.1541590242041515,2.538406864100553],[3.0284953180605605,2.4630086404143974],[3.216990877275949,2.437875899185679],[3.216990877275949,2.4127431579569603],[2.4630086404143974,3.4683182895631326],[2.4630086404143974,3.6819465900072377],[2.4127431579569603,2.538406864100553],[2.4127431579569603,2.4127431579569603],[2.4127431579569603,2.3373449342708064],[4.197167785195964,2.6389378290154255],[5.00141550451495,5.378406622945727],[0.9676105373056556,5.504070329089316],[5.101946469429825,-0.7162831250184727],[4.976282763286232,-0.8042477193189868],[-0.3141592653589793,6.132388859807277],[-0.7162831250184727,5.906194188748811],[-1.6587609210954106,3.141592653589793],[-1.6587609210954106,3.1541590242041515],[6.157521601035995,-1.1812388377497616],[-2.1739821162841366,3.4683182895631326],[5.76796411199086,-1.3823007675795091],[5.340707511102648,-1.5330972149518187],[3.3552209540339,-2.7394687939302997],[2.8902652413026093,-2.852566129459532],[-1.6461945504810513,-2.852566129459532],[-4.687256239155971,3.216990877275949],[5.290442028645213,-4.7500880922277675],[-4.976282763286232,1.118406984677966],[-5.01398187512931,1.3571680263507906],[0.5906194188748817,-4.900884539600077],[-5.215043804959056,5.0516809869723875],[6.132388859807277,-4.900884539600077],[-4.812919945299563,-0.03769911184307784],[4.863185427756999,-5.365840252331367],[5.881061447520093,-5.2653092874164935],[5.378406622945727,-5.491503958474958],[5.378406622945727,-5.504070329089318],[5.893627818134451,-5.956459671206248],[0.49008845396000833,-6.06955700673548]],"np":0,"gp":0,"pr":0,"gpr":0,"fpr":1,"reason":"statistic"}