{"avgHealth":0.9427909271743943,"seeds":[[3.141592653589793,3.141592653589793],[3.141592653589793,3.1290262829754347],[3.141592653589793,3.1541590242041515],[3.1541590242041515,3.141592653589793],[3.1290262829754347,3.141592653589793],[3.1541590242041515,3.1541590242041515],[3.1541590242041515,3.1290262829754347],[3.1290262829754347,3.1541590242041515],[3.1667253948185117,3.141592653589793],[3.141592653589793,3.1667253948185117],[3.1667253948185117,3.1290262829754347],[3.1541590242041515,3.1164599123610746],[3.1290262829754347,3.1667253948185117],[3.1667253948185117,3.1667253948185117],[3.17929176543287,3.141592653589793],[3.1164599123610746,3.17929176543287],[3.141592653589793,3.091327171132356],[3.1918581360472302,3.1667253948185117],[3.1541590242041515,3.0661944299036374],[3.1667253948185117,3.216990877275949],[3.0661944299036374,3.1667253948185117],[3.17929176543287,3.0661944299036374],[3.053628059289279,3.141592653589793],[3.053628059289279,3.1541590242041515],[3.1541590242041515,3.229557247890307],[3.053628059289279,3.1290262829754347],[3.053628059289279,3.1667253948185117],[3.1164599123610746,3.229557247890307],[3.053628059289279,3.103893541746716],[3.053628059289279,3.2044245066615886],[3.053628059289279,3.216990877275949],[3.053628059289279,3.0661944299036374],[3.053628059289279,3.229557247890307],[3.1290262829754347,2.9782298356031234],[3.1918581360472302,2.9782298356031234],[3.2421236185046673,3.3677873246482584],[3.041061688674919,3.3677873246482584],[3.2421236185046673,3.4054864364913353],[3.003362576831842,2.827433388230814],[3.2421236185046673,3.480884660177491],[3.1164599123610746,2.6012387171723486],[3.216990877275949,2.5886723465579884],[2.915397982531328,2.6012387171723486],[3.1667253948185117,2.5007077522574743],[3.2044245066615886,2.5007077522574743],[2.9782298356031234,2.5132741228718345],[3.003362576831842,2.5007077522574743],[3.304955471576463,2.5007077522574743],[3.015928947446202,3.857875778608266],[3.304955471576463,2.362477675499523],[3.7196457018503164,3.857875778608266],[2.5007077522574743,3.857875778608266],[3.0284953180605605,4.134335932124166],[2.2242475987415737,4.134335932124166],[4.523893421169301,3.4054864364913353],[1.6964600329384885,2.5007077522574743],[1.3446016557364313,5.17734469311598],[1.3446016557364313,5.4789375878605995],[0.8670795723907823,5.17734469311598],[5.855928706291374,5.17734469311598],[5.139645581272902,0.389557489045135],[0.40212385965949426,0.012566370614359279],[6.283185307179586,0.012566370614359279]],"nseeds":63,"executions":439,"nfe":44400,"gps":[],"lps":[],"fps":[[3.141592653589793,3.141592653589793],[3.141592653589793,3.1290262829754347],[3.141592653589793,3.1541590242041515],[3.1541590242041515,3.141592653589793],[3.1290262829754347,3.141592653589793],[3.1541590242041515,3.1541590242041515],[3.1541590242041515,3.1290262829754347],[3.1290262829754347,3.1541590242041515],[3.1667253948185117,3.141592653589793],[3.141592653589793,3.1667253948185117],[3.1667253948185117,3.1290262829754347],[3.1541590242041515,3.1164599123610746],[3.1290262829754347,3.1667253948185117],[3.1667253948185117,3.1667253948185117],[3.17929176543287,3.141592653589793],[3.1164599123610746,3.17929176543287],[3.141592653589793,3.091327171132356],[3.1918581360472302,3.1667253948185117],[3.1541590242041515,3.0661944299036374],[3.1667253948185117,3.216990877275949],[3.0661944299036374,3.1667253948185117],[3.17929176543287,3.0661944299036374],[3.053628059289279,3.141592653589793],[3.053628059289279,3.1541590242041515],[3.1541590242041515,3.229557247890307],[3.053628059289279,3.1290262829754347],[3.053628059289279,3.1667253948185117],[3.1164599123610746,3.229557247890307],[3.053628059289279,3.103893541746716],[3.053628059289279,3.2044245066615886],[3.053628059289279,3.216990877275949],[3.053628059289279,3.0661944299036374],[3.053628059289279,3.229557247890307],[3.1290262829754347,2.9782298356031234],[3.1918581360472302,2.9782298356031234],[3.2421236185046673,3.3677873246482584],[3.041061688674919,3.3677873246482584],[3.2421236185046673,3.4054864364913353],[3.003362576831842,2.827433388230814],[3.2421236185046673,3.480884660177491],[3.1164599123610746,2.6012387171723486],[3.216990877275949,2.5886723465579884],[2.915397982531328,2.6012387171723486],[3.1667253948185117,2.5007077522574743],[3.2044245066615886,2.5007077522574743],[2.9782298356031234,2.5132741228718345],[3.003362576831842,2.5007077522574743],[3.304955471576463,2.5007077522574743],[3.015928947446202,3.857875778608266],[3.304955471576463,2.362477675499523],[3.7196457018503164,3.857875778608266],[2.5007077522574743,3.857875778608266],[3.0284953180605605,4.134335932124166],[2.2242475987415737,4.134335932124166],[4.523893421169301,3.4054864364913353],[1.6964600329384885,2.5007077522574743],[1.3446016557364313,5.17734469311598],[1.3446016557364313,5.4789375878605995],[0.8670795723907823,5.17734469311598],[5.855928706291374,5.17734469311598],[5.139645581272902,0.389557489045135],[0.40212385965949426,0.012566370614359279],[6.283185307179586,0.012566370614359279]],"np":0,"gp":0,"pr":0,"gpr":0,"fpr":1,"reason":"statistic"}