{"avgHealth":0.911293820376053,"seeds":[[3.141592653589793,3.141592653589793],[3.141592653589793,3.1541590242041515],[3.1541590242041515,3.141592653589793],[3.141592653589793,3.1290262829754347],[3.1290262829754347,3.141592653589793],[3.1541590242041515,3.1541590242041515],[3.1290262829754347,3.1290262829754347],[3.1541590242041515,3.1290262829754347],[3.141592653589793,3.1164599123610746],[3.1667253948185117,3.141592653589793],[3.1541590242041515,3.1164599123610746],[3.1667253948185117,3.1290262829754347],[3.1541590242041515,3.1667253948185117],[3.1290262829754347,3.1667253948185117],[3.1290262829754347,3.1164599123610746],[3.1667253948185117,3.1164599123610746],[3.141592653589793,3.103893541746716],[3.17929176543287,3.141592653589793],[3.103893541746716,3.1541590242041515],[3.1541590242041515,3.091327171132356],[3.17929176543287,3.103893541746716],[3.1667253948185117,3.091327171132356],[3.103893541746716,3.091327171132356],[3.17929176543287,3.2044245066615886],[3.216990877275949,3.141592653589793],[3.216990877275949,3.1541590242041515],[3.216990877275949,3.1290262829754347],[3.1541590242041515,3.0661944299036374],[3.216990877275949,3.1164599123610746],[3.216990877275949,3.1667253948185117],[3.141592653589793,3.053628059289279],[3.216990877275949,3.091327171132356],[3.041061688674919,3.1164599123610746],[3.1667253948185117,3.2421236185046673],[3.1290262829754347,3.2546899891190257],[3.216990877275949,3.053628059289279],[3.0284953180605605,3.1164599123610746],[3.17929176543287,3.2546899891190257],[3.216990877275949,3.041061688674919],[3.015928947446202,3.141592653589793],[3.267256359733384,3.1290262829754347],[3.015928947446202,3.17929176543287],[3.041061688674919,3.053628059289279],[3.2798227303477443,3.1290262829754347],[3.267256359733384,3.0787608005179976],[3.267256359733384,3.0661944299036374],[3.015928947446202,3.053628059289279],[3.267256359733384,3.2421236185046673],[3.2798227303477443,3.053628059289279],[3.2798227303477443,3.2421236185046673],[3.041061688674919,3.003362576831842],[3.0284953180605605,2.9907962062174835],[2.9279643531456863,3.216990877275949],[2.9279643531456863,3.2421236185046673],[3.141592653589793,2.8148670176164536],[3.1541590242041515,2.8148670176164536],[3.216990877275949,2.8148670176164536],[3.5437165132492865,3.304955471576463],[3.7699111843077517,3.053628059289279],[3.7950439255364703,3.0787608005179976],[3.1541590242041515,2.312212193042088],[3.2798227303477443,4.197167785195964],[4.9637163926718735,5.076813728201106],[0.7037167544041143,4.913450910214436],[0.7037167544041143,4.888318168985718],[1.0053096491487334,-0.07539822368615479],[5.7553977413765,6.283185307179586],[5.32814114048829,-0.4649557127312889],[1.0053096491487334,-0.6534512719466772],[5.717698629533423,-0.6534512719466772],[-0.7916813487046275,5.868495076905733],[-0.9299114254625787,5.855928706291374],[-0.8419468311620646,6.283185307179586],[-1.3823007675795091,5.064247357586746],[2.6012387171723486,-2.010619298297467],[-0.5780530482605215,-0.8545132017764239],[-2.4253095285713204,3.304955471576463],[-0.9550441666912972,-0.9424777960769379],[-0.9173450548482194,-1.156106096521044],[3.7950439255364703,-2.9530970943744053],[-1.5330972149518187,-1.156106096521044],[3.003362576831842,-3.870442149222625],[3.3175218421908212,-3.870442149222625],[3.1541590242041515,-3.9081412610657025],[3.1918581360472302,-3.9081412610657025],[2.324778563656448,-3.9081412610657025],[-4.2725660088821185,3.103893541746716],[-4.812919945299563,0.8796459430051415],[1.118406984677966,-4.900884539600077],[1.118406984677966,-4.988849133900592],[1.118406984677966,-5.189911063730339]],"nseeds":91,"executions":403,"nfe":40800,"gps":[],"lps":[],"fps":[[3.141592653589793,3.141592653589793],[3.141592653589793,3.1541590242041515],[3.1541590242041515,3.141592653589793],[3.141592653589793,3.1290262829754347],[3.1290262829754347,3.141592653589793],[3.1541590242041515,3.1541590242041515],[3.1290262829754347,3.1290262829754347],[3.1541590242041515,3.1290262829754347],[3.141592653589793,3.1164599123610746],[3.1667253948185117,3.141592653589793],[3.1541590242041515,3.1164599123610746],[3.1667253948185117,3.1290262829754347],[3.1541590242041515,3.1667253948185117],[3.1290262829754347,3.1667253948185117],[3.1290262829754347,3.1164599123610746],[3.1667253948185117,3.1164599123610746],[3.141592653589793,3.103893541746716],[3.17929176543287,3.141592653589793],[3.103893541746716,3.1541590242041515],[3.1541590242041515,3.091327171132356],[3.17929176543287,3.103893541746716],[3.1667253948185117,3.091327171132356],[3.103893541746716,3.091327171132356],[3.17929176543287,3.2044245066615886],[3.216990877275949,3.141592653589793],[3.216990877275949,3.1541590242041515],[3.216990877275949,3.1290262829754347],[3.1541590242041515,3.0661944299036374],[3.216990877275949,3.1164599123610746],[3.216990877275949,3.1667253948185117],[3.141592653589793,3.053628059289279],[3.216990877275949,3.091327171132356],[3.041061688674919,3.1164599123610746],[3.1667253948185117,3.2421236185046673],[3.1290262829754347,3.2546899891190257],[3.216990877275949,3.053628059289279],[3.0284953180605605,3.1164599123610746],[3.17929176543287,3.2546899891190257],[3.216990877275949,3.041061688674919],[3.015928947446202,3.141592653589793],[3.267256359733384,3.1290262829754347],[3.015928947446202,3.17929176543287],[3.041061688674919,3.053628059289279],[3.2798227303477443,3.1290262829754347],[3.267256359733384,3.0787608005179976],[3.267256359733384,3.0661944299036374],[3.015928947446202,3.053628059289279],[3.267256359733384,3.2421236185046673],[3.2798227303477443,3.053628059289279],[3.2798227303477443,3.2421236185046673],[3.041061688674919,3.003362576831842],[3.0284953180605605,2.9907962062174835],[2.9279643531456863,3.216990877275949],[2.9279643531456863,3.2421236185046673],[3.141592653589793,2.8148670176164536],[3.1541590242041515,2.8148670176164536],[3.216990877275949,2.8148670176164536],[3.5437165132492865,3.304955471576463],[3.7699111843077517,3.053628059289279],[3.7950439255364703,3.0787608005179976],[3.1541590242041515,2.312212193042088],[3.2798227303477443,4.197167785195964],[4.9637163926718735,5.076813728201106],[0.7037167544041143,4.913450910214436],[0.7037167544041143,4.888318168985718],[1.0053096491487334,-0.07539822368615479],[5.7553977413765,6.283185307179586],[5.32814114048829,-0.4649557127312889],[1.0053096491487334,-0.6534512719466772],[5.717698629533423,-0.6534512719466772],[-0.7916813487046275,5.868495076905733],[-0.9299114254625787,5.855928706291374],[-0.8419468311620646,6.283185307179586],[-1.3823007675795091,5.064247357586746],[2.6012387171723486,-2.010619298297467],[-0.5780530482605215,-0.8545132017764239],[-2.4253095285713204,3.304955471576463],[-0.9550441666912972,-0.9424777960769379],[-0.9173450548482194,-1.156106096521044],[3.7950439255364703,-2.9530970943744053],[-1.5330972149518187,-1.156106096521044],[3.003362576831842,-3.870442149222625],[3.3175218421908212,-3.870442149222625],[3.1541590242041515,-3.9081412610657025],[3.1918581360472302,-3.9081412610657025],[2.324778563656448,-3.9081412610657025],[-4.2725660088821185,3.103893541746716],[-4.812919945299563,0.8796459430051415],[1.118406984677966,-4.900884539600077],[1.118406984677966,-4.988849133900592],[1.118406984677966,-5.189911063730339]],"np":0,"gp":0,"pr":0,"gpr":0,"fpr":1,"reason":"statistic"}