{"avgHealth":0.939491960216442,"seeds":[[3.141592653589793,3.141592653589793],[3.1541590242041515,3.141592653589793],[3.141592653589793,3.1290262829754347],[3.141592653589793,3.1541590242041515],[3.1541590242041515,3.1290262829754347],[3.1541590242041515,3.1541590242041515],[3.1290262829754347,3.1541590242041515],[3.1290262829754347,3.1290262829754347],[3.1667253948185117,3.141592653589793],[3.1667253948185117,3.1541590242041515],[3.1667253948185117,3.1290262829754347],[3.1541590242041515,3.1164599123610746],[3.1667253948185117,3.1164599123610746],[3.103893541746716,3.141592653589793],[3.17929176543287,3.141592653589793],[3.103893541746716,3.1541590242041515],[3.103893541746716,3.1290262829754347],[3.1541590242041515,3.103893541746716],[3.17929176543287,3.1164599123610746],[3.103893541746716,3.1164599123610746],[3.1918581360472302,3.141592653589793],[3.1918581360472302,3.1541590242041515],[3.17929176543287,3.103893541746716],[3.1918581360472302,3.1164599123610746],[3.1667253948185117,3.091327171132356],[3.1918581360472302,3.1667253948185117],[3.1918581360472302,3.103893541746716],[3.1918581360472302,3.091327171132356],[3.2044245066615886,3.17929176543287],[3.1541590242041515,3.053628059289279],[3.1667253948185117,3.053628059289279],[3.1667253948185117,3.229557247890307],[3.103893541746716,3.053628059289279],[3.1667253948185117,3.267256359733384],[2.953097094374405,3.229557247890307],[2.877698870688251,3.141592653589793],[3.392920065876977,3.304955471576463],[2.9405307237600464,2.8902652413026093],[3.2923891009621027,3.443185548334414],[3.17929176543287,2.6515041996297857],[3.1918581360472302,2.6515041996297857],[3.2546899891190257,2.4755750110287558],[2.5509732347149114,3.581415625092365],[2.877698870688251,1.7592918860102849],[1.8723892215395175,4.473627938711866],[5.31557476987393,0.7288494956328329],[5.881061447520093,5.240176546187776],[-0.06283185307179551,4.724955350999048],[6.107256118578558,-0.27646015351590236],[-0.7414158662471912,5.340707511102648],[3.0787608005179976,-1.5959290680236151],[-1.5833626974092558,3.581415625092365],[-1.5833626974092558,4.473627938711866],[-2.2619467105846507,2.57610597594363],[2.752035164544658,-2.8399997588451726],[1.7844246272390034,-2.8274333882308134],[1.7844246272390034,-2.8399997588451726],[1.7844246272390034,-3.229557247890307],[3.141592653589793,-4.10920319089545],[3.1290262829754347,-4.10920319089545],[5.365840252331367,-5.026548245743669],[-4.900884539600077,5.805663223833937],[-5.227610175573416,1.457698991265664],[4.812919945299564,-5.390972993560085],[-5.365840252331367,5.76796411199086],[-5.453804846631881,5.6046012940041905],[-0.27646015351590236,-5.629734035232909],[4.812919945299564,-6.056990636121121]],"nseeds":68,"executions":441,"nfe":44600,"gps":[],"lps":[],"fps":[[3.141592653589793,3.141592653589793],[3.1541590242041515,3.141592653589793],[3.141592653589793,3.1290262829754347],[3.141592653589793,3.1541590242041515],[3.1541590242041515,3.1290262829754347],[3.1541590242041515,3.1541590242041515],[3.1290262829754347,3.1541590242041515],[3.1290262829754347,3.1290262829754347],[3.1667253948185117,3.141592653589793],[3.1667253948185117,3.1541590242041515],[3.1667253948185117,3.1290262829754347],[3.1541590242041515,3.1164599123610746],[3.1667253948185117,3.1164599123610746],[3.103893541746716,3.141592653589793],[3.17929176543287,3.141592653589793],[3.103893541746716,3.1541590242041515],[3.103893541746716,3.1290262829754347],[3.1541590242041515,3.103893541746716],[3.17929176543287,3.1164599123610746],[3.103893541746716,3.1164599123610746],[3.1918581360472302,3.141592653589793],[3.1918581360472302,3.1541590242041515],[3.17929176543287,3.103893541746716],[3.1918581360472302,3.1164599123610746],[3.1667253948185117,3.091327171132356],[3.1918581360472302,3.1667253948185117],[3.1918581360472302,3.103893541746716],[3.1918581360472302,3.091327171132356],[3.2044245066615886,3.17929176543287],[3.1541590242041515,3.053628059289279],[3.1667253948185117,3.053628059289279],[3.1667253948185117,3.229557247890307],[3.103893541746716,3.053628059289279],[3.1667253948185117,3.267256359733384],[2.953097094374405,3.229557247890307],[2.877698870688251,3.141592653589793],[3.392920065876977,3.304955471576463],[2.9405307237600464,2.8902652413026093],[3.2923891009621027,3.443185548334414],[3.17929176543287,2.6515041996297857],[3.1918581360472302,2.6515041996297857],[3.2546899891190257,2.4755750110287558],[2.5509732347149114,3.581415625092365],[2.877698870688251,1.7592918860102849],[1.8723892215395175,4.473627938711866],[5.31557476987393,0.7288494956328329],[5.881061447520093,5.240176546187776],[-0.06283185307179551,4.724955350999048],[6.107256118578558,-0.27646015351590236],[-0.7414158662471912,5.340707511102648],[3.0787608005179976,-1.5959290680236151],[-1.5833626974092558,3.581415625092365],[-1.5833626974092558,4.473627938711866],[-2.2619467105846507,2.57610597594363],[2.752035164544658,-2.8399997588451726],[1.7844246272390034,-2.8274333882308134],[1.7844246272390034,-2.8399997588451726],[1.7844246272390034,-3.229557247890307],[3.141592653589793,-4.10920319089545],[3.1290262829754347,-4.10920319089545],[5.365840252331367,-5.026548245743669],[-4.900884539600077,5.805663223833937],[-5.227610175573416,1.457698991265664],[4.812919945299564,-5.390972993560085],[-5.365840252331367,5.76796411199086],[-5.453804846631881,5.6046012940041905],[-0.27646015351590236,-5.629734035232909],[4.812919945299564,-6.056990636121121]],"np":0,"gp":0,"pr":0,"gpr":0,"fpr":1,"reason":"statistic"}