{"avgHealth":0.9484603857358854,"seeds":[[3.141592653589793,3.141592653589793],[3.141592653589793,3.1541590242041515],[3.1290262829754347,3.141592653589793],[3.1541590242041515,3.141592653589793],[3.141592653589793,3.1290262829754347],[3.1541590242041515,3.1541590242041515],[3.1290262829754347,3.1541590242041515],[3.1290262829754347,3.1290262829754347],[3.1541590242041515,3.1290262829754347],[3.141592653589793,3.1164599123610746],[3.1667253948185117,3.141592653589793],[3.1667253948185117,3.1541590242041515],[3.1541590242041515,3.1164599123610746],[3.141592653589793,3.103893541746716],[3.1290262829754347,3.103893541746716],[3.1541590242041515,3.103893541746716],[3.1667253948185117,3.2044245066615886],[3.141592653589793,3.053628059289279],[3.2546899891190257,3.1290262829754347],[3.141592653589793,3.267256359733384],[3.1667253948185117,3.267256359733384],[3.1667253948185117,3.015928947446202],[2.9028316119169695,3.0661944299036374],[2.9028316119169695,3.229557247890307],[2.9028316119169695,3.2546899891190257],[2.9028316119169695,2.8148670176164536],[2.6389378290154255,3.1541590242041515],[3.141592653589793,2.613805087786707],[3.1290262829754347,2.538406864100553],[3.1541590242041515,2.5007077522574743],[2.2116812281272153,3.17929176543287],[2.2116812281272153,3.0787608005179976],[2.57610597594363,3.983539484751857],[2.2493803399702923,3.832743037379549],[4.247433267653399,3.1290262829754347],[4.259999638267759,3.1667253948185117],[5.00141550451495,1.1686724671354023],[5.00141550451495,1.030442390377452],[1.068141502220529,5.6046012940041905],[5.617167664618549,5.403539364174446],[1.156106096521044,6.107256118578558],[1.030442390377452,-0.07539822368615479],[1.030442390377452,-0.08796459430051407],[5.365840252331367,-0.07539822368615479],[1.030442390377452,-0.6660176425610365],[1.3571680263507906,-0.7162831250184727],[1.030442390377452,-0.6785840131753949]],"nseeds":47,"executions":568,"nfe":57300,"gps":[],"lps":[],"fps":[[3.141592653589793,3.141592653589793],[3.141592653589793,3.1541590242041515],[3.1290262829754347,3.141592653589793],[3.1541590242041515,3.141592653589793],[3.141592653589793,3.1290262829754347],[3.1541590242041515,3.1541590242041515],[3.1290262829754347,3.1541590242041515],[3.1290262829754347,3.1290262829754347],[3.1541590242041515,3.1290262829754347],[3.141592653589793,3.1164599123610746],[3.1667253948185117,3.141592653589793],[3.1667253948185117,3.1541590242041515],[3.1541590242041515,3.1164599123610746],[3.141592653589793,3.103893541746716],[3.1290262829754347,3.103893541746716],[3.1541590242041515,3.103893541746716],[3.1667253948185117,3.2044245066615886],[3.141592653589793,3.053628059289279],[3.2546899891190257,3.1290262829754347],[3.141592653589793,3.267256359733384],[3.1667253948185117,3.267256359733384],[3.1667253948185117,3.015928947446202],[2.9028316119169695,3.0661944299036374],[2.9028316119169695,3.229557247890307],[2.9028316119169695,3.2546899891190257],[2.9028316119169695,2.8148670176164536],[2.6389378290154255,3.1541590242041515],[3.141592653589793,2.613805087786707],[3.1290262829754347,2.538406864100553],[3.1541590242041515,2.5007077522574743],[2.2116812281272153,3.17929176543287],[2.2116812281272153,3.0787608005179976],[2.57610597594363,3.983539484751857],[2.2493803399702923,3.832743037379549],[4.247433267653399,3.1290262829754347],[4.259999638267759,3.1667253948185117],[5.00141550451495,1.1686724671354023],[5.00141550451495,1.030442390377452],[1.068141502220529,5.6046012940041905],[5.617167664618549,5.403539364174446],[1.156106096521044,6.107256118578558],[1.030442390377452,-0.07539822368615479],[1.030442390377452,-0.08796459430051407],[5.365840252331367,-0.07539822368615479],[1.030442390377452,-0.6660176425610365],[1.3571680263507906,-0.7162831250184727],[1.030442390377452,-0.6785840131753949]],"np":0,"gp":0,"pr":0,"gpr":0,"fpr":1,"reason":"statistic"}