{"avgHealth":0.952901327772511,"seeds":[[3.141592653589793,3.141592653589793],[3.141592653589793,3.1541590242041515],[3.141592653589793,3.1290262829754347],[3.1541590242041515,3.141592653589793],[3.1541590242041515,3.1290262829754347],[3.1541590242041515,3.1541590242041515],[3.141592653589793,3.1164599123610746],[3.1667253948185117,3.141592653589793],[3.1541590242041515,3.1667253948185117],[3.1541590242041515,3.1164599123610746],[3.1667253948185117,3.1290262829754347],[3.1667253948185117,3.1541590242041515],[3.1667253948185117,3.1164599123610746],[3.103893541746716,3.141592653589793],[3.17929176543287,3.141592653589793],[3.141592653589793,3.103893541746716],[3.1541590242041515,3.103893541746716],[3.103893541746716,3.1541590242041515],[3.103893541746716,3.1290262829754347],[3.103893541746716,3.1164599123610746],[3.103893541746716,3.2044245066615886],[3.141592653589793,3.0661944299036374],[3.1541590242041515,3.0661944299036374],[3.1667253948185117,3.0661944299036374],[3.103893541746716,3.0661944299036374],[3.1667253948185117,3.053628059289279],[3.2546899891190257,3.141592653589793],[3.1667253948185117,3.003362576831842],[3.267256359733384,3.2798227303477443],[2.953097094374405,3.141592653589793],[2.953097094374405,3.1290262829754347],[2.953097094374405,3.091327171132356],[2.525840493486193,2.965663464988765],[2.525840493486193,2.8525661294595324],[2.525840493486193,2.839999758845172],[3.857875778608266,3.2421236185046673],[3.1667253948185117,2.400176787342602],[3.3803536952626168,3.857875778608266],[3.3803536952626168,3.9584067435231383],[2.525840493486193,2.400176787342602],[1.7467255153959247,3.1290262829754347],[1.7090264035528477,3.091327171132356],[2.953097094374405,1.6587609210954106],[1.7341591447815663,3.920707631680063],[1.7341591447815663,3.9584067435231383],[5.127079210658543,0.8670795723907823],[5.679999517690346,4.850619057142641],[6.006725153663684,5.3532738817170085],[0.603185789489241,-0.07539822368615479],[0.21362830044410597,-0.06283185307179551],[-0.6408849013323179,5.793096853219579],[0.9801769079200149,-1.1309733552923262],[5.742831370762142,-1.1309733552923262],[0.603185789489241,-1.1686724671354032]],"nseeds":54,"executions":475,"nfe":48000,"gps":[],"lps":[],"fps":[[3.141592653589793,3.141592653589793],[3.141592653589793,3.1541590242041515],[3.141592653589793,3.1290262829754347],[3.1541590242041515,3.141592653589793],[3.1541590242041515,3.1290262829754347],[3.1541590242041515,3.1541590242041515],[3.141592653589793,3.1164599123610746],[3.1667253948185117,3.141592653589793],[3.1541590242041515,3.1667253948185117],[3.1541590242041515,3.1164599123610746],[3.1667253948185117,3.1290262829754347],[3.1667253948185117,3.1541590242041515],[3.1667253948185117,3.1164599123610746],[3.103893541746716,3.141592653589793],[3.17929176543287,3.141592653589793],[3.141592653589793,3.103893541746716],[3.1541590242041515,3.103893541746716],[3.103893541746716,3.1541590242041515],[3.103893541746716,3.1290262829754347],[3.103893541746716,3.1164599123610746],[3.103893541746716,3.2044245066615886],[3.141592653589793,3.0661944299036374],[3.1541590242041515,3.0661944299036374],[3.1667253948185117,3.0661944299036374],[3.103893541746716,3.0661944299036374],[3.1667253948185117,3.053628059289279],[3.2546899891190257,3.141592653589793],[3.1667253948185117,3.003362576831842],[3.267256359733384,3.2798227303477443],[2.953097094374405,3.141592653589793],[2.953097094374405,3.1290262829754347],[2.953097094374405,3.091327171132356],[2.525840493486193,2.965663464988765],[2.525840493486193,2.8525661294595324],[2.525840493486193,2.839999758845172],[3.857875778608266,3.2421236185046673],[3.1667253948185117,2.400176787342602],[3.3803536952626168,3.857875778608266],[3.3803536952626168,3.9584067435231383],[2.525840493486193,2.400176787342602],[1.7467255153959247,3.1290262829754347],[1.7090264035528477,3.091327171132356],[2.953097094374405,1.6587609210954106],[1.7341591447815663,3.920707631680063],[1.7341591447815663,3.9584067435231383],[5.127079210658543,0.8670795723907823],[5.679999517690346,4.850619057142641],[6.006725153663684,5.3532738817170085],[0.603185789489241,-0.07539822368615479],[0.21362830044410597,-0.06283185307179551],[-0.6408849013323179,5.793096853219579],[0.9801769079200149,-1.1309733552923262],[5.742831370762142,-1.1309733552923262],[0.603185789489241,-1.1686724671354032]],"np":0,"gp":0,"pr":0,"gpr":0,"fpr":1,"reason":"statistic"}