{"avgHealth":0.9171650563375819,"seeds":[[3.141592653589793,3.141592653589793],[3.141592653589793,3.1541590242041515],[3.1290262829754347,3.141592653589793],[3.141592653589793,3.1290262829754347],[3.1541590242041515,3.141592653589793],[3.1541590242041515,3.1541590242041515],[3.1290262829754347,3.1290262829754347],[3.1290262829754347,3.1541590242041515],[3.141592653589793,3.1667253948185117],[3.141592653589793,3.1164599123610746],[3.1290262829754347,3.1667253948185117],[3.1164599123610746,3.1290262829754347],[3.1541590242041515,3.1667253948185117],[3.141592653589793,3.103893541746716],[3.1290262829754347,3.17929176543287],[3.1541590242041515,3.17929176543287],[3.103893541746716,3.1290262829754347],[3.1164599123610746,3.17929176543287],[3.103893541746716,3.1667253948185117],[3.091327171132356,3.141592653589793],[3.141592653589793,3.091327171132356],[3.091327171132356,3.1541590242041515],[3.1541590242041515,3.091327171132356],[3.1541590242041515,3.1918581360472302],[3.091327171132356,3.1164599123610746],[3.103893541746716,3.1918581360472302],[3.091327171132356,3.103893541746716],[3.141592653589793,3.2044245066615886],[3.091327171132356,3.091327171132356],[3.2044245066615886,3.091327171132356],[3.141592653589793,3.229557247890307],[3.229557247890307,3.1667253948185117],[3.229557247890307,3.1918581360472302],[3.141592653589793,3.0284953180605605],[3.141592653589793,3.2923891009621027],[3.2923891009621027,3.17929176543287],[3.2923891009621027,3.091327171132356],[3.2923891009621027,3.0787608005179976],[3.141592653589793,2.965663464988765],[3.141592653589793,2.953097094374405],[3.229557247890307,3.34265458341954],[3.103893541746716,2.789734276387737],[3.103893541746716,2.7771679057733767],[3.141592653589793,2.626371458401067],[3.2923891009621027,2.56353960532927],[2.488141381643116,3.091327171132356],[3.392920065876977,2.5007077522574743],[3.392920065876977,2.488141381643116],[2.4127431579569603,3.1667253948185117],[2.4127431579569603,3.2923891009621027],[2.4127431579569603,2.9782298356031234],[3.392920065876977,2.2116812281272153],[3.392920065876977,2.1614157456697782],[3.1290262829754347,4.222300526424682],[3.3677873246482584,4.209734155810322],[4.54902616239802,3.091327171132356],[4.56159253301238,4.209734155810322],[5.240176546187776,1.5330972149518187],[1.2692034320502765,-0.050265482457437116],[-0.728849495632832,5.303008399259571],[1.2692034320502765,-1.2315043202071987],[1.2692034320502765,-1.244070690821558],[1.2692034320502765,-1.3069025438933535],[5.453804846631881,-1.2315043202071987],[5.453804846631881,-1.244070690821558],[-1.9100883333825944,3.141592653589793],[-1.9100883333825944,4.209734155810322],[-0.5026548245743667,-0.7414158662471912],[-1.4451326206513047,-0.5026548245743667],[-3.3049554715764624,3.1667253948185117],[-3.267256359733385,1.6838936623241292],[2.915397982531328,-3.807610296150829],[-3.8955748904513436,3.091327171132356],[-4.033804967209294,3.1541590242041515],[-4.033804967209294,3.1667253948185117],[-3.9709731141374984,4.54902616239802],[-4.7500880922277675,4.787787204070845],[0.854513201776423,-5.491503958474958],[0.854513201776423,-5.504070329089318]],"nseeds":79,"executions":478,"nfe":48300,"gps":[],"lps":[],"fps":[[3.141592653589793,3.141592653589793],[3.141592653589793,3.1541590242041515],[3.1290262829754347,3.141592653589793],[3.141592653589793,3.1290262829754347],[3.1541590242041515,3.141592653589793],[3.1541590242041515,3.1541590242041515],[3.1290262829754347,3.1290262829754347],[3.1290262829754347,3.1541590242041515],[3.141592653589793,3.1667253948185117],[3.141592653589793,3.1164599123610746],[3.1290262829754347,3.1667253948185117],[3.1164599123610746,3.1290262829754347],[3.1541590242041515,3.1667253948185117],[3.141592653589793,3.103893541746716],[3.1290262829754347,3.17929176543287],[3.1541590242041515,3.17929176543287],[3.103893541746716,3.1290262829754347],[3.1164599123610746,3.17929176543287],[3.103893541746716,3.1667253948185117],[3.091327171132356,3.141592653589793],[3.141592653589793,3.091327171132356],[3.091327171132356,3.1541590242041515],[3.1541590242041515,3.091327171132356],[3.1541590242041515,3.1918581360472302],[3.091327171132356,3.1164599123610746],[3.103893541746716,3.1918581360472302],[3.091327171132356,3.103893541746716],[3.141592653589793,3.2044245066615886],[3.091327171132356,3.091327171132356],[3.2044245066615886,3.091327171132356],[3.141592653589793,3.229557247890307],[3.229557247890307,3.1667253948185117],[3.229557247890307,3.1918581360472302],[3.141592653589793,3.0284953180605605],[3.141592653589793,3.2923891009621027],[3.2923891009621027,3.17929176543287],[3.2923891009621027,3.091327171132356],[3.2923891009621027,3.0787608005179976],[3.141592653589793,2.965663464988765],[3.141592653589793,2.953097094374405],[3.229557247890307,3.34265458341954],[3.103893541746716,2.789734276387737],[3.103893541746716,2.7771679057733767],[3.141592653589793,2.626371458401067],[3.2923891009621027,2.56353960532927],[2.488141381643116,3.091327171132356],[3.392920065876977,2.5007077522574743],[3.392920065876977,2.488141381643116],[2.4127431579569603,3.1667253948185117],[2.4127431579569603,3.2923891009621027],[2.4127431579569603,2.9782298356031234],[3.392920065876977,2.2116812281272153],[3.392920065876977,2.1614157456697782],[3.1290262829754347,4.222300526424682],[3.3677873246482584,4.209734155810322],[4.54902616239802,3.091327171132356],[4.56159253301238,4.209734155810322],[5.240176546187776,1.5330972149518187],[1.2692034320502765,-0.050265482457437116],[-0.728849495632832,5.303008399259571],[1.2692034320502765,-1.2315043202071987],[1.2692034320502765,-1.244070690821558],[1.2692034320502765,-1.3069025438933535],[5.453804846631881,-1.2315043202071987],[5.453804846631881,-1.244070690821558],[-1.9100883333825944,3.141592653589793],[-1.9100883333825944,4.209734155810322],[-0.5026548245743667,-0.7414158662471912],[-1.4451326206513047,-0.5026548245743667],[-3.3049554715764624,3.1667253948185117],[-3.267256359733385,1.6838936623241292],[2.915397982531328,-3.807610296150829],[-3.8955748904513436,3.091327171132356],[-4.033804967209294,3.1541590242041515],[-4.033804967209294,3.1667253948185117],[-3.9709731141374984,4.54902616239802],[-4.7500880922277675,4.787787204070845],[0.854513201776423,-5.491503958474958],[0.854513201776423,-5.504070329089318]],"np":0,"gp":0,"pr":0,"gpr":0,"fpr":1,"reason":"statistic"}