{"avgHealth":0.9248367577134062,"seeds":[[3.1541590242041515,3.141592653589793],[3.1290262829754347,3.141592653589793],[3.1541590242041515,3.1290262829754347],[3.1541590242041515,3.1541590242041515],[3.1290262829754347,3.1290262829754347],[3.1290262829754347,3.1541590242041515],[3.1667253948185117,3.141592653589793],[3.1541590242041515,3.1667253948185117],[3.1541590242041515,3.1164599123610746],[3.1290262829754347,3.1164599123610746],[3.1667253948185117,3.1290262829754347],[3.1667253948185117,3.1541590242041515],[3.1667253948185117,3.1164599123610746],[3.1667253948185117,3.1667253948185117],[3.103893541746716,3.141592653589793],[3.1541590242041515,3.103893541746716],[3.1290262829754347,3.103893541746716],[3.1667253948185117,3.103893541746716],[3.103893541746716,3.1667253948185117],[3.1667253948185117,3.17929176543287],[3.1918581360472302,3.141592653589793],[3.091327171132356,3.1541590242041515],[3.1541590242041515,3.1918581360472302],[3.103893541746716,3.103893541746716],[3.1918581360472302,3.1164599123610746],[3.103893541746716,3.2044245066615886],[3.229557247890307,3.103893541746716],[2.8651325000738908,3.1541590242041515],[2.8651325000738908,3.1918581360472302],[2.8651325000738908,3.3677873246482584],[3.1918581360472302,2.538406864100553],[2.5007077522574743,3.015928947446202],[3.1918581360472302,2.4755750110287558],[3.857875778608266,3.619114736935442],[2.488141381643116,2.362477675499523],[2.073451151369264,4.322831491339555],[2.14884937505542,1.5833626974092558],[5.290442028645213,4.812919945299564],[5.290442028645213,4.800353574685204],[5.290442028645213,4.775220833456485],[5.818229594448296,4.976282763286232],[-0.6534512719466772,4.976282763286232],[5.504070329089316,-0.8419468311620646],[-0.8419468311620646,5.793096853219579],[-1.0681415022205298,1.5330972149518187],[-1.0681415022205298,0.41469023027385266],[-1.0681415022205298,0.30159289474462003],[-2.0734511513692633,3.1164599123610746],[-2.098583892597982,3.1290262829754347],[-2.199114857512855,2.362477675499523],[2.626371458401067,-2.4378758991856797],[2.488141381643116,-2.4378758991856797],[1.8221237390820804,-2.475575011028757],[-2.8148670176164545,3.1667253948185117],[2.57610597594363,-3.3175218421908217],[3.053628059289279,-3.3929200658769765],[-3.49345103079185,3.1667253948185117],[3.053628059289279,-3.593981995706723],[-3.870442149222625,3.1290262829754347],[3.091327171132356,-4.121769561509809],[3.1918581360472302,-4.222300526424682],[-4.184601414581604,1.897521962768236],[-4.611858015469816,3.1290262829754347],[1.4828317324943825,-4.900884539600077],[0.8796459430051415,-4.900884539600077]],"nseeds":65,"executions":351,"nfe":35600,"gps":[],"lps":[],"fps":[[3.1541590242041515,3.141592653589793],[3.1290262829754347,3.141592653589793],[3.1541590242041515,3.1290262829754347],[3.1541590242041515,3.1541590242041515],[3.1290262829754347,3.1290262829754347],[3.1290262829754347,3.1541590242041515],[3.1667253948185117,3.141592653589793],[3.1541590242041515,3.1667253948185117],[3.1541590242041515,3.1164599123610746],[3.1290262829754347,3.1164599123610746],[3.1667253948185117,3.1290262829754347],[3.1667253948185117,3.1541590242041515],[3.1667253948185117,3.1164599123610746],[3.1667253948185117,3.1667253948185117],[3.103893541746716,3.141592653589793],[3.1541590242041515,3.103893541746716],[3.1290262829754347,3.103893541746716],[3.1667253948185117,3.103893541746716],[3.103893541746716,3.1667253948185117],[3.1667253948185117,3.17929176543287],[3.1918581360472302,3.141592653589793],[3.091327171132356,3.1541590242041515],[3.1541590242041515,3.1918581360472302],[3.103893541746716,3.103893541746716],[3.1918581360472302,3.1164599123610746],[3.103893541746716,3.2044245066615886],[3.229557247890307,3.103893541746716],[2.8651325000738908,3.1541590242041515],[2.8651325000738908,3.1918581360472302],[2.8651325000738908,3.3677873246482584],[3.1918581360472302,2.538406864100553],[2.5007077522574743,3.015928947446202],[3.1918581360472302,2.4755750110287558],[3.857875778608266,3.619114736935442],[2.488141381643116,2.362477675499523],[2.073451151369264,4.322831491339555],[2.14884937505542,1.5833626974092558],[5.290442028645213,4.812919945299564],[5.290442028645213,4.800353574685204],[5.290442028645213,4.775220833456485],[5.818229594448296,4.976282763286232],[-0.6534512719466772,4.976282763286232],[5.504070329089316,-0.8419468311620646],[-0.8419468311620646,5.793096853219579],[-1.0681415022205298,1.5330972149518187],[-1.0681415022205298,0.41469023027385266],[-1.0681415022205298,0.30159289474462003],[-2.0734511513692633,3.1164599123610746],[-2.098583892597982,3.1290262829754347],[-2.199114857512855,2.362477675499523],[2.626371458401067,-2.4378758991856797],[2.488141381643116,-2.4378758991856797],[1.8221237390820804,-2.475575011028757],[-2.8148670176164545,3.1667253948185117],[2.57610597594363,-3.3175218421908217],[3.053628059289279,-3.3929200658769765],[-3.49345103079185,3.1667253948185117],[3.053628059289279,-3.593981995706723],[-3.870442149222625,3.1290262829754347],[3.091327171132356,-4.121769561509809],[3.1918581360472302,-4.222300526424682],[-4.184601414581604,1.897521962768236],[-4.611858015469816,3.1290262829754347],[1.4828317324943825,-4.900884539600077],[0.8796459430051415,-4.900884539600077]],"np":0,"gp":0,"pr":0,"gpr":0,"fpr":1,"reason":"statistic"}