{"avgHealth":0.6020980472679917,"seeds":[[0.08],[0.246],[0.256],[0.236],[0.069],[0.091],[0.449],[0.459],[0.439],[0.266],[0.225],[0.47],[0.429],[0.101],[0.679],[0.059],[0.669],[0.69],[0.48],[0.277],[0.7],[0.418],[0.652],[0.212],[0.71],[0.49],[0.93],[0.942],[0.64],[0.112],[0.91],[0.952],[0.405],[0.723],[0.29],[0.503],[0.2],[0.734],[0.978],[0.622],[0.3],[0.124],[0.746],[0.039],[1.023],[0.61],[0.862],[0.186],[0.314],[0.762],[0.595],[0.008],[0.775],[0.173],[0.545],[0.331],[0.786],[0.023],[0.162],[0.564],[0.345]],"nseeds":61,"executions":224,"nfe":22900,"gps":[[0.08]],"lps":[[0.246],[0.449],[0.679],[0.93]],"fps":[[0.256],[0.236],[0.069],[0.091],[0.459],[0.439],[0.266],[0.225],[0.47],[0.429],[0.101],[0.059],[0.669],[0.69],[0.48],[0.277],[0.7],[0.418],[0.652],[0.212],[0.71],[0.49],[0.942],[0.64],[0.112],[0.91],[0.952],[0.405],[0.723],[0.29],[0.503],[0.2],[0.734],[0.978],[0.622],[0.3],[0.124],[0.746],[0.039],[1.023],[0.61],[0.862],[0.186],[0.314],[0.762],[0.595],[0.008],[0.775],[0.173],[0.545],[0.331],[0.786],[0.023],[0.162],[0.564],[0.345]],"np":5,"gp":1,"pr":0.08196721311475409,"gpr":1,"lp":4,"lpr":1,"fpr":0.9180327868852459,"reason":"statistic"}