{"avgHealth":0.5726003132913838,"seeds":[[0.08],[0.246],[0.256],[0.236],[0.069],[0.091],[0.449],[0.459],[0.436],[0.266],[0.225],[0.47],[0.424],[0.679],[0.102],[0.669],[0.69],[0.058],[0.276],[0.48],[0.658],[0.701],[0.215],[0.712],[0.491],[0.93],[0.941],[0.916],[0.641],[0.112],[0.905],[0.723],[0.205],[0.958],[0.048],[0.502],[0.733],[0.001],[0.194],[0.512],[0.993],[0.304],[0.747],[0.126],[1.007],[0.857],[0.605],[0.18],[0.769],[0.322],[0.141],[0.358],[0.168],[0.551],[0.816],[0.571],[0.347],[0.018]],"nseeds":58,"executions":130,"nfe":13500,"gps":[[0.08]],"lps":[[0.246],[0.449],[0.679],[0.93]],"fps":[[0.256],[0.236],[0.069],[0.091],[0.459],[0.436],[0.266],[0.225],[0.47],[0.424],[0.102],[0.669],[0.69],[0.058],[0.276],[0.48],[0.658],[0.701],[0.215],[0.712],[0.491],[0.941],[0.916],[0.641],[0.112],[0.905],[0.723],[0.205],[0.958],[0.048],[0.502],[0.733],[0.001],[0.194],[0.512],[0.993],[0.304],[0.747],[0.126],[1.007],[0.857],[0.605],[0.18],[0.769],[0.322],[0.141],[0.358],[0.168],[0.551],[0.816],[0.571],[0.347],[0.018]],"np":5,"gp":1,"pr":0.08620689655172414,"gpr":1,"lp":4,"lpr":1,"fpr":0.9137931034482759,"reason":"statistic"}