{"avgHealth":0.6043345612093175,"seeds":[[0.08],[0.246],[0.256],[0.236],[0.069],[0.091],[0.449],[0.459],[0.438],[0.266],[0.224],[0.47],[0.425],[0.101],[0.679],[0.059],[0.669],[0.691],[0.657],[0.28],[0.707],[0.212],[0.413],[0.645],[0.93],[0.92],[0.944],[0.112],[0.495],[0.954],[0.904],[0.73],[0.891],[0],[0.046],[0.199],[0.301],[0.39],[0.743],[1.017],[0.186],[0.312],[0.035],[0.77],[0.175],[0.366],[0.141],[0.583],[0.025],[0.332],[0.353],[0.162],[0.802]],"nseeds":53,"executions":268,"nfe":27300,"gps":[[0.08]],"lps":[[0.246],[0.449],[0.679],[0.93]],"fps":[[0.256],[0.236],[0.069],[0.091],[0.459],[0.438],[0.266],[0.224],[0.47],[0.425],[0.101],[0.059],[0.669],[0.691],[0.657],[0.28],[0.707],[0.212],[0.413],[0.645],[0.92],[0.944],[0.112],[0.495],[0.954],[0.904],[0.73],[0.891],[0],[0.046],[0.199],[0.301],[0.39],[0.743],[1.017],[0.186],[0.312],[0.035],[0.77],[0.175],[0.366],[0.141],[0.583],[0.025],[0.332],[0.353],[0.162],[0.802]],"np":5,"gp":1,"pr":0.09433962264150944,"gpr":1,"lp":4,"lpr":1,"fpr":0.9056603773584906,"reason":"statistic"}