{"avgHealth":0.5912003097221517,"seeds":[[0.08],[0.246],[0.256],[0.236],[0.069],[0.091],[0.449],[0.459],[0.439],[0.266],[0.225],[0.47],[0.428],[0.101],[0.679],[0.059],[0.669],[0.691],[0.276],[0.481],[0.701],[0.657],[0.417],[0.213],[0.713],[0.491],[0.93],[0.919],[0.944],[0.641],[0.112],[0.406],[0.909],[0.955],[0.725],[0.894],[0.202],[0.047],[0.293],[0.974],[0.627],[0.736],[0.001],[0.51],[0.123],[0.192],[0.994],[0.747],[0.522],[0.036],[0.849],[0.316],[0.18],[0.596],[0.366],[0.778],[0.169],[0.58],[0.332],[0.788],[0.356],[0.023],[0.345],[0.563]],"nseeds":64,"executions":102,"nfe":10700,"gps":[[0.08]],"lps":[[0.246],[0.449],[0.679],[0.93]],"fps":[[0.256],[0.236],[0.069],[0.091],[0.459],[0.439],[0.266],[0.225],[0.47],[0.428],[0.101],[0.059],[0.669],[0.691],[0.276],[0.481],[0.701],[0.657],[0.417],[0.213],[0.713],[0.491],[0.919],[0.944],[0.641],[0.112],[0.406],[0.909],[0.955],[0.725],[0.894],[0.202],[0.047],[0.293],[0.974],[0.627],[0.736],[0.001],[0.51],[0.123],[0.192],[0.994],[0.747],[0.522],[0.036],[0.849],[0.316],[0.18],[0.596],[0.366],[0.778],[0.169],[0.58],[0.332],[0.788],[0.356],[0.023],[0.345],[0.563]],"np":5,"gp":1,"pr":0.078125,"gpr":1,"lp":4,"lpr":1,"fpr":0.921875,"reason":"statistic"}