{"avgHealth":103.76610749949526,"seeds":[[0.08],[0.246],[0.256],[0.235],[0.069],[0.091],[0.453],[0.442],[0.463],[0.268],[0.43],[0.223],[0.101],[0.475],[0.678],[0.059],[0.69],[0.667],[0.42],[0.7],[0.653],[0.486],[0.211],[0.284],[0.714],[0.93],[0.643],[0.92],[0.945],[0.407],[0.909],[0.113],[0.957],[0.725],[0.498],[0.896],[0.632],[0.97],[0.294],[0.046],[0.886],[0.199],[0.396],[0.736],[0.981],[0.622],[0.001],[0.509],[0.876],[0.991],[0.746],[0.125],[0.305],[0.865],[0.611],[0.188],[0.52],[0.756],[0.379],[0.854],[0.034],[0.6],[0.135],[0.53],[0.766],[0.32],[0.838],[0.776],[0.174],[0.587],[0.364],[0.541],[0.828],[0.33],[0.147],[0.787],[0.014],[0.574],[0.353],[0.816],[0.555],[0.798],[0.161]],"nseeds":83,"executions":46,"nfe":5100,"gps":[[0.08]],"lps":[[0.246],[0.453],[0.678],[0.93]],"fps":[[0.256],[0.235],[0.069],[0.091],[0.442],[0.463],[0.268],[0.43],[0.223],[0.101],[0.475],[0.059],[0.69],[0.667],[0.42],[0.7],[0.653],[0.486],[0.211],[0.284],[0.714],[0.643],[0.92],[0.945],[0.407],[0.909],[0.113],[0.957],[0.725],[0.498],[0.896],[0.632],[0.97],[0.294],[0.046],[0.886],[0.199],[0.396],[0.736],[0.981],[0.622],[0.001],[0.509],[0.876],[0.991],[0.746],[0.125],[0.305],[0.865],[0.611],[0.188],[0.52],[0.756],[0.379],[0.854],[0.034],[0.6],[0.135],[0.53],[0.766],[0.32],[0.838],[0.776],[0.174],[0.587],[0.364],[0.541],[0.828],[0.33],[0.147],[0.787],[0.014],[0.574],[0.353],[0.816],[0.555],[0.798],[0.161]],"np":5,"gp":1,"pr":0.060240963855421686,"gpr":1,"lp":4,"lpr":1,"fpr":0.9397590361445783,"reason":"statistic"}