{"avgHealth":113.5444231166658,"seeds":[[0.081],[0.246],[0.071],[0.256],[0.233],[0.449],[0.459],[0.095],[0.436],[0.269],[0.47],[0.223],[0.426],[0.677],[0.687],[0.667],[0.698],[0.657],[0.056],[0.213],[0.107],[0.281],[0.486],[0.709],[0.413],[0.644],[0.926],[0.938],[0.916],[0.948],[0.72],[0.958],[0.497],[0.901],[0.634],[0.292],[0.73],[0],[0.971],[0.199],[0.045],[0.396],[0.622],[0.121],[0.74],[0.877],[0.51],[0.987],[0.303],[0.867],[0.385],[0.75],[0.611],[0.999],[0.189],[0.521],[0.856],[0.131],[0.313],[0.601],[0.762],[0.374],[0.179],[0.844],[0.534],[0.591],[0.773],[0.323],[0.834],[0.783],[0.146],[0.58],[0.547],[0.025],[0.358],[0.167],[0.334],[0.82],[0.796],[0.568],[0.348],[0.809]],"nseeds":82,"executions":9,"nfe":1400,"gps":[[0.081]],"lps":[[0.246],[0.449],[0.677],[0.926],[0.938]],"fps":[[0.071],[0.256],[0.233],[0.459],[0.095],[0.436],[0.269],[0.47],[0.223],[0.426],[0.687],[0.667],[0.698],[0.657],[0.056],[0.213],[0.107],[0.281],[0.486],[0.709],[0.413],[0.644],[0.916],[0.948],[0.72],[0.958],[0.497],[0.901],[0.634],[0.292],[0.73],[0],[0.971],[0.199],[0.045],[0.396],[0.622],[0.121],[0.74],[0.877],[0.51],[0.987],[0.303],[0.867],[0.385],[0.75],[0.611],[0.999],[0.189],[0.521],[0.856],[0.131],[0.313],[0.601],[0.762],[0.374],[0.179],[0.844],[0.534],[0.591],[0.773],[0.323],[0.834],[0.783],[0.146],[0.58],[0.547],[0.025],[0.358],[0.167],[0.334],[0.82],[0.796],[0.568],[0.348],[0.809]],"np":6,"gp":1,"pr":0.07317073170731707,"gpr":1,"lp":5,"lpr":1.25,"fpr":0.926829268292683,"reason":"statistic"}