{"avgHealth":112.98877279607389,"seeds":[[0.08],[0.251],[0.241],[0.069],[0.261],[0.45],[0.23],[0.44],[0.461],[0.096],[0.43],[0.271],[0.472],[0.678],[0.059],[0.69],[0.668],[0.419],[0.216],[0.7],[0.653],[0.107],[0.281],[0.711],[0.49],[0.931],[0.921],[0.641],[0.946],[0.407],[0.91],[0.206],[0.722],[0.956],[0.966],[0.892],[0.117],[0.294],[0.046],[0.503],[0.733],[0.627],[0.395],[0.882],[0.981],[0.194],[0.743],[0.617],[0.513],[0.992],[0.87],[0.306],[0.383],[0.607],[0.755],[0.13],[0.036],[0.525],[0.85],[0.316],[0.181],[0.373],[0.767],[0.596],[0.535],[0.84],[0.141],[0.586],[0.78],[0.83],[0.362],[0.328],[0.545],[0.013],[0.167],[0.024],[0.79],[0.82],[0.574],[0.151],[0.556],[0.339],[0.35],[0.801]],"nseeds":84,"executions":70,"nfe":7500,"gps":[[0.08]],"lps":[[0.45],[0.678],[0.931]],"fps":[[0.251],[0.241],[0.069],[0.261],[0.23],[0.44],[0.461],[0.096],[0.43],[0.271],[0.472],[0.059],[0.69],[0.668],[0.419],[0.216],[0.7],[0.653],[0.107],[0.281],[0.711],[0.49],[0.921],[0.641],[0.946],[0.407],[0.91],[0.206],[0.722],[0.956],[0.966],[0.892],[0.117],[0.294],[0.046],[0.503],[0.733],[0.627],[0.395],[0.882],[0.981],[0.194],[0.743],[0.617],[0.513],[0.992],[0.87],[0.306],[0.383],[0.607],[0.755],[0.13],[0.036],[0.525],[0.85],[0.316],[0.181],[0.373],[0.767],[0.596],[0.535],[0.84],[0.141],[0.586],[0.78],[0.83],[0.362],[0.328],[0.545],[0.013],[0.167],[0.024],[0.79],[0.82],[0.574],[0.151],[0.556],[0.339],[0.35],[0.801]],"np":4,"gp":1,"pr":0.047619047619047616,"gpr":1,"lp":3,"lpr":0.75,"fpr":0.9523809523809523,"reason":"statistic"}