{"avgHealth":109.89048622739324,"seeds":[[0.082],[0.247],[0.072],[0.237],[0.258],[0.093],[0.449],[0.46],[0.438],[0.225],[0.269],[0.061],[0.473],[0.424],[0.68],[0.691],[0.665],[0.104],[0.279],[0.483],[0.655],[0.704],[0.414],[0.212],[0.715],[0.931],[0.92],[0.943],[0.051],[0.493],[0.639],[0.908],[0.953],[0.29],[0.114],[0.725],[0.898],[0.963],[0.402],[0.201],[0.973],[0.627],[0.887],[0.506],[0.736],[0.001],[0.984],[0.301],[0.875],[0.746],[0.615],[0.04],[0.387],[0.516],[0.19],[0.865],[0.129],[0.311],[0.855],[0.602],[0.527],[0.762],[0.373],[0.845],[0.179],[0.321],[0.772],[0.139],[0.591],[0.539],[0.833],[0.027],[0.782],[0.361],[0.58],[0.331],[0.549],[0.167],[0.014],[0.819],[0.15],[0.793],[0.351],[0.559],[0.804]],"nseeds":85,"executions":19,"nfe":2400,"gps":[[0.082]],"lps":[[0.247],[0.449],[0.68],[0.931]],"fps":[[0.072],[0.237],[0.258],[0.093],[0.46],[0.438],[0.225],[0.269],[0.061],[0.473],[0.424],[0.691],[0.665],[0.104],[0.279],[0.483],[0.655],[0.704],[0.414],[0.212],[0.715],[0.92],[0.943],[0.051],[0.493],[0.639],[0.908],[0.953],[0.29],[0.114],[0.725],[0.898],[0.963],[0.402],[0.201],[0.973],[0.627],[0.887],[0.506],[0.736],[0.001],[0.984],[0.301],[0.875],[0.746],[0.615],[0.04],[0.387],[0.516],[0.19],[0.865],[0.129],[0.311],[0.855],[0.602],[0.527],[0.762],[0.373],[0.845],[0.179],[0.321],[0.772],[0.139],[0.591],[0.539],[0.833],[0.027],[0.782],[0.361],[0.58],[0.331],[0.549],[0.167],[0.014],[0.819],[0.15],[0.793],[0.351],[0.559],[0.804]],"np":5,"gp":1,"pr":0.058823529411764705,"gpr":1,"lp":4,"lpr":1,"fpr":0.9411764705882353,"reason":"statistic"}