{"avgHealth":0.6126031251611769,"seeds":[[0.08],[0.246],[0.256],[0.236],[0.069],[0.091],[0.449],[0.459],[0.439],[0.266],[0.225],[0.47],[0.429],[0.101],[0.679],[0.669],[0.69],[0.058],[0.276],[0.48],[0.419],[0.701],[0.214],[0.711],[0.647],[0.93],[0.941],[0.408],[0.918],[0.112],[0.494],[0.952],[0.907],[0.897],[0.504],[0.199],[0.395],[0.988],[0.303],[0.189],[0.314],[0.767],[0.179],[0.592],[0.029],[0.142],[0.784],[0.331],[0.824],[0.351],[0.558]],"nseeds":51,"executions":183,"nfe":18800,"gps":[[0.08]],"lps":[[0.246],[0.449],[0.679],[0.93]],"fps":[[0.256],[0.236],[0.069],[0.091],[0.459],[0.439],[0.266],[0.225],[0.47],[0.429],[0.101],[0.669],[0.69],[0.058],[0.276],[0.48],[0.419],[0.701],[0.214],[0.711],[0.647],[0.941],[0.408],[0.918],[0.112],[0.494],[0.952],[0.907],[0.897],[0.504],[0.199],[0.395],[0.988],[0.303],[0.189],[0.314],[0.767],[0.179],[0.592],[0.029],[0.142],[0.784],[0.331],[0.824],[0.351],[0.558]],"np":5,"gp":1,"pr":0.09803921568627451,"gpr":1,"lp":4,"lpr":1,"fpr":0.9019607843137255,"reason":"statistic"}