{"avgHealth":0.5786201769937901,"seeds":[[0.08],[0.246],[0.256],[0.236],[0.069],[0.091],[0.449],[0.459],[0.439],[0.266],[0.225],[0.47],[0.427],[0.679],[0.059],[0.102],[0.669],[0.69],[0.659],[0.701],[0.213],[0.413],[0.648],[0.488],[0.283],[0.712],[0.931],[0.943],[0.112],[0.91],[0.954],[0.722],[0.498],[0.633],[0.401],[0.047],[0.201],[0],[0.124],[0.992],[0.749],[0.612],[0.19],[0.385],[0.31],[0.76],[0.033],[0.18],[0.531],[0.596],[0.324],[0.777],[0.542],[0.011],[0.827],[0.169],[0.578],[0.791],[0.336],[0.554],[0.021],[0.349],[0.155]],"nseeds":63,"executions":150,"nfe":15500,"gps":[[0.08]],"lps":[[0.246],[0.449],[0.679],[0.931]],"fps":[[0.256],[0.236],[0.069],[0.091],[0.459],[0.439],[0.266],[0.225],[0.47],[0.427],[0.059],[0.102],[0.669],[0.69],[0.659],[0.701],[0.213],[0.413],[0.648],[0.488],[0.283],[0.712],[0.943],[0.112],[0.91],[0.954],[0.722],[0.498],[0.633],[0.401],[0.047],[0.201],[0],[0.124],[0.992],[0.749],[0.612],[0.19],[0.385],[0.31],[0.76],[0.033],[0.18],[0.531],[0.596],[0.324],[0.777],[0.542],[0.011],[0.827],[0.169],[0.578],[0.791],[0.336],[0.554],[0.021],[0.349],[0.155]],"np":5,"gp":1,"pr":0.07936507936507936,"gpr":1,"lp":4,"lpr":1,"fpr":0.9206349206349206,"reason":"statistic"}