{"avgHealth":0.6265653639181752,"seeds":[[0.08],[0.246],[0.256],[0.236],[0.069],[0.091],[0.449],[0.459],[0.439],[0.266],[0.225],[0.47],[0.427],[0.679],[0.059],[0.102],[0.69],[0.668],[0.276],[0.48],[0.215],[0.702],[0.417],[0.656],[0.714],[0.931],[0.492],[0.944],[0.915],[0.288],[0.905],[0.205],[0.114],[0.048],[0.728],[0.397],[0.507],[0.984],[0.193],[0.125],[1.003],[0.858],[0.38],[0.314],[0.763],[0.181],[0.137],[0.78],[0.027],[0.166],[0.339],[0.35],[0.155],[0.804]],"nseeds":54,"executions":374,"nfe":37900,"gps":[[0.08]],"lps":[[0.246],[0.449],[0.679],[0.931]],"fps":[[0.256],[0.236],[0.069],[0.091],[0.459],[0.439],[0.266],[0.225],[0.47],[0.427],[0.059],[0.102],[0.69],[0.668],[0.276],[0.48],[0.215],[0.702],[0.417],[0.656],[0.714],[0.492],[0.944],[0.915],[0.288],[0.905],[0.205],[0.114],[0.048],[0.728],[0.397],[0.507],[0.984],[0.193],[0.125],[1.003],[0.858],[0.38],[0.314],[0.763],[0.181],[0.137],[0.78],[0.027],[0.166],[0.339],[0.35],[0.155],[0.804]],"np":5,"gp":1,"pr":0.09259259259259259,"gpr":1,"lp":4,"lpr":1,"fpr":0.9074074074074074,"reason":"statistic"}