{"avgHealth":0.6025488656095125,"seeds":[[0.08],[0.246],[0.256],[0.236],[0.069],[0.091],[0.449],[0.459],[0.439],[0.268],[0.225],[0.429],[0.471],[0.679],[0.102],[0.669],[0.691],[0.057],[0.481],[0.659],[0.701],[0.279],[0.416],[0.214],[0.646],[0.93],[0.717],[0.946],[0.112],[0.494],[0.903],[0.958],[0.291],[0.203],[0.728],[0.047],[0.507],[0.982],[0.39],[0.744],[0.193],[0.127],[1.014],[1.004],[0.606],[0.183],[0.033],[0.767],[0.326],[0.172],[0.782],[0.582],[0.012],[0.023],[0.339],[0.35],[0.557],[0.156],[0.805]],"nseeds":59,"executions":424,"nfe":42900,"gps":[[0.08]],"lps":[[0.246],[0.449],[0.679],[0.93]],"fps":[[0.256],[0.236],[0.069],[0.091],[0.459],[0.439],[0.268],[0.225],[0.429],[0.471],[0.102],[0.669],[0.691],[0.057],[0.481],[0.659],[0.701],[0.279],[0.416],[0.214],[0.646],[0.717],[0.946],[0.112],[0.494],[0.903],[0.958],[0.291],[0.203],[0.728],[0.047],[0.507],[0.982],[0.39],[0.744],[0.193],[0.127],[1.014],[1.004],[0.606],[0.183],[0.033],[0.767],[0.326],[0.172],[0.782],[0.582],[0.012],[0.023],[0.339],[0.35],[0.557],[0.156],[0.805]],"np":5,"gp":1,"pr":0.0847457627118644,"gpr":1,"lp":4,"lpr":1,"fpr":0.9152542372881356,"reason":"statistic"}