{"avgHealth":0.5885291895747198,"seeds":[[0.08],[0.246],[0.256],[0.236],[0.069],[0.091],[0.449],[0.459],[0.439],[0.266],[0.225],[0.47],[0.429],[0.679],[0.69],[0.666],[0.104],[0.7],[0.278],[0.215],[0.056],[0.417],[0.655],[0.486],[0.71],[0.644],[0.929],[0.941],[0.407],[0.909],[0.954],[0.204],[0.115],[0.964],[0.895],[0.5],[0.296],[0.045],[0.977],[0.739],[0.001],[0.392],[0.873],[0.193],[0.991],[0.127],[0.307],[0.861],[0.034],[0.182],[0.598],[0.766],[0.32],[0.838],[0.141],[0.776],[0.172],[0.331],[0.573],[0.151],[0.022],[0.161],[0.349],[0.807]],"nseeds":64,"executions":108,"nfe":11300,"gps":[[0.08]],"lps":[[0.246],[0.449],[0.679],[0.929]],"fps":[[0.256],[0.236],[0.069],[0.091],[0.459],[0.439],[0.266],[0.225],[0.47],[0.429],[0.69],[0.666],[0.104],[0.7],[0.278],[0.215],[0.056],[0.417],[0.655],[0.486],[0.71],[0.644],[0.941],[0.407],[0.909],[0.954],[0.204],[0.115],[0.964],[0.895],[0.5],[0.296],[0.045],[0.977],[0.739],[0.001],[0.392],[0.873],[0.193],[0.991],[0.127],[0.307],[0.861],[0.034],[0.182],[0.598],[0.766],[0.32],[0.838],[0.141],[0.776],[0.172],[0.331],[0.573],[0.151],[0.022],[0.161],[0.349],[0.807]],"np":5,"gp":1,"pr":0.078125,"gpr":1,"lp":4,"lpr":1,"fpr":0.921875,"reason":"statistic"}