{"avgHealth":0.5826211862949395,"seeds":[[0.08],[0.246],[0.256],[0.236],[0.069],[0.091],[0.449],[0.459],[0.439],[0.266],[0.225],[0.47],[0.429],[0.679],[0.059],[0.102],[0.69],[0.667],[0.277],[0.7],[0.215],[0.655],[0.484],[0.71],[0.645],[0.93],[0.942],[0.112],[0.72],[0.952],[0.205],[0.498],[0.047],[0.972],[0.396],[0.298],[0.508],[0.983],[0.193],[0.002],[0.996],[1.011],[0.754],[0.311],[0.036],[0.855],[0.603],[0.183],[0.528],[0.138],[0.772],[0.325],[0.173],[0.541],[0.36],[0.578],[0.339],[0.162],[0.81],[0.566]],"nseeds":60,"executions":152,"nfe":15700,"gps":[[0.08]],"lps":[[0.246],[0.449],[0.679],[0.93]],"fps":[[0.256],[0.236],[0.069],[0.091],[0.459],[0.439],[0.266],[0.225],[0.47],[0.429],[0.059],[0.102],[0.69],[0.667],[0.277],[0.7],[0.215],[0.655],[0.484],[0.71],[0.645],[0.942],[0.112],[0.72],[0.952],[0.205],[0.498],[0.047],[0.972],[0.396],[0.298],[0.508],[0.983],[0.193],[0.002],[0.996],[1.011],[0.754],[0.311],[0.036],[0.855],[0.603],[0.183],[0.528],[0.138],[0.772],[0.325],[0.173],[0.541],[0.36],[0.578],[0.339],[0.162],[0.81],[0.566]],"np":5,"gp":1,"pr":0.08333333333333333,"gpr":1,"lp":4,"lpr":1,"fpr":0.9166666666666666,"reason":"statistic"}