{"avgHealth":0.9628924429168888,"seeds":[[0.1],[0.09],[0.299],[0.111],[0.277],[0.412]],"nseeds":6,"executions":643,"nfe":64800,"gps":[[0.1]],"lps":[[0.299]],"fps":[[0.09],[0.111],[0.277],[0.412]],"np":2,"gp":1,"pr":0.3333333333333333,"gpr":1,"lp":1,"lpr":0.25,"fpr":0.6666666666666666,"reason":"statistic"}