{"avgHealth":214.60197449298457,"seeds":[[0.101],[0.091],[0.298],[0.113],[0.308],[0.288],[0.318],[0.5],[0.511],[0.277],[0.486],[0.075],[0.129],[0.328],[0.521],[0.476],[0.695],[0.683],[0.266],[0.715],[0.064],[0.895]],"nseeds":22,"executions":13,"nfe":1800,"gps":[[0.101]],"lps":[[0.298],[0.5],[0.695],[0.895]],"fps":[[0.091],[0.113],[0.308],[0.288],[0.318],[0.511],[0.277],[0.486],[0.075],[0.129],[0.328],[0.521],[0.476],[0.683],[0.266],[0.715],[0.064]],"np":5,"gp":1,"pr":0.22727272727272727,"gpr":1,"lp":4,"lpr":1,"fpr":0.7727272727272727,"reason":"statistic"}