{"avgHealth":100.00116174544945,"seeds":[[0.101],[0.299],[0.113],[0.085],[0.31],[0.288],[0.499],[0.488],[0.321],[0.277],[0.514],[0.073],[0.128],[0.476],[0.695],[0.706],[0.331],[0.525],[0.267],[0.681],[0.717],[0.06],[0.464],[0.671],[0.535],[0.9],[0.142],[0.889],[0.341],[0.729],[0.257],[0.913],[0.878],[0.923],[0.661],[0.454],[0.739],[0.153],[0.862],[0.934],[0.353],[0.55],[0.243],[0.749],[0.648],[0.444],[0.041],[0.849],[0.949],[0.56],[0.164],[0.364],[0.638],[0.76],[0.225]],"nseeds":55,"executions":11,"nfe":1600,"gps":[[0.101]],"lps":[[0.299],[0.499],[0.695],[0.9]],"fps":[[0.113],[0.085],[0.31],[0.288],[0.488],[0.321],[0.277],[0.514],[0.073],[0.128],[0.476],[0.706],[0.331],[0.525],[0.267],[0.681],[0.717],[0.06],[0.464],[0.671],[0.535],[0.142],[0.889],[0.341],[0.729],[0.257],[0.913],[0.878],[0.923],[0.661],[0.454],[0.739],[0.153],[0.862],[0.934],[0.353],[0.55],[0.243],[0.749],[0.648],[0.444],[0.041],[0.849],[0.949],[0.56],[0.164],[0.364],[0.638],[0.76],[0.225]],"np":5,"gp":1,"pr":0.09090909090909091,"gpr":1,"lp":4,"lpr":1,"fpr":0.9090909090909091,"reason":"statistic"}