{"avgHealth":119.41261030847309,"seeds":[[0.1],[0.09],[0.3],[0.111],[0.29],[0.313],[0.499],[0.123],[0.077],[0.488],[0.278],[0.51],[0.323],[0.477],[0.521],[0.698],[0.709],[0.687],[0.066],[0.134],[0.334],[0.264],[0.677],[0.72],[0.464],[0.534],[0.897],[0.911],[0.667],[0.73],[0.056],[0.877],[0.146],[0.346],[0.923],[0.453],[0.867],[0.74],[0.657],[0.547],[0.246],[0.045],[0.938],[0.856],[0.356],[0.75],[0.159],[0.644]],"nseeds":48,"executions":12,"nfe":1700,"gps":[[0.1]],"lps":[[0.3],[0.499],[0.698],[0.897]],"fps":[[0.09],[0.111],[0.29],[0.313],[0.123],[0.077],[0.488],[0.278],[0.51],[0.323],[0.477],[0.521],[0.709],[0.687],[0.066],[0.134],[0.334],[0.264],[0.677],[0.72],[0.464],[0.534],[0.911],[0.667],[0.73],[0.056],[0.877],[0.146],[0.346],[0.923],[0.453],[0.867],[0.74],[0.657],[0.547],[0.246],[0.045],[0.938],[0.856],[0.356],[0.75],[0.159],[0.644]],"np":5,"gp":1,"pr":0.10416666666666667,"gpr":1,"lp":4,"lpr":1,"fpr":0.8958333333333334,"reason":"statistic"}