{"avgHealth":102.79424996366342,"seeds":[[0.101],[0.299],[0.089],[0.113],[0.289],[0.31],[0.5],[0.077],[0.124],[0.321],[0.51],[0.277],[0.482],[0.522],[0.7],[0.69],[0.267],[0.47],[0.716],[0.334],[0.679],[0.063],[0.139],[0.897],[0.536],[0.669],[0.885],[0.914],[0.458],[0.733],[0.254],[0.874],[0.053],[0.348],[0.658],[0.929],[0.547],[0.864],[0.743],[0.154],[0.244],[0.94],[0.445],[0.358],[0.646],[0.557],[0.038],[0.848],[0.755],[0.95],[0.166],[0.435],[0.635],[0.837],[0.23],[0.568],[0.961],[0.766],[0.372],[0.027],[0.209]],"nseeds":61,"executions":11,"nfe":1600,"gps":[[0.101]],"lps":[[0.299],[0.5],[0.7],[0.897]],"fps":[[0.089],[0.113],[0.289],[0.31],[0.077],[0.124],[0.321],[0.51],[0.277],[0.482],[0.522],[0.69],[0.267],[0.47],[0.716],[0.334],[0.679],[0.063],[0.139],[0.536],[0.669],[0.885],[0.914],[0.458],[0.733],[0.254],[0.874],[0.053],[0.348],[0.658],[0.929],[0.547],[0.864],[0.743],[0.154],[0.244],[0.94],[0.445],[0.358],[0.646],[0.557],[0.038],[0.848],[0.755],[0.95],[0.166],[0.435],[0.635],[0.837],[0.23],[0.568],[0.961],[0.766],[0.372],[0.027],[0.209]],"np":5,"gp":1,"pr":0.08196721311475409,"gpr":1,"lp":4,"lpr":1,"fpr":0.9180327868852459,"reason":"statistic"}