{"avgHealth":0.9408960747014847,"seeds":[[0.1],[0.09],[0.299],[0.111],[0.311],[0.417],[0.404]],"nseeds":7,"executions":498,"nfe":50300,"gps":[[0.1]],"lps":[[0.299]],"fps":[[0.09],[0.111],[0.311],[0.417],[0.404]],"np":2,"gp":1,"pr":0.2857142857142857,"gpr":1,"lp":1,"lpr":0.25,"fpr":0.7142857142857143,"reason":"statistic"}