{"avgHealth":0.9001768107266309,"seeds":[[0.1],[0.09],[0.299],[0.112],[0.309],[0.289],[0.366],[0.397],[0.2]],"nseeds":9,"executions":341,"nfe":34600,"gps":[[0.1]],"lps":[[0.299]],"fps":[[0.09],[0.112],[0.309],[0.289],[0.366],[0.397],[0.2]],"np":2,"gp":1,"pr":0.2222222222222222,"gpr":1,"lp":1,"lpr":0.25,"fpr":0.7777777777777778,"reason":"statistic"}