{"avgHealth":107.03382511172094,"seeds":[[0.101],[0.091],[0.299],[0.113],[0.286],[0.08],[0.498],[0.32],[0.509],[0.486],[0.125],[0.275],[0.52],[0.476],[0.069],[0.697],[0.33],[0.708],[0.684],[0.135],[0.265],[0.53],[0.719],[0.674],[0.464],[0.059],[0.896],[0.909],[0.886],[0.73],[0.344],[0.255],[0.664],[0.919],[0.876],[0.541],[0.147],[0.454],[0.929],[0.865],[0.742],[0.653],[0.046],[0.244],[0.854],[0.555],[0.979],[0.211]],"nseeds":48,"executions":12,"nfe":1700,"gps":[[0.101]],"lps":[[0.299],[0.498],[0.697],[0.896]],"fps":[[0.091],[0.113],[0.286],[0.08],[0.32],[0.509],[0.486],[0.125],[0.275],[0.52],[0.476],[0.069],[0.33],[0.708],[0.684],[0.135],[0.265],[0.53],[0.719],[0.674],[0.464],[0.059],[0.909],[0.886],[0.73],[0.344],[0.255],[0.664],[0.919],[0.876],[0.541],[0.147],[0.454],[0.929],[0.865],[0.742],[0.653],[0.046],[0.244],[0.854],[0.555],[0.979],[0.211]],"np":5,"gp":1,"pr":0.10416666666666667,"gpr":1,"lp":4,"lpr":1,"fpr":0.8958333333333334,"reason":"statistic"}