{"avgHealth":136.35463727576786,"seeds":[[0.101],[0.301],[0.088],[0.291],[0.116],[0.312],[0.503],[0.493],[0.077],[0.279],[0.513],[0.323],[0.127],[0.478],[0.698],[0.269],[0.525],[0.687],[0.711],[0.066],[0.333],[0.137],[0.677],[0.722],[0.535],[0.259],[0.902],[0.892],[0.462],[0.882],[0.914],[0.664],[0.733],[0.345],[0.053],[0.148],[0.925],[0.87],[0.545],[0.452],[0.848]],"nseeds":41,"executions":12,"nfe":1700,"gps":[[0.101]],"lps":[[0.301],[0.503],[0.698],[0.902],[0.892]],"fps":[[0.088],[0.291],[0.116],[0.312],[0.493],[0.077],[0.279],[0.513],[0.323],[0.127],[0.478],[0.269],[0.525],[0.687],[0.711],[0.066],[0.333],[0.137],[0.677],[0.722],[0.535],[0.259],[0.462],[0.882],[0.914],[0.664],[0.733],[0.345],[0.053],[0.148],[0.925],[0.87],[0.545],[0.452],[0.848]],"np":6,"gp":1,"pr":0.14634146341463414,"gpr":1,"lp":5,"lpr":1.25,"fpr":0.8536585365853658,"reason":"statistic"}