{"avgHealth":126.25885522298172,"seeds":[[0.1],[0.3],[0.087],[0.31],[0.286],[0.12],[0.498],[0.32],[0.488],[0.076],[0.511],[0.273],[0.477],[0.522],[0.696],[0.33],[0.706],[0.134],[0.685],[0.717],[0.062],[0.675],[0.262],[0.532],[0.9],[0.34],[0.888],[0.728],[0.916],[0.664],[0.146],[0.457],[0.874],[0.542],[0.052],[0.738],[0.927],[0.4]],"nseeds":38,"executions":17,"nfe":2200,"gps":[[0.1]],"lps":[[0.3],[0.498],[0.696],[0.9]],"fps":[[0.087],[0.31],[0.286],[0.12],[0.32],[0.488],[0.076],[0.511],[0.273],[0.477],[0.522],[0.33],[0.706],[0.134],[0.685],[0.717],[0.062],[0.675],[0.262],[0.532],[0.34],[0.888],[0.728],[0.916],[0.664],[0.146],[0.457],[0.874],[0.542],[0.052],[0.738],[0.927],[0.4]],"np":5,"gp":1,"pr":0.13157894736842105,"gpr":1,"lp":4,"lpr":1,"fpr":0.868421052631579,"reason":"statistic"}