{"avgHealth":115.10075472167694,"seeds":[[0.101],[0.298],[0.089],[0.113],[0.31],[0.288],[0.5],[0.078],[0.489],[0.124],[0.51],[0.323],[0.275],[0.478],[0.699],[0.524],[0.067],[0.686],[0.711],[0.134],[0.333],[0.265],[0.676],[0.722],[0.465],[0.534],[0.898],[0.887],[0.911],[0.145],[0.664],[0.733],[0.875],[0.053],[0.346],[0.925],[0.452],[0.547],[0.248],[0.743],[0.654],[0.935],[0.86],[0.156],[0.043],[0.356],[0.442],[0.85],[0.558],[0.643],[0.23]],"nseeds":51,"executions":11,"nfe":1600,"gps":[[0.101]],"lps":[[0.298],[0.5],[0.699],[0.898]],"fps":[[0.089],[0.113],[0.31],[0.288],[0.078],[0.489],[0.124],[0.51],[0.323],[0.275],[0.478],[0.524],[0.067],[0.686],[0.711],[0.134],[0.333],[0.265],[0.676],[0.722],[0.465],[0.534],[0.887],[0.911],[0.145],[0.664],[0.733],[0.875],[0.053],[0.346],[0.925],[0.452],[0.547],[0.248],[0.743],[0.654],[0.935],[0.86],[0.156],[0.043],[0.356],[0.442],[0.85],[0.558],[0.643],[0.23]],"np":5,"gp":1,"pr":0.09803921568627451,"gpr":1,"lp":4,"lpr":1,"fpr":0.9019607843137255,"reason":"statistic"}