{"avgHealth":-0.18898110776827656,"seeds":[[0],[-0.0653560000000013],[0.0653560000000013],[0.1307120000000026],[0.2614239999999981],[0.9803399999999982]],"nseeds":6,"executions":938,"nfe":94300,"gps":[[0]],"lps":[],"fps":[[-0.0653560000000013],[0.0653560000000013],[0.1307120000000026],[0.2614239999999981],[0.9803399999999982]],"np":1,"gp":1,"pr":0.16666666666666666,"gpr":1,"fpr":0.8333333333333334,"reason":"statistic"}