{"avgHealth":-0.2999308677636487,"seeds":[[0],[-0.0653560000000013],[0.0653560000000013],[-0.3267799999999994],[0.9803399999999982],[-0.9803400000000018]],"nseeds":6,"executions":901,"nfe":90600,"gps":[[0]],"lps":[],"fps":[[-0.0653560000000013],[0.0653560000000013],[-0.3267799999999994],[0.9803399999999982],[-0.9803400000000018]],"np":1,"gp":1,"pr":0.16666666666666666,"gpr":1,"fpr":0.8333333333333334,"reason":"statistic"}