{"avgHealth":-0.41201279334560614,"seeds":[[0],[-0.0653560000000013],[0.0653560000000013],[0.1960679999999968],[-0.3267799999999994],[0.9803399999999982],[-0.9803400000000018]],"nseeds":7,"executions":709,"nfe":71400,"gps":[[0]],"lps":[],"fps":[[-0.0653560000000013],[0.0653560000000013],[0.1960679999999968],[-0.3267799999999994],[0.9803399999999982],[-0.9803400000000018]],"np":1,"gp":1,"pr":0.14285714285714285,"gpr":1,"fpr":0.8571428571428571,"reason":"statistic"}