{"avgHealth":-0.15345590813000412,"seeds":[[0],[0.0653560000000013],[-0.0653560000000013]],"nseeds":3,"executions":1090,"nfe":109500,"gps":[[0]],"lps":[],"fps":[[0.0653560000000013],[-0.0653560000000013]],"np":1,"gp":1,"pr":0.3333333333333333,"gpr":1,"fpr":0.6666666666666666,"reason":"statistic"}