{"avgHealth":-0.19885193701024761,"seeds":[[0],[-0.0653560000000013],[0.0653560000000013],[0.1307120000000026],[0.1960679999999968],[0.2614239999999981],[0.9803399999999982]],"nseeds":7,"executions":945,"nfe":95000,"gps":[[0]],"lps":[],"fps":[[-0.0653560000000013],[0.0653560000000013],[0.1307120000000026],[0.1960679999999968],[0.2614239999999981],[0.9803399999999982]],"np":1,"gp":1,"pr":0.14285714285714285,"gpr":1,"fpr":0.8571428571428571,"reason":"statistic"}