{"avgHealth":-0.13725248925913408,"seeds":[[0],[-0.0653560000000013],[0.0653560000000013]],"nseeds":3,"executions":1017,"nfe":102200,"gps":[[0]],"lps":[],"fps":[[-0.0653560000000013],[0.0653560000000013]],"np":1,"gp":1,"pr":0.3333333333333333,"gpr":1,"fpr":0.6666666666666666,"reason":"statistic"}