{"avgHealth":-0.26619050309084563,"seeds":[[0],[-0.0653560000000013],[0.0653560000000013],[-0.2614239999999981],[-0.3267799999999994],[0.9803399999999982]],"nseeds":6,"executions":1045,"nfe":105000,"gps":[[0]],"lps":[],"fps":[[-0.0653560000000013],[0.0653560000000013],[-0.2614239999999981],[-0.3267799999999994],[0.9803399999999982]],"np":1,"gp":1,"pr":0.16666666666666666,"gpr":1,"fpr":0.8333333333333334,"reason":"statistic"}