{"avgHealth":-0.16489499336693308,"seeds":[[0],[0.0653560000000013],[-0.0653560000000013],[0.1960679999999968],[0.9803399999999982]],"nseeds":5,"executions":1273,"nfe":127800,"gps":[[0]],"lps":[],"fps":[[0.0653560000000013],[-0.0653560000000013],[0.1960679999999968],[0.9803399999999982]],"np":1,"gp":1,"pr":0.2,"gpr":1,"fpr":0.8,"reason":"statistic"}