{"avgHealth":280.7248579749381,"seeds":[[0.3],[0.5],[0.7],[0.102],[0.903],[0.893],[0.091],[0.711],[0.289],[0.488],[0.513],[0.314],[0.114],[0.915],[0.883],[0.079],[0.478],[0.277],[0.724],[0.676],[0.925],[0.126],[0.873],[0.331],[0.531],[0.025],[0.985]],"nseeds":27,"executions":13,"nfe":1800,"gps":[[0.3],[0.5],[0.7],[0.102],[0.903]],"lps":[],"fps":[[0.893],[0.091],[0.711],[0.289],[0.488],[0.513],[0.314],[0.114],[0.915],[0.883],[0.079],[0.478],[0.277],[0.724],[0.676],[0.925],[0.126],[0.873],[0.331],[0.531],[0.025],[0.985]],"np":5,"gp":5,"pr":0.18518518518518517,"gpr":1,"fpr":0.8148148148148148,"reason":"statistic"}