{"avgHealth":191.3466173980658,"seeds":[[0.7],[0.301],[0.101],[0.902],[0.503],[0.493],[0.892],[0.291],[0.69],[0.711],[0.312],[0.088],[0.513],[0.914],[0.116],[0.882],[0.279],[0.722],[0.678],[0.478],[0.323],[0.077],[0.925],[0.525],[0.127],[0.87],[0.269],[0.668],[0.733],[0.333],[0.066],[0.535],[0.137],[0.462],[0.939],[0.259],[0.743],[0.345],[0.545],[0.053],[0.653],[0.148],[0.452],[0.848],[0.784]],"nseeds":45,"executions":12,"nfe":1700,"gps":[[0.7],[0.301],[0.101],[0.902],[0.503]],"lps":[],"fps":[[0.493],[0.892],[0.291],[0.69],[0.711],[0.312],[0.088],[0.513],[0.914],[0.116],[0.882],[0.279],[0.722],[0.678],[0.478],[0.323],[0.077],[0.925],[0.525],[0.127],[0.87],[0.269],[0.668],[0.733],[0.333],[0.066],[0.535],[0.137],[0.462],[0.939],[0.259],[0.743],[0.345],[0.545],[0.053],[0.653],[0.148],[0.452],[0.848],[0.784]],"np":5,"gp":5,"pr":0.1111111111111111,"gpr":1,"fpr":0.8888888888888888,"reason":"statistic"}