{"avgHealth":0.9682263703240033,"seeds":[[0.5],[0.1],[0.7],[0.9],[0.3],[0.89],[0.09],[0.31],[0.51],[0.29],[0.49],[0.91],[0.69],[0.711],[0.651]],"nseeds":15,"executions":398,"nfe":40300,"gps":[[0.5],[0.1],[0.7],[0.9],[0.3]],"lps":[],"fps":[[0.89],[0.09],[0.31],[0.51],[0.29],[0.49],[0.91],[0.69],[0.711],[0.651]],"np":5,"gp":5,"pr":0.3333333333333333,"gpr":1,"fpr":0.6666666666666666,"reason":"statistic"}