{"avgHealth":0.9551102718423391,"seeds":[[0.5],[0.7],[0.1],[0.3],[0.901],[0.891],[0.31],[0.29],[0.49],[0.51],[0.69],[0.711],[0.911],[0.088],[0.113],[0.745],[0.586]],"nseeds":17,"executions":313,"nfe":31800,"gps":[[0.5],[0.7],[0.1],[0.3],[0.901]],"lps":[],"fps":[[0.891],[0.31],[0.29],[0.49],[0.51],[0.69],[0.711],[0.911],[0.088],[0.113],[0.745],[0.586]],"np":5,"gp":5,"pr":0.29411764705882354,"gpr":1,"fpr":0.7058823529411765,"reason":"statistic"}