{"avgHealth":160.18266505705185,"seeds":[[0.9],[0.7],[0.1],[0.302],[0.498],[0.292],[0.91],[0.711],[0.512],[0.313],[0.087],[0.113],[0.887],[0.486],[0.684],[0.282],[0.92],[0.522],[0.723],[0.877],[0.324],[0.125],[0.475],[0.673],[0.072],[0.271],[0.93],[0.865],[0.736],[0.464],[0.336],[0.136],[0.537],[0.662],[0.261],[0.059],[0.944],[0.347],[0.747],[0.853],[0.652],[0.549],[0.149],[0.048],[0.448],[0.247],[0.955],[0.757],[0.358],[0.642],[0.159],[0.559],[0.038],[0.838],[0.431],[0.173]],"nseeds":56,"executions":11,"nfe":1600,"gps":[[0.9],[0.7],[0.1],[0.302],[0.498]],"lps":[],"fps":[[0.292],[0.91],[0.711],[0.512],[0.313],[0.087],[0.113],[0.887],[0.486],[0.684],[0.282],[0.92],[0.522],[0.723],[0.877],[0.324],[0.125],[0.475],[0.673],[0.072],[0.271],[0.93],[0.865],[0.736],[0.464],[0.336],[0.136],[0.537],[0.662],[0.261],[0.059],[0.944],[0.347],[0.747],[0.853],[0.652],[0.549],[0.149],[0.048],[0.448],[0.247],[0.955],[0.757],[0.358],[0.642],[0.159],[0.559],[0.038],[0.838],[0.431],[0.173]],"np":5,"gp":5,"pr":0.08928571428571429,"gpr":1,"fpr":0.9107142857142857,"reason":"statistic"}