{"avgHealth":170.06225047261333,"seeds":[[0.5],[0.7],[0.101],[0.299],[0.901],[0.091],[0.89],[0.51],[0.49],[0.69],[0.911],[0.113],[0.714],[0.286],[0.52],[0.32],[0.48],[0.08],[0.921],[0.678],[0.877],[0.275],[0.725],[0.125],[0.33],[0.47],[0.53],[0.069],[0.932],[0.667],[0.265],[0.135],[0.865],[0.736],[0.059],[0.541],[0.344],[0.456],[0.945],[0.255],[0.746],[0.854],[0.147],[0.653],[0.046],[0.979]],"nseeds":46,"executions":12,"nfe":1700,"gps":[[0.5],[0.7],[0.101],[0.299],[0.901]],"lps":[],"fps":[[0.091],[0.89],[0.51],[0.49],[0.69],[0.911],[0.113],[0.714],[0.286],[0.52],[0.32],[0.48],[0.08],[0.921],[0.678],[0.877],[0.275],[0.725],[0.125],[0.33],[0.47],[0.53],[0.069],[0.932],[0.667],[0.265],[0.135],[0.865],[0.736],[0.059],[0.541],[0.344],[0.456],[0.945],[0.255],[0.746],[0.854],[0.147],[0.653],[0.046],[0.979]],"np":5,"gp":5,"pr":0.10869565217391304,"gpr":1,"fpr":0.8913043478260869,"reason":"statistic"}