{"avgHealth":0.9440966513147194,"seeds":[[0.5],[0.3],[0.1],[0.7],[0.9],[0.09],[0.31],[0.49],[0.29],[0.51],[0.91],[0.69],[0.711],[0.111],[0.889],[0.463],[0.641]],"nseeds":17,"executions":302,"nfe":30700,"gps":[[0.5],[0.3],[0.1],[0.7],[0.9]],"lps":[],"fps":[[0.09],[0.31],[0.49],[0.29],[0.51],[0.91],[0.69],[0.711],[0.111],[0.889],[0.463],[0.641]],"np":5,"gp":5,"pr":0.29411764705882354,"gpr":1,"fpr":0.7058823529411765,"reason":"statistic"}