{"avgHealth":148.11734331394172,"seeds":[[0.9],[0.301],[0.499],[0.101],[0.703],[0.691],[0.291],[0.311],[0.889],[0.488],[0.913],[0.113],[0.714],[0.514],[0.085],[0.28],[0.68],[0.321],[0.878],[0.923],[0.476],[0.525],[0.073],[0.128],[0.729],[0.67],[0.331],[0.268],[0.934],[0.535],[0.464],[0.862],[0.739],[0.06],[0.66],[0.341],[0.142],[0.257],[0.454],[0.949],[0.749],[0.55],[0.849],[0.648],[0.353],[0.153],[0.444],[0.243],[0.959],[0.041],[0.76],[0.56],[0.638],[0.838],[0.225]],"nseeds":55,"executions":11,"nfe":1600,"gps":[[0.9],[0.301],[0.499],[0.101],[0.703]],"lps":[],"fps":[[0.691],[0.291],[0.311],[0.889],[0.488],[0.913],[0.113],[0.714],[0.514],[0.085],[0.28],[0.68],[0.321],[0.878],[0.923],[0.476],[0.525],[0.073],[0.128],[0.729],[0.67],[0.331],[0.268],[0.934],[0.535],[0.464],[0.862],[0.739],[0.06],[0.66],[0.341],[0.142],[0.257],[0.454],[0.949],[0.749],[0.55],[0.849],[0.648],[0.353],[0.153],[0.444],[0.243],[0.959],[0.041],[0.76],[0.56],[0.638],[0.838],[0.225]],"np":5,"gp":5,"pr":0.09090909090909091,"gpr":1,"fpr":0.9090909090909091,"reason":"statistic"}