{"avgHealth":234.95654629081614,"seeds":[[0.9],[0.5],[0.7],[0.299],[0.101],[0.89],[0.31],[0.51],[0.69],[0.089],[0.289],[0.113],[0.914],[0.716],[0.482],[0.679],[0.321],[0.879],[0.522],[0.277],[0.077],[0.124],[0.929],[0.47],[0.669],[0.733],[0.267],[0.867],[0.334],[0.536],[0.063],[0.94]],"nseeds":32,"executions":17,"nfe":2200,"gps":[[0.9],[0.5],[0.7],[0.299],[0.101]],"lps":[],"fps":[[0.89],[0.31],[0.51],[0.69],[0.089],[0.289],[0.113],[0.914],[0.716],[0.482],[0.679],[0.321],[0.879],[0.522],[0.277],[0.077],[0.124],[0.929],[0.47],[0.669],[0.733],[0.267],[0.867],[0.334],[0.536],[0.063],[0.94]],"np":5,"gp":5,"pr":0.15625,"gpr":1,"fpr":0.84375,"reason":"statistic"}