{"avgHealth":0.9677097350455485,"seeds":[[0.9],[0.7],[0.1],[0.3],[0.5],[0.71],[0.09],[0.89],[0.91],[0.29],[0.49],[0.511],[0.311],[0.111],[0.407]],"nseeds":15,"executions":374,"nfe":37900,"gps":[[0.9],[0.7],[0.1],[0.3],[0.5]],"lps":[],"fps":[[0.71],[0.09],[0.89],[0.91],[0.29],[0.49],[0.511],[0.311],[0.111],[0.407]],"np":5,"gp":5,"pr":0.3333333333333333,"gpr":1,"fpr":0.6666666666666666,"reason":"statistic"}