{"avgHealth":166.70047849051252,"seeds":[[0.9],[0.5],[0.3],[0.1],[0.703],[0.31],[0.69],[0.511],[0.888],[0.488],[0.713],[0.087],[0.286],[0.916],[0.12],[0.32],[0.522],[0.677],[0.477],[0.724],[0.076],[0.874],[0.927],[0.273],[0.33],[0.532],[0.666],[0.134],[0.734],[0.062],[0.262],[0.862],[0.939],[0.34],[0.542],[0.457],[0.744],[0.656],[0.146],[0.052],[0.95],[0.552],[0.447],[0.754],[0.646],[0.355],[0.566],[0.974]],"nseeds":48,"executions":12,"nfe":1700,"gps":[[0.9],[0.5],[0.3],[0.1],[0.703]],"lps":[],"fps":[[0.31],[0.69],[0.511],[0.888],[0.488],[0.713],[0.087],[0.286],[0.916],[0.12],[0.32],[0.522],[0.677],[0.477],[0.724],[0.076],[0.874],[0.927],[0.273],[0.33],[0.532],[0.666],[0.134],[0.734],[0.062],[0.262],[0.862],[0.939],[0.34],[0.542],[0.457],[0.744],[0.656],[0.146],[0.052],[0.95],[0.552],[0.447],[0.754],[0.646],[0.355],[0.566],[0.974]],"np":5,"gp":5,"pr":0.10416666666666667,"gpr":1,"fpr":0.8958333333333334,"reason":"statistic"}