{"avgHealth":165.0824108949992,"seeds":[[0.5],[0.9],[0.699],[0.101],[0.298],[0.31],[0.51],[0.711],[0.911],[0.489],[0.089],[0.288],[0.113],[0.887],[0.686],[0.722],[0.078],[0.478],[0.323],[0.524],[0.124],[0.676],[0.925],[0.275],[0.875],[0.733],[0.067],[0.333],[0.134],[0.534],[0.265],[0.465],[0.935],[0.664],[0.86],[0.743],[0.145],[0.346],[0.654],[0.547],[0.053],[0.452],[0.85],[0.951],[0.248],[0.356],[0.156],[0.643],[0.043],[0.758],[0.558],[0.442],[0.228]],"nseeds":53,"executions":11,"nfe":1600,"gps":[[0.5],[0.9],[0.699],[0.101],[0.298]],"lps":[],"fps":[[0.31],[0.51],[0.711],[0.911],[0.489],[0.089],[0.288],[0.113],[0.887],[0.686],[0.722],[0.078],[0.478],[0.323],[0.524],[0.124],[0.676],[0.925],[0.275],[0.875],[0.733],[0.067],[0.333],[0.134],[0.534],[0.265],[0.465],[0.935],[0.664],[0.86],[0.743],[0.145],[0.346],[0.654],[0.547],[0.053],[0.452],[0.85],[0.951],[0.248],[0.356],[0.156],[0.643],[0.043],[0.758],[0.558],[0.442],[0.228]],"np":5,"gp":5,"pr":0.09433962264150944,"gpr":1,"fpr":0.9056603773584906,"reason":"statistic"}