{"avgHealth":290.22836440452164,"seeds":[[0.5],[0.301],[0.101],[0.898],[0.704],[0.908],[0.692],[0.291],[0.091],[0.311],[0.511],[0.887],[0.113],[0.486],[0.715],[0.918],[0.68],[0.321],[0.279],[0.521],[0.476],[0.725],[0.075],[0.875],[0.129],[0.931],[0.331],[0.531],[0.269],[0.865],[0.768]],"nseeds":31,"executions":13,"nfe":1800,"gps":[[0.5],[0.301],[0.101],[0.898]],"lps":[],"fps":[[0.704],[0.908],[0.692],[0.291],[0.091],[0.311],[0.511],[0.887],[0.113],[0.486],[0.715],[0.918],[0.68],[0.321],[0.279],[0.521],[0.476],[0.725],[0.075],[0.875],[0.129],[0.931],[0.331],[0.531],[0.269],[0.865],[0.768]],"np":4,"gp":4,"pr":0.12903225806451613,"gpr":0.8,"fpr":0.8709677419354839,"reason":"statistic"}