{"avgHealth":164.7825969194807,"seeds":[[0.3],[0.5],[0.1],[0.7],[0.901],[0.09],[0.49],[0.29],[0.51],[0.911],[0.111],[0.689],[0.313],[0.716],[0.521],[0.278],[0.677],[0.323],[0.123],[0.077],[0.923],[0.477],[0.877],[0.726],[0.667],[0.867],[0.134],[0.066],[0.534],[0.334],[0.264],[0.464],[0.938],[0.738],[0.657],[0.056],[0.856],[0.346],[0.146],[0.453],[0.547],[0.948],[0.75],[0.246],[0.045],[0.356],[0.644],[0.844],[0.443],[0.958],[0.159],[0.764]],"nseeds":52,"executions":12,"nfe":1700,"gps":[[0.3],[0.5],[0.1],[0.7],[0.901]],"lps":[],"fps":[[0.09],[0.49],[0.29],[0.51],[0.911],[0.111],[0.689],[0.313],[0.716],[0.521],[0.278],[0.677],[0.323],[0.123],[0.077],[0.923],[0.477],[0.877],[0.726],[0.667],[0.867],[0.134],[0.066],[0.534],[0.334],[0.264],[0.464],[0.938],[0.738],[0.657],[0.056],[0.856],[0.346],[0.146],[0.453],[0.547],[0.948],[0.75],[0.246],[0.045],[0.356],[0.644],[0.844],[0.443],[0.958],[0.159],[0.764]],"np":5,"gp":5,"pr":0.09615384615384616,"gpr":1,"fpr":0.9038461538461539,"reason":"statistic"}