{"avgHealth":0.9517333265647588,"seeds":[[0.9],[0.7],[0.1],[0.5],[0.299],[0.71],[0.89],[0.31],[0.91],[0.51],[0.49],[0.69],[0.111],[0.289],[0.089],[0.875],[0]],"nseeds":17,"executions":334,"nfe":33900,"gps":[[0.9],[0.7],[0.1],[0.5],[0.299]],"lps":[],"fps":[[0.71],[0.89],[0.31],[0.91],[0.51],[0.49],[0.69],[0.111],[0.289],[0.089],[0.875],[0]],"np":5,"gp":5,"pr":0.29411764705882354,"gpr":1,"fpr":0.7058823529411765,"reason":"statistic"}