{"avgHealth":0.9465620284676206,"seeds":[[0.7],[0.3],[0.5],[0.9],[0.101],[0.71],[0.89],[0.31],[0.09],[0.49],[0.51],[0.91],[0.29],[0.69],[0.113],[0.761],[0.413]],"nseeds":17,"executions":310,"nfe":31500,"gps":[[0.7],[0.3],[0.5],[0.9],[0.101]],"lps":[],"fps":[[0.71],[0.89],[0.31],[0.09],[0.49],[0.51],[0.91],[0.29],[0.69],[0.113],[0.761],[0.413]],"np":5,"gp":5,"pr":0.29411764705882354,"gpr":1,"fpr":0.7058823529411765,"reason":"statistic"}