{"avgHealth":160.86957939602613,"seeds":[[0.7],[0.101],[0.301],[0.902],[0.503],[0.493],[0.892],[0.291],[0.69],[0.711],[0.312],[0.088],[0.513],[0.914],[0.116],[0.882],[0.279],[0.722],[0.678],[0.478],[0.323],[0.077],[0.925],[0.525],[0.127],[0.87],[0.269],[0.668],[0.733],[0.333],[0.066],[0.535],[0.137],[0.462],[0.939],[0.259],[0.743],[0.345],[0.545],[0.053],[0.653],[0.148],[0.45],[0.85],[0.951],[0.755],[0.355],[0.556],[0.641],[0.159],[0.241],[0.04],[0.44],[0.84],[0.965],[0.366],[0.767],[0.568],[0.23],[0.43],[0.83],[0.029],[0.173],[0.627],[0.376],[0.78],[0.82],[0.981],[0.019],[0.419],[0.582],[0.617],[0.216],[0.187],[0.388],[0.79],[0.808],[0.992],[0.593],[0.607],[0.407],[0.206]],"nseeds":82,"executions":36,"nfe":4100,"gps":[[0.7],[0.101],[0.301],[0.902],[0.503]],"lps":[],"fps":[[0.493],[0.892],[0.291],[0.69],[0.711],[0.312],[0.088],[0.513],[0.914],[0.116],[0.882],[0.279],[0.722],[0.678],[0.478],[0.323],[0.077],[0.925],[0.525],[0.127],[0.87],[0.269],[0.668],[0.733],[0.333],[0.066],[0.535],[0.137],[0.462],[0.939],[0.259],[0.743],[0.345],[0.545],[0.053],[0.653],[0.148],[0.45],[0.85],[0.951],[0.755],[0.355],[0.556],[0.641],[0.159],[0.241],[0.04],[0.44],[0.84],[0.965],[0.366],[0.767],[0.568],[0.23],[0.43],[0.83],[0.029],[0.173],[0.627],[0.376],[0.78],[0.82],[0.981],[0.019],[0.419],[0.582],[0.617],[0.216],[0.187],[0.388],[0.79],[0.808],[0.992],[0.593],[0.607],[0.407],[0.206]],"np":5,"gp":5,"pr":0.06097560975609756,"gpr":1,"fpr":0.9390243902439024,"reason":"statistic"}