{"avgHealth":152.75086042178475,"seeds":[[0.5],[0.9],[0.7],[0.101],[0.299],[0.31],[0.89],[0.51],[0.69],[0.289],[0.089],[0.113],[0.914],[0.716],[0.482],[0.679],[0.321],[0.879],[0.522],[0.277],[0.077],[0.124],[0.929],[0.47],[0.669],[0.733],[0.267],[0.867],[0.334],[0.536],[0.063],[0.139],[0.94],[0.458],[0.658],[0.743],[0.254],[0.547],[0.053],[0.348],[0.95],[0.848],[0.154],[0.646],[0.755],[0.445],[0.244],[0.557],[0.358],[0.961],[0.038],[0.837],[0.435],[0.635],[0.766],[0.166],[0.568],[0.23],[0.372],[0.027],[0.827],[0.974],[0.623],[0.422],[0.579],[0.22],[0.182],[0.783],[0.984],[0.016],[0.814],[0.387],[0.412],[0.612],[0.21],[0.591],[0.793],[0.193],[0.994],[0.005],[0.803],[0.399]],"nseeds":82,"executions":9,"nfe":1400,"gps":[[0.5],[0.9],[0.7],[0.101],[0.299]],"lps":[],"fps":[[0.31],[0.89],[0.51],[0.69],[0.289],[0.089],[0.113],[0.914],[0.716],[0.482],[0.679],[0.321],[0.879],[0.522],[0.277],[0.077],[0.124],[0.929],[0.47],[0.669],[0.733],[0.267],[0.867],[0.334],[0.536],[0.063],[0.139],[0.94],[0.458],[0.658],[0.743],[0.254],[0.547],[0.053],[0.348],[0.95],[0.848],[0.154],[0.646],[0.755],[0.445],[0.244],[0.557],[0.358],[0.961],[0.038],[0.837],[0.435],[0.635],[0.766],[0.166],[0.568],[0.23],[0.372],[0.027],[0.827],[0.974],[0.623],[0.422],[0.579],[0.22],[0.182],[0.783],[0.984],[0.016],[0.814],[0.387],[0.412],[0.612],[0.21],[0.591],[0.793],[0.193],[0.994],[0.005],[0.803],[0.399]],"np":5,"gp":5,"pr":0.06097560975609756,"gpr":1,"fpr":0.9390243902439024,"reason":"statistic"}