{"avgHealth":0.8051534414474443,"seeds":[[0.1],[0.5],[0.3],[0.7],[0.9],[0.71],[0.09],[0.31],[0.89],[0.29],[0.49],[0.91],[0.51],[0.69],[0.111],[0.92],[0.72],[0.52],[0.32],[0.679],[0.122],[0.078],[0.277],[0.877],[0.474],[0.731],[0.331],[0.531],[0.668],[0.932],[0.067],[0.266],[0.864],[0.14],[0.458],[0.943],[0.657],[0.056],[0.545],[0.746],[0.645],[0.043],[0.241],[0.835],[0.567],[0.767],[0.632],[0.97],[0.427],[0.577],[0.823],[0.619],[0.012],[0.21],[0.991],[0.793],[0.398],[1.022]],"nseeds":58,"executions":124,"nfe":12900,"gps":[[0.1],[0.5],[0.3],[0.7],[0.9]],"lps":[],"fps":[[0.71],[0.09],[0.31],[0.89],[0.29],[0.49],[0.91],[0.51],[0.69],[0.111],[0.92],[0.72],[0.52],[0.32],[0.679],[0.122],[0.078],[0.277],[0.877],[0.474],[0.731],[0.331],[0.531],[0.668],[0.932],[0.067],[0.266],[0.864],[0.14],[0.458],[0.943],[0.657],[0.056],[0.545],[0.746],[0.645],[0.043],[0.241],[0.835],[0.567],[0.767],[0.632],[0.97],[0.427],[0.577],[0.823],[0.619],[0.012],[0.21],[0.991],[0.793],[0.398],[1.022]],"np":5,"gp":5,"pr":0.08620689655172414,"gpr":1,"fpr":0.9137931034482759,"reason":"statistic"}