{"avgHealth":0.7829958639629914,"seeds":[[0.9],[0.1],[0.5],[0.7],[0.3],[0.71],[0.89],[0.09],[0.91],[0.29],[0.69],[0.311],[0.511],[0.111],[0.486],[0.72],[0.92],[0.679],[0.321],[0.279],[0.522],[0.878],[0.075],[0.127],[0.73],[0.47],[0.331],[0.269],[0.932],[0.666],[0.536],[0.862],[0.14],[0.059],[0.744],[0.944],[0.456],[0.655],[0.754],[0.046],[0.246],[0.445],[0.844],[0.644],[0.363],[0.766],[0.567],[0.967],[0.633],[0.029],[0.619],[0.015],[0.209],[0.594],[0.606],[0.805]],"nseeds":56,"executions":79,"nfe":8400,"gps":[[0.9],[0.1],[0.5],[0.7],[0.3]],"lps":[],"fps":[[0.71],[0.89],[0.09],[0.91],[0.29],[0.69],[0.311],[0.511],[0.111],[0.486],[0.72],[0.92],[0.679],[0.321],[0.279],[0.522],[0.878],[0.075],[0.127],[0.73],[0.47],[0.331],[0.269],[0.932],[0.666],[0.536],[0.862],[0.14],[0.059],[0.744],[0.944],[0.456],[0.655],[0.754],[0.046],[0.246],[0.445],[0.844],[0.644],[0.363],[0.766],[0.567],[0.967],[0.633],[0.029],[0.619],[0.015],[0.209],[0.594],[0.606],[0.805]],"np":5,"gp":5,"pr":0.08928571428571429,"gpr":1,"fpr":0.9107142857142857,"reason":"statistic"}