{"avgHealth":0.7850865594851143,"seeds":[[0.1],[0.3],[0.5],[0.9],[0.7],[0.71],[0.89],[0.31],[0.09],[0.51],[0.91],[0.29],[0.49],[0.69],[0.111],[0.92],[0.52],[0.479],[0.078],[0.878],[0.723],[0.677],[0.323],[0.277],[0.124],[0.53],[0.931],[0.868],[0.067],[0.266],[0.734],[0.664],[0.336],[0.544],[0.455],[0.747],[0.647],[0.956],[0.843],[0.758],[0.358],[0.442],[0.039],[0.635],[0.832],[0.572],[0.772],[0.02],[0.218],[0.816],[0.587],[0.188],[0.009],[0.794],[0.206],[0.605],[0.401],[1],[1.016]],"nseeds":59,"executions":155,"nfe":16000,"gps":[[0.1],[0.3],[0.5],[0.9],[0.7]],"lps":[],"fps":[[0.71],[0.89],[0.31],[0.09],[0.51],[0.91],[0.29],[0.49],[0.69],[0.111],[0.92],[0.52],[0.479],[0.078],[0.878],[0.723],[0.677],[0.323],[0.277],[0.124],[0.53],[0.931],[0.868],[0.067],[0.266],[0.734],[0.664],[0.336],[0.544],[0.455],[0.747],[0.647],[0.956],[0.843],[0.758],[0.358],[0.442],[0.039],[0.635],[0.832],[0.572],[0.772],[0.02],[0.218],[0.816],[0.587],[0.188],[0.009],[0.794],[0.206],[0.605],[0.401],[1],[1.016]],"np":5,"gp":5,"pr":0.0847457627118644,"gpr":1,"fpr":0.9152542372881356,"reason":"statistic"}