{"avgHealth":152.9751436540465,"seeds":[[0.9],[0.5],[0.3],[0.1],[0.703],[0.31],[0.69],[0.511],[0.888],[0.488],[0.713],[0.087],[0.286],[0.916],[0.12],[0.32],[0.522],[0.677],[0.477],[0.724],[0.076],[0.874],[0.273],[0.927],[0.33],[0.532],[0.666],[0.134],[0.734],[0.062],[0.262],[0.862],[0.939],[0.34],[0.542],[0.457],[0.744],[0.656],[0.146],[0.052],[0.95],[0.552],[0.447],[0.754],[0.646],[0.355],[0.245],[0.159],[0.96],[0.04],[0.84],[0.764],[0.365],[0.566],[0.234],[0.432],[0.169],[0.03],[0.628],[0.828],[0.974],[0.775],[0.224],[0.376],[0.577],[0.422],[0.18],[0.618],[0.984],[0.785],[0.014],[0.814],[0.587],[0.388],[0.412],[0.211],[0.19],[0.608],[0.994],[0.796],[0.003],[0.398]],"nseeds":82,"executions":10,"nfe":1500,"gps":[[0.9],[0.5],[0.3],[0.1],[0.703]],"lps":[],"fps":[[0.31],[0.69],[0.511],[0.888],[0.488],[0.713],[0.087],[0.286],[0.916],[0.12],[0.32],[0.522],[0.677],[0.477],[0.724],[0.076],[0.874],[0.273],[0.927],[0.33],[0.532],[0.666],[0.134],[0.734],[0.062],[0.262],[0.862],[0.939],[0.34],[0.542],[0.457],[0.744],[0.656],[0.146],[0.052],[0.95],[0.552],[0.447],[0.754],[0.646],[0.355],[0.245],[0.159],[0.96],[0.04],[0.84],[0.764],[0.365],[0.566],[0.234],[0.432],[0.169],[0.03],[0.628],[0.828],[0.974],[0.775],[0.224],[0.376],[0.577],[0.422],[0.18],[0.618],[0.984],[0.785],[0.014],[0.814],[0.587],[0.388],[0.412],[0.211],[0.19],[0.608],[0.994],[0.796],[0.003],[0.398]],"np":5,"gp":5,"pr":0.06097560975609756,"gpr":1,"fpr":0.9390243902439024,"reason":"statistic"}