{"avgHealth":144.49807061635653,"seeds":[[0.9],[0.301],[0.499],[0.101],[0.703],[0.691],[0.291],[0.311],[0.889],[0.488],[0.913],[0.113],[0.714],[0.514],[0.085],[0.28],[0.68],[0.321],[0.878],[0.923],[0.476],[0.525],[0.073],[0.128],[0.729],[0.67],[0.331],[0.268],[0.934],[0.535],[0.464],[0.862],[0.739],[0.06],[0.66],[0.341],[0.142],[0.257],[0.454],[0.949],[0.749],[0.55],[0.849],[0.648],[0.353],[0.153],[0.444],[0.243],[0.959],[0.041],[0.76],[0.56],[0.638],[0.838],[0.364],[0.164],[0.434],[0.031],[0.23],[0.77],[0.571],[0.972],[0.628],[0.375],[0.424],[0.824],[0.178],[0.78],[0.219],[0.982],[0.615],[0.386],[0.414],[0.013],[0.812],[0.188],[0.589],[0.79],[0.208],[0.994],[0.403],[0.603],[0.802],[0.002]],"nseeds":84,"executions":9,"nfe":1400,"gps":[[0.9],[0.301],[0.499],[0.101],[0.703]],"lps":[],"fps":[[0.691],[0.291],[0.311],[0.889],[0.488],[0.913],[0.113],[0.714],[0.514],[0.085],[0.28],[0.68],[0.321],[0.878],[0.923],[0.476],[0.525],[0.073],[0.128],[0.729],[0.67],[0.331],[0.268],[0.934],[0.535],[0.464],[0.862],[0.739],[0.06],[0.66],[0.341],[0.142],[0.257],[0.454],[0.949],[0.749],[0.55],[0.849],[0.648],[0.353],[0.153],[0.444],[0.243],[0.959],[0.041],[0.76],[0.56],[0.638],[0.838],[0.364],[0.164],[0.434],[0.031],[0.23],[0.77],[0.571],[0.972],[0.628],[0.375],[0.424],[0.824],[0.178],[0.78],[0.219],[0.982],[0.615],[0.386],[0.414],[0.013],[0.812],[0.188],[0.589],[0.79],[0.208],[0.994],[0.403],[0.603],[0.802],[0.002]],"np":5,"gp":5,"pr":0.05952380952380952,"gpr":1,"fpr":0.9404761904761905,"reason":"statistic"}