{"avgHealth":153.94308787475723,"seeds":[[0.5],[0.7],[0.101],[0.299],[0.901],[0.091],[0.89],[0.51],[0.49],[0.69],[0.911],[0.113],[0.714],[0.286],[0.52],[0.32],[0.48],[0.08],[0.921],[0.678],[0.877],[0.275],[0.725],[0.125],[0.33],[0.47],[0.53],[0.069],[0.932],[0.667],[0.265],[0.135],[0.865],[0.736],[0.059],[0.541],[0.344],[0.456],[0.945],[0.255],[0.746],[0.854],[0.147],[0.653],[0.046],[0.555],[0.756],[0.244],[0.957],[0.643],[0.442],[0.359],[0.161],[0.838],[0.766],[0.566],[0.034],[0.232],[0.97],[0.37],[0.43],[0.171],[0.629],[0.828],[0.776],[0.577],[0.023],[0.221],[0.42],[0.981],[0.619],[0.184],[0.816],[0.787],[0.587],[0.387],[0.011],[0.211],[0.991],[0.407],[0.606],[0.195],[0.798]],"nseeds":83,"executions":10,"nfe":1500,"gps":[[0.5],[0.7],[0.101],[0.299],[0.901]],"lps":[],"fps":[[0.091],[0.89],[0.51],[0.49],[0.69],[0.911],[0.113],[0.714],[0.286],[0.52],[0.32],[0.48],[0.08],[0.921],[0.678],[0.877],[0.275],[0.725],[0.125],[0.33],[0.47],[0.53],[0.069],[0.932],[0.667],[0.265],[0.135],[0.865],[0.736],[0.059],[0.541],[0.344],[0.456],[0.945],[0.255],[0.746],[0.854],[0.147],[0.653],[0.046],[0.555],[0.756],[0.244],[0.957],[0.643],[0.442],[0.359],[0.161],[0.838],[0.766],[0.566],[0.034],[0.232],[0.97],[0.37],[0.43],[0.171],[0.629],[0.828],[0.776],[0.577],[0.023],[0.221],[0.42],[0.981],[0.619],[0.184],[0.816],[0.787],[0.587],[0.387],[0.011],[0.211],[0.991],[0.407],[0.606],[0.195],[0.798]],"np":5,"gp":5,"pr":0.060240963855421686,"gpr":1,"fpr":0.9397590361445783,"reason":"statistic"}