{"avgHealth":0.7691809396122032,"seeds":[[0.7],[0.9],[0.3],[0.5],[0.1],[0.71],[0.09],[0.31],[0.51],[0.49],[0.29],[0.91],[0.69],[0.111],[0.889],[0.92],[0.32],[0.279],[0.722],[0.122],[0.478],[0.677],[0.077],[0.525],[0.33],[0.269],[0.869],[0.932],[0.132],[0.467],[0.064],[0.662],[0.259],[0.342],[0.146],[0.45],[0.246],[0.846],[0.045],[0.156],[0.644],[0.44],[0.764],[0.566],[0.234],[0.033],[0.631],[0.831],[0.17],[0.374],[0.976],[0.222],[0.422],[0.621],[0.019],[0.182],[0.817],[0.388],[0.212],[0.194],[0.405],[0.805],[0.003],[1.023]],"nseeds":64,"executions":104,"nfe":10900,"gps":[[0.7],[0.9],[0.3],[0.5],[0.1]],"lps":[],"fps":[[0.71],[0.09],[0.31],[0.51],[0.49],[0.29],[0.91],[0.69],[0.111],[0.889],[0.92],[0.32],[0.279],[0.722],[0.122],[0.478],[0.677],[0.077],[0.525],[0.33],[0.269],[0.869],[0.932],[0.132],[0.467],[0.064],[0.662],[0.259],[0.342],[0.146],[0.45],[0.246],[0.846],[0.045],[0.156],[0.644],[0.44],[0.764],[0.566],[0.234],[0.033],[0.631],[0.831],[0.17],[0.374],[0.976],[0.222],[0.422],[0.621],[0.019],[0.182],[0.817],[0.388],[0.212],[0.194],[0.405],[0.805],[0.003],[1.023]],"np":5,"gp":5,"pr":0.078125,"gpr":1,"fpr":0.921875,"reason":"statistic"}