{"avgHealth":0.760417414722141,"seeds":[[0.3],[0.5],[0.1],[0.7],[0.9],[0.09],[0.31],[0.91],[0.51],[0.29],[0.711],[0.111],[0.489],[0.889],[0.689],[0.92],[0.32],[0.279],[0.079],[0.521],[0.879],[0.722],[0.678],[0.478],[0.123],[0.331],[0.269],[0.869],[0.068],[0.932],[0.532],[0.467],[0.735],[0.136],[0.66],[0.259],[0.341],[0.858],[0.943],[0.456],[0.547],[0.047],[0.647],[0.847],[0.955],[0.755],[0.557],[0.442],[0.836],[0.632],[0.768],[0.225],[0.425],[0.376],[0.62],[0.415],[0.014],[0.987],[0.393],[0.206],[0.798],[1.017],[1.005],[0]],"nseeds":64,"executions":56,"nfe":6100,"gps":[[0.3],[0.5],[0.1],[0.7],[0.9]],"lps":[],"fps":[[0.09],[0.31],[0.91],[0.51],[0.29],[0.711],[0.111],[0.489],[0.889],[0.689],[0.92],[0.32],[0.279],[0.079],[0.521],[0.879],[0.722],[0.678],[0.478],[0.123],[0.331],[0.269],[0.869],[0.068],[0.932],[0.532],[0.467],[0.735],[0.136],[0.66],[0.259],[0.341],[0.858],[0.943],[0.456],[0.547],[0.047],[0.647],[0.847],[0.955],[0.755],[0.557],[0.442],[0.836],[0.632],[0.768],[0.225],[0.425],[0.376],[0.62],[0.415],[0.014],[0.987],[0.393],[0.206],[0.798],[1.017],[1.005],[0]],"np":5,"gp":5,"pr":0.078125,"gpr":1,"fpr":0.921875,"reason":"statistic"}