{"avgHealth":0.7780336823459111,"seeds":[[0.7],[0.3],[0.1],[0.9],[0.5],[0.71],[0.31],[0.09],[0.89],[0.49],[0.29],[0.69],[0.911],[0.111],[0.72],[0.32],[0.48],[0.679],[0.279],[0.079],[0.879],[0.922],[0.523],[0.124],[0.73],[0.33],[0.668],[0.068],[0.268],[0.533],[0.866],[0.464],[0.938],[0.74],[0.342],[0.655],[0.854],[0.053],[0.149],[0.751],[0.449],[0.353],[0.556],[0.042],[0.961],[0.165],[0.235],[0.367],[0.568],[0.431],[0.029],[0.629],[0.974],[0.825],[0.221],[0.782],[0.984],[0.016],[0.385],[0.615],[0.208],[0.408],[0.795]],"nseeds":63,"executions":93,"nfe":9800,"gps":[[0.7],[0.3],[0.1],[0.9],[0.5]],"lps":[],"fps":[[0.71],[0.31],[0.09],[0.89],[0.49],[0.29],[0.69],[0.911],[0.111],[0.72],[0.32],[0.48],[0.679],[0.279],[0.079],[0.879],[0.922],[0.523],[0.124],[0.73],[0.33],[0.668],[0.068],[0.268],[0.533],[0.866],[0.464],[0.938],[0.74],[0.342],[0.655],[0.854],[0.053],[0.149],[0.751],[0.449],[0.353],[0.556],[0.042],[0.961],[0.165],[0.235],[0.367],[0.568],[0.431],[0.029],[0.629],[0.974],[0.825],[0.221],[0.782],[0.984],[0.016],[0.385],[0.615],[0.208],[0.408],[0.795]],"np":5,"gp":5,"pr":0.07936507936507936,"gpr":1,"fpr":0.9206349206349206,"reason":"statistic"}