{"avgHealth":0.7795916775022341,"seeds":[[0.7],[0.3],[0.5],[0.1],[0.9],[0.71],[0.31],[0.89],[0.09],[0.91],[0.51],[0.29],[0.49],[0.69],[0.111],[0.72],[0.32],[0.48],[0.679],[0.921],[0.279],[0.521],[0.879],[0.122],[0.071],[0.268],[0.932],[0.733],[0.467],[0.339],[0.66],[0.257],[0.457],[0.944],[0.646],[0.045],[0.357],[0.758],[0.558],[0.842],[0.441],[0.24],[0.431],[0.828],[0.174],[0.775],[0.622],[0.38],[0.02],[0.42],[0.581],[0.815],[0.19],[0.009],[0.408],[0.393],[0.994],[0.205],[0.798],[1.012]],"nseeds":60,"executions":178,"nfe":18300,"gps":[[0.7],[0.3],[0.5],[0.1],[0.9]],"lps":[],"fps":[[0.71],[0.31],[0.89],[0.09],[0.91],[0.51],[0.29],[0.49],[0.69],[0.111],[0.72],[0.32],[0.48],[0.679],[0.921],[0.279],[0.521],[0.879],[0.122],[0.071],[0.268],[0.932],[0.733],[0.467],[0.339],[0.66],[0.257],[0.457],[0.944],[0.646],[0.045],[0.357],[0.758],[0.558],[0.842],[0.441],[0.24],[0.431],[0.828],[0.174],[0.775],[0.622],[0.38],[0.02],[0.42],[0.581],[0.815],[0.19],[0.009],[0.408],[0.393],[0.994],[0.205],[0.798],[1.012]],"np":5,"gp":5,"pr":0.08333333333333333,"gpr":1,"fpr":0.9166666666666666,"reason":"statistic"}