{"avgHealth":156.5941126680874,"seeds":[[0.5],[0.3],[0.1],[0.7],[0.901],[0.09],[0.29],[0.49],[0.51],[0.911],[0.111],[0.689],[0.313],[0.716],[0.521],[0.278],[0.677],[0.323],[0.123],[0.923],[0.077],[0.477],[0.877],[0.726],[0.667],[0.867],[0.066],[0.134],[0.534],[0.334],[0.264],[0.464],[0.938],[0.738],[0.657],[0.056],[0.856],[0.346],[0.146],[0.453],[0.547],[0.948],[0.75],[0.246],[0.045],[0.356],[0.644],[0.844],[0.443],[0.958],[0.159],[0.559],[0.762],[0.634],[0.834],[0.233],[0.368],[0.169],[0.43],[0.971],[0.773],[0.573],[0.025],[0.223],[0.622],[0.379],[0.82],[0.181],[0.583],[0.783],[0.417],[0.987],[0.213],[0.611],[0.39],[0.01],[0.809],[0.593],[0.407],[0.196],[0.796],[0.999]],"nseeds":82,"executions":9,"nfe":1400,"gps":[[0.5],[0.3],[0.1],[0.7],[0.901]],"lps":[],"fps":[[0.09],[0.29],[0.49],[0.51],[0.911],[0.111],[0.689],[0.313],[0.716],[0.521],[0.278],[0.677],[0.323],[0.123],[0.923],[0.077],[0.477],[0.877],[0.726],[0.667],[0.867],[0.066],[0.134],[0.534],[0.334],[0.264],[0.464],[0.938],[0.738],[0.657],[0.056],[0.856],[0.346],[0.146],[0.453],[0.547],[0.948],[0.75],[0.246],[0.045],[0.356],[0.644],[0.844],[0.443],[0.958],[0.159],[0.559],[0.762],[0.634],[0.834],[0.233],[0.368],[0.169],[0.43],[0.971],[0.773],[0.573],[0.025],[0.223],[0.622],[0.379],[0.82],[0.181],[0.583],[0.783],[0.417],[0.987],[0.213],[0.611],[0.39],[0.01],[0.809],[0.593],[0.407],[0.196],[0.796],[0.999]],"np":5,"gp":5,"pr":0.06097560975609756,"gpr":1,"fpr":0.9390243902439024,"reason":"statistic"}