{"avgHealth":158.95574383776872,"seeds":[[0.5],[0.3],[0.7],[0.102],[0.903],[0.893],[0.091],[0.711],[0.289],[0.488],[0.513],[0.314],[0.114],[0.915],[0.883],[0.079],[0.478],[0.277],[0.724],[0.676],[0.925],[0.126],[0.873],[0.531],[0.331],[0.267],[0.666],[0.935],[0.463],[0.863],[0.137],[0.738],[0.059],[0.256],[0.656],[0.346],[0.947],[0.453],[0.853],[0.549],[0.149],[0.751],[0.046],[0.244],[0.644],[0.957],[0.443],[0.843],[0.358],[0.559],[0.16],[0.763],[0.035],[0.967],[0.233],[0.433],[0.368],[0.832],[0.63],[0.571],[0.174],[0.025],[0.977],[0.423],[0.378],[0.822],[0.221],[0.62],[0.782],[0.583],[0.187],[0.413],[0.988],[0.389],[0.211],[0.01],[0.808],[0.608],[0.793],[0.595],[0.197],[0.402]],"nseeds":82,"executions":10,"nfe":1500,"gps":[[0.5],[0.3],[0.7],[0.102],[0.903]],"lps":[],"fps":[[0.893],[0.091],[0.711],[0.289],[0.488],[0.513],[0.314],[0.114],[0.915],[0.883],[0.079],[0.478],[0.277],[0.724],[0.676],[0.925],[0.126],[0.873],[0.531],[0.331],[0.267],[0.666],[0.935],[0.463],[0.863],[0.137],[0.738],[0.059],[0.256],[0.656],[0.346],[0.947],[0.453],[0.853],[0.549],[0.149],[0.751],[0.046],[0.244],[0.644],[0.957],[0.443],[0.843],[0.358],[0.559],[0.16],[0.763],[0.035],[0.967],[0.233],[0.433],[0.368],[0.832],[0.63],[0.571],[0.174],[0.025],[0.977],[0.423],[0.378],[0.822],[0.221],[0.62],[0.782],[0.583],[0.187],[0.413],[0.988],[0.389],[0.211],[0.01],[0.808],[0.608],[0.793],[0.595],[0.197],[0.402]],"np":5,"gp":5,"pr":0.06097560975609756,"gpr":1,"fpr":0.9390243902439024,"reason":"statistic"}