{"avgHealth":159.4459835501001,"seeds":[[0.5],[0.101],[0.301],[0.898],[0.704],[0.908],[0.692],[0.291],[0.091],[0.311],[0.511],[0.113],[0.887],[0.486],[0.715],[0.918],[0.68],[0.321],[0.279],[0.521],[0.476],[0.075],[0.725],[0.875],[0.129],[0.931],[0.531],[0.331],[0.269],[0.665],[0.865],[0.736],[0.464],[0.064],[0.139],[0.259],[0.341],[0.943],[0.544],[0.655],[0.855],[0.746],[0.453],[0.053],[0.15],[0.352],[0.248],[0.953],[0.845],[0.559],[0.16],[0.04],[0.44],[0.639],[0.963],[0.763],[0.237],[0.365],[0.833],[0.571],[0.429],[0.171],[0.973],[0.773],[0.027],[0.627],[0.225],[0.821],[0.38],[0.582],[0.417],[0.984],[0.184],[0.015],[0.615],[0.786],[0.212],[0.81],[0.393],[0.406],[0.004],[0.597],[0.201],[0.799]],"nseeds":84,"executions":28,"nfe":3300,"gps":[[0.5],[0.101],[0.301],[0.898]],"lps":[],"fps":[[0.704],[0.908],[0.692],[0.291],[0.091],[0.311],[0.511],[0.113],[0.887],[0.486],[0.715],[0.918],[0.68],[0.321],[0.279],[0.521],[0.476],[0.075],[0.725],[0.875],[0.129],[0.931],[0.531],[0.331],[0.269],[0.665],[0.865],[0.736],[0.464],[0.064],[0.139],[0.259],[0.341],[0.943],[0.544],[0.655],[0.855],[0.746],[0.453],[0.053],[0.15],[0.352],[0.248],[0.953],[0.845],[0.559],[0.16],[0.04],[0.44],[0.639],[0.963],[0.763],[0.237],[0.365],[0.833],[0.571],[0.429],[0.171],[0.973],[0.773],[0.027],[0.627],[0.225],[0.821],[0.38],[0.582],[0.417],[0.984],[0.184],[0.015],[0.615],[0.786],[0.212],[0.81],[0.393],[0.406],[0.004],[0.597],[0.201],[0.799]],"np":4,"gp":4,"pr":0.047619047619047616,"gpr":0.8,"fpr":0.9523809523809523,"reason":"statistic"}