{"avgHealth":0.7865561380018763,"seeds":[[0.5],[0.1],[0.9],[0.7],[0.3],[0.71],[0.09],[0.31],[0.89],[0.51],[0.49],[0.29],[0.91],[0.69],[0.111],[0.52],[0.721],[0.679],[0.479],[0.921],[0.322],[0.078],[0.122],[0.278],[0.873],[0.469],[0.268],[0.532],[0.734],[0.665],[0.336],[0.94],[0.859],[0.458],[0.746],[0.054],[0.546],[0.147],[0.653],[0.351],[0.955],[0.845],[0.556],[0.244],[0.642],[0.761],[0.364],[0.168],[0.772],[0.975],[0.225],[0.576],[0.383],[0.185],[0.415],[0.008],[0.792],[0.404],[0.202],[1.004]],"nseeds":60,"executions":90,"nfe":9500,"gps":[[0.5],[0.1],[0.9],[0.7],[0.3]],"lps":[],"fps":[[0.71],[0.09],[0.31],[0.89],[0.51],[0.49],[0.29],[0.91],[0.69],[0.111],[0.52],[0.721],[0.679],[0.479],[0.921],[0.322],[0.078],[0.122],[0.278],[0.873],[0.469],[0.268],[0.532],[0.734],[0.665],[0.336],[0.94],[0.859],[0.458],[0.746],[0.054],[0.546],[0.147],[0.653],[0.351],[0.955],[0.845],[0.556],[0.244],[0.642],[0.761],[0.364],[0.168],[0.772],[0.975],[0.225],[0.576],[0.383],[0.185],[0.415],[0.008],[0.792],[0.404],[0.202],[1.004]],"np":5,"gp":5,"pr":0.08333333333333333,"gpr":1,"fpr":0.9166666666666666,"reason":"statistic"}