{"avgHealth":0.7954553747540501,"seeds":[[0.7],[0.5],[0.3],[0.1],[0.9],[0.71],[0.31],[0.89],[0.49],[0.51],[0.91],[0.29],[0.69],[0.089],[0.111],[0.92],[0.52],[0.32],[0.679],[0.723],[0.275],[0.126],[0.074],[0.473],[0.33],[0.53],[0.264],[0.063],[0.462],[0.94],[0.857],[0.745],[0.65],[0.249],[0.449],[0.352],[0.953],[0.847],[0.755],[0.556],[0.044],[0.367],[0.433],[0.831],[0.97],[0.575],[0.379],[0.42],[0.182],[0.217],[0.984],[0.814],[0.789],[0.405],[0.003],[0.799],[1.011]],"nseeds":57,"executions":124,"nfe":12900,"gps":[[0.7],[0.5],[0.3],[0.1],[0.9]],"lps":[],"fps":[[0.71],[0.31],[0.89],[0.49],[0.51],[0.91],[0.29],[0.69],[0.089],[0.111],[0.92],[0.52],[0.32],[0.679],[0.723],[0.275],[0.126],[0.074],[0.473],[0.33],[0.53],[0.264],[0.063],[0.462],[0.94],[0.857],[0.745],[0.65],[0.249],[0.449],[0.352],[0.953],[0.847],[0.755],[0.556],[0.044],[0.367],[0.433],[0.831],[0.97],[0.575],[0.379],[0.42],[0.182],[0.217],[0.984],[0.814],[0.789],[0.405],[0.003],[0.799],[1.011]],"np":5,"gp":5,"pr":0.08771929824561403,"gpr":1,"fpr":0.9122807017543859,"reason":"statistic"}