{"avgHealth":0.7806875926607065,"seeds":[[0.1],[0.7],[0.5],[0.3],[0.9],[0.71],[0.31],[0.89],[0.09],[0.29],[0.91],[0.49],[0.51],[0.69],[0.111],[0.92],[0.52],[0.32],[0.48],[0.88],[0.078],[0.678],[0.275],[0.126],[0.73],[0.33],[0.868],[0.466],[0.136],[0.062],[0.343],[0.65],[0.152],[0.047],[0.354],[0.955],[0.755],[0.839],[0.238],[0.037],[0.637],[0.765],[0.368],[0.171],[0.421],[0.019],[0.583],[0.383],[0.614],[0.191],[0.809],[0.406],[0.006],[0.394],[0.204]],"nseeds":55,"executions":336,"nfe":34100,"gps":[[0.1],[0.7],[0.5],[0.3],[0.9]],"lps":[],"fps":[[0.71],[0.31],[0.89],[0.09],[0.29],[0.91],[0.49],[0.51],[0.69],[0.111],[0.92],[0.52],[0.32],[0.48],[0.88],[0.078],[0.678],[0.275],[0.126],[0.73],[0.33],[0.868],[0.466],[0.136],[0.062],[0.343],[0.65],[0.152],[0.047],[0.354],[0.955],[0.755],[0.839],[0.238],[0.037],[0.637],[0.765],[0.368],[0.171],[0.421],[0.019],[0.583],[0.383],[0.614],[0.191],[0.809],[0.406],[0.006],[0.394],[0.204]],"np":5,"gp":5,"pr":0.09090909090909091,"gpr":1,"fpr":0.9090909090909091,"reason":"statistic"}