{"avgHealth":0.306095108000001,"seeds":[[-0.7000000000000001],[0.7000000000000001],[-0.72],[0.68],[-0.64],[0.64],[0.78],[0.62],[0.8],[-0.5800000000000001],[0.5800000000000001],[0.8599999999999999],[-0.8599999999999999],[0.8999999999999999],[0.52],[-0.96],[-0.48],[-1.04],[0.38],[-1.12],[1.1600000000000001],[-1.2],[1.32],[-0.24],[0.2],[-0.2],[0.16],[1.58],[-1.6600000000000001],[-1.7000000000000002],[0.08],[1.98],[-1.98],[2.02],[2.04],[2.16],[0.02],[-2.42],[2.48],[-2.5],[2.62],[2.86],[2.96],[-3],[3.12],[-3.22],[3.2600000000000002],[3.46],[3.5999999999999996],[-3.5999999999999996],[-3.66],[3.6799999999999997],[-3.7199999999999998],[-3.96],[-4.699999999999999],[-4.34],[-4.28],[-4.82],[5.819999999999999],[4.88],[9.379999999999999],[9.54],[-9.34],[-5.04],[10.32],[-9.54],[-4.9399999999999995],[8.86],[9.040000000000001],[9.06],[-8.58],[9.76],[8.54],[8.52],[5.32],[9.120000000000001],[8.84],[-4.5600000000000005],[-4.54],[10.04],[10.02],[-4.36],[-7.3],[-5.819999999999999],[5.28],[5.699999999999999],[-7.34],[-4.26],[7.82],[-7.42],[7.6],[8.78],[-6.62],[7.48],[-5.0600000000000005],[4.58],[-6.9799999999999995],[5.5],[8.379999999999999],[-9.98],[8.4],[7.58],[-9.5],[4.42],[-8.26],[5.5200000000000005],[-5.36],[6.66],[6.04],[-4.12],[-4.72],[9.200000000000001],[-9.08],[10],[-5.659999999999999],[4.8],[5.64],[-5.699999999999999],[9.42],[5.0600000000000005],[10.14],[5.220000000000001],[-4.96],[5.16],[4.699999999999999],[-7.119999999999999],[-8.06],[4.859999999999999],[5.18],[9.48],[6.86],[-8.2],[-7.359999999999999],[-6.54],[-9.200000000000001],[9.360000000000001],[-7.74],[-9.62],[10.280000000000001],[10.36],[6.54],[-4.42],[9.58],[5.739999999999999],[-8.5],[-6.5200000000000005],[-6.08],[-6.78],[-6.74],[-9.48],[-4.9],[5.88],[-8.84],[-6.5600000000000005],[-5.620000000000001],[-6.9399999999999995],[-7.32],[-6.800000000000001],[-6.66],[8.26],[-8.66],[-5.18],[-9.559999999999999],[-9.66],[-4.4],[-9.42],[5.04]],"nseeds":167,"executions":5188,"nfe":519300,"gps":[],"lps":[],"fps":[[-0.7000000000000001],[0.7000000000000001],[-0.72],[0.68],[-0.64],[0.64],[0.78],[0.62],[0.8],[-0.5800000000000001],[0.5800000000000001],[0.8599999999999999],[-0.8599999999999999],[0.8999999999999999],[0.52],[-0.96],[-0.48],[-1.04],[0.38],[-1.12],[1.1600000000000001],[-1.2],[1.32],[-0.24],[0.2],[-0.2],[0.16],[1.58],[-1.6600000000000001],[-1.7000000000000002],[0.08],[1.98],[-1.98],[2.02],[2.04],[2.16],[0.02],[-2.42],[2.48],[-2.5],[2.62],[2.86],[2.96],[-3],[3.12],[-3.22],[3.2600000000000002],[3.46],[3.5999999999999996],[-3.5999999999999996],[-3.66],[3.6799999999999997],[-3.7199999999999998],[-3.96],[-4.699999999999999],[-4.34],[-4.28],[-4.82],[5.819999999999999],[4.88],[9.379999999999999],[9.54],[-9.34],[-5.04],[10.32],[-9.54],[-4.9399999999999995],[8.86],[9.040000000000001],[9.06],[-8.58],[9.76],[8.54],[8.52],[5.32],[9.120000000000001],[8.84],[-4.5600000000000005],[-4.54],[10.04],[10.02],[-4.36],[-7.3],[-5.819999999999999],[5.28],[5.699999999999999],[-7.34],[-4.26],[7.82],[-7.42],[7.6],[8.78],[-6.62],[7.48],[-5.0600000000000005],[4.58],[-6.9799999999999995],[5.5],[8.379999999999999],[-9.98],[8.4],[7.58],[-9.5],[4.42],[-8.26],[5.5200000000000005],[-5.36],[6.66],[6.04],[-4.12],[-4.72],[9.200000000000001],[-9.08],[10],[-5.659999999999999],[4.8],[5.64],[-5.699999999999999],[9.42],[5.0600000000000005],[10.14],[5.220000000000001],[-4.96],[5.16],[4.699999999999999],[-7.119999999999999],[-8.06],[4.859999999999999],[5.18],[9.48],[6.86],[-8.2],[-7.359999999999999],[-6.54],[-9.200000000000001],[9.360000000000001],[-7.74],[-9.62],[10.280000000000001],[10.36],[6.54],[-4.42],[9.58],[5.739999999999999],[-8.5],[-6.5200000000000005],[-6.08],[-6.78],[-6.74],[-9.48],[-4.9],[5.88],[-8.84],[-6.5600000000000005],[-5.620000000000001],[-6.9399999999999995],[-7.32],[-6.800000000000001],[-6.66],[8.26],[-8.66],[-5.18],[-9.559999999999999],[-9.66],[-4.4],[-9.42],[5.04]],"np":0,"gp":0,"pr":0,"fpr":1,"reason":"statistic"}