{"avgHealth":0.3098079820000011,"seeds":[[-0.7000000000000001],[0.7000000000000001],[-0.72],[-0.68],[0.66],[0.8],[-0.8200000000000001],[0.8400000000000001],[-0.8400000000000001],[0.5800000000000001],[0.56],[0.9199999999999999],[-0.94],[0.96],[-0.96],[0.45999999999999996],[-1],[-0.43999999999999995],[0.43999999999999995],[-1.06],[1.06],[0.4],[-1.08],[0.38],[-0.38],[1.1],[1.1600000000000001],[-0.28],[0.28],[1.34],[1.42],[0.18],[1.48],[1.54],[1.7599999999999998],[-1.7799999999999998],[1.8399999999999999],[-1.8399999999999999],[2.1],[-2.14],[-2.16],[0.02],[-2.2800000000000002],[2.58],[2.74],[2.82],[3.06],[-3.1],[-3.16],[-3.18],[-3.2],[3.2],[3.4799999999999995],[3.58],[-3.7],[-3.96],[4.42],[4.88],[4.76],[4.9],[7.94],[9.54],[-9.06],[-8.7],[-9.54],[-9.78],[9.16],[-8.94],[-9.84],[-4.699999999999999],[-4.72],[-4.74],[-9.719999999999999],[-4.6000000000000005],[-4.28],[9.26],[9.02],[-9.66],[6.06],[6],[-9.280000000000001],[-9.26],[10.24],[5.76],[-4.48],[-6.02],[8.44],[-5.1],[6.14],[-6],[4.5],[-4.859999999999999],[6.28],[9.98],[10.3],[-5.24],[6.02],[-7.52],[10.38],[-8.88],[10],[4.640000000000001],[9.74],[5.18],[4.54],[-5.819999999999999],[4.4],[9.18],[-6.3],[8.06],[-7.48],[4.82],[8.100000000000001],[-4.98],[8.299999999999999],[-5.88],[10.26],[-8.5],[7.92],[-4.18],[8.08],[5.16],[-5.300000000000001],[-6.04],[8.379999999999999],[-4.5],[-6.66],[-4.82],[10.18],[8.86],[-5.68],[-7.32],[7.16],[-8.82],[-5.6000000000000005],[6.16],[-6.800000000000001],[-9.34],[-9.379999999999999],[5.220000000000001],[-4.779999999999999],[7.199999999999999],[7.960000000000001],[6.86],[-6.74],[-9.120000000000001],[-8.6],[4.2],[-8.58],[-5.48],[-9.879999999999999],[-5.58],[-8.26],[-6.760000000000001],[-4.42],[5],[4.16],[-8.72],[7.98],[-9.559999999999999],[8.26],[-4.34],[4.24],[-8.379999999999999],[5.34],[5.28],[9.62]],"nseeds":167,"executions":326,"nfe":33100,"gps":[],"lps":[],"fps":[[-0.7000000000000001],[0.7000000000000001],[-0.72],[-0.68],[0.66],[0.8],[-0.8200000000000001],[0.8400000000000001],[-0.8400000000000001],[0.5800000000000001],[0.56],[0.9199999999999999],[-0.94],[0.96],[-0.96],[0.45999999999999996],[-1],[-0.43999999999999995],[0.43999999999999995],[-1.06],[1.06],[0.4],[-1.08],[0.38],[-0.38],[1.1],[1.1600000000000001],[-0.28],[0.28],[1.34],[1.42],[0.18],[1.48],[1.54],[1.7599999999999998],[-1.7799999999999998],[1.8399999999999999],[-1.8399999999999999],[2.1],[-2.14],[-2.16],[0.02],[-2.2800000000000002],[2.58],[2.74],[2.82],[3.06],[-3.1],[-3.16],[-3.18],[-3.2],[3.2],[3.4799999999999995],[3.58],[-3.7],[-3.96],[4.42],[4.88],[4.76],[4.9],[7.94],[9.54],[-9.06],[-8.7],[-9.54],[-9.78],[9.16],[-8.94],[-9.84],[-4.699999999999999],[-4.72],[-4.74],[-9.719999999999999],[-4.6000000000000005],[-4.28],[9.26],[9.02],[-9.66],[6.06],[6],[-9.280000000000001],[-9.26],[10.24],[5.76],[-4.48],[-6.02],[8.44],[-5.1],[6.14],[-6],[4.5],[-4.859999999999999],[6.28],[9.98],[10.3],[-5.24],[6.02],[-7.52],[10.38],[-8.88],[10],[4.640000000000001],[9.74],[5.18],[4.54],[-5.819999999999999],[4.4],[9.18],[-6.3],[8.06],[-7.48],[4.82],[8.100000000000001],[-4.98],[8.299999999999999],[-5.88],[10.26],[-8.5],[7.92],[-4.18],[8.08],[5.16],[-5.300000000000001],[-6.04],[8.379999999999999],[-4.5],[-6.66],[-4.82],[10.18],[8.86],[-5.68],[-7.32],[7.16],[-8.82],[-5.6000000000000005],[6.16],[-6.800000000000001],[-9.34],[-9.379999999999999],[5.220000000000001],[-4.779999999999999],[7.199999999999999],[7.960000000000001],[6.86],[-6.74],[-9.120000000000001],[-8.6],[4.2],[-8.58],[-5.48],[-9.879999999999999],[-5.58],[-8.26],[-6.760000000000001],[-4.42],[5],[4.16],[-8.72],[7.98],[-9.559999999999999],[8.26],[-4.34],[4.24],[-8.379999999999999],[5.34],[5.28],[9.62]],"np":0,"gp":0,"pr":0,"fpr":1,"reason":"statistic"}