{"avgHealth":0.3357524360000036,"seeds":[[-0.7000000000000001],[0.7000000000000001],[-0.72],[0.72],[-0.68],[0.68],[-0.74],[0.74],[0.66],[-0.66],[-0.76],[0.64],[-0.64],[-0.78],[-0.62],[-0.6],[-0.8200000000000001],[0.8200000000000001],[-0.8599999999999999],[0.56],[0.8799999999999999],[-0.8799999999999999],[-0.8999999999999999],[-0.9199999999999999],[-0.5],[0.96],[-0.98],[-0.45999999999999996],[-1.02],[-1.04],[-0.42000000000000004],[0.42000000000000004],[-0.38],[1.12],[1.1400000000000001],[1.1600000000000001],[1.18],[-0.32],[-0.28],[1.32],[-0.24],[1.36],[-0.2],[1.44],[-0.18],[1.46],[1.6600000000000001],[-1.7199999999999998],[-1.7399999999999998],[-0.08],[-1.8199999999999998],[-0.04],[-2.02],[2.18],[2.38],[2.48],[-2.5],[-2.54],[-2.6],[-2.62],[-2.64],[-2.66],[-2.7800000000000002],[-2.82],[2.92],[-3.04],[3.06],[-3.22],[3.2800000000000002],[-3.3000000000000003],[3.3800000000000003],[-3.4000000000000004],[-3.5199999999999996],[3.54],[-3.84],[3.92],[-3.9800000000000004],[-3.92],[6.74],[-6.2],[9.62],[-6.36],[-4.82],[9.719999999999999],[7.279999999999999],[6.26],[-7.1],[9],[6.78],[-6.86],[7.5],[-7.039999999999999],[9.86],[9.5],[5.779999999999999],[7.46],[9.3],[9.54],[7.02],[9.96],[9.360000000000001],[9.52],[-9.58],[6.8999999999999995],[9.559999999999999],[7.34],[-5.779999999999999],[-6.32],[7.3],[-6.4],[7.32],[9.82],[9.42],[9.58],[-9.66],[7.54],[9.7],[7.48],[7.5600000000000005],[-9.1],[-9.040000000000001],[10.04],[6.9399999999999995],[7.42],[9.379999999999999],[7.62],[7.4],[9.9],[9.66],[-6.9799999999999995],[-4.44],[7.58],[4.779999999999999],[7.4399999999999995],[5.819999999999999],[6.28],[-6.800000000000001],[9.78],[6.66],[9.459999999999999],[-7.32],[-6.02],[-5.859999999999999],[6.22],[7.6],[-7.38],[-8.72],[-8.96]],"nseeds":148,"executions":136,"nfe":14100,"gps":[],"lps":[],"fps":[[-0.7000000000000001],[0.7000000000000001],[-0.72],[0.72],[-0.68],[0.68],[-0.74],[0.74],[0.66],[-0.66],[-0.76],[0.64],[-0.64],[-0.78],[-0.62],[-0.6],[-0.8200000000000001],[0.8200000000000001],[-0.8599999999999999],[0.56],[0.8799999999999999],[-0.8799999999999999],[-0.8999999999999999],[-0.9199999999999999],[-0.5],[0.96],[-0.98],[-0.45999999999999996],[-1.02],[-1.04],[-0.42000000000000004],[0.42000000000000004],[-0.38],[1.12],[1.1400000000000001],[1.1600000000000001],[1.18],[-0.32],[-0.28],[1.32],[-0.24],[1.36],[-0.2],[1.44],[-0.18],[1.46],[1.6600000000000001],[-1.7199999999999998],[-1.7399999999999998],[-0.08],[-1.8199999999999998],[-0.04],[-2.02],[2.18],[2.38],[2.48],[-2.5],[-2.54],[-2.6],[-2.62],[-2.64],[-2.66],[-2.7800000000000002],[-2.82],[2.92],[-3.04],[3.06],[-3.22],[3.2800000000000002],[-3.3000000000000003],[3.3800000000000003],[-3.4000000000000004],[-3.5199999999999996],[3.54],[-3.84],[3.92],[-3.9800000000000004],[-3.92],[6.74],[-6.2],[9.62],[-6.36],[-4.82],[9.719999999999999],[7.279999999999999],[6.26],[-7.1],[9],[6.78],[-6.86],[7.5],[-7.039999999999999],[9.86],[9.5],[5.779999999999999],[7.46],[9.3],[9.54],[7.02],[9.96],[9.360000000000001],[9.52],[-9.58],[6.8999999999999995],[9.559999999999999],[7.34],[-5.779999999999999],[-6.32],[7.3],[-6.4],[7.32],[9.82],[9.42],[9.58],[-9.66],[7.54],[9.7],[7.48],[7.5600000000000005],[-9.1],[-9.040000000000001],[10.04],[6.9399999999999995],[7.42],[9.379999999999999],[7.62],[7.4],[9.9],[9.66],[-6.9799999999999995],[-4.44],[7.58],[4.779999999999999],[7.4399999999999995],[5.819999999999999],[6.28],[-6.800000000000001],[9.78],[6.66],[9.459999999999999],[-7.32],[-6.02],[-5.859999999999999],[6.22],[7.6],[-7.38],[-8.72],[-8.96]],"np":0,"gp":0,"pr":0,"fpr":1,"reason":"statistic"}