{"avgHealth":0.32610563200000253,"seeds":[[0.7000000000000001],[-0.7000000000000001],[-0.72],[0.72],[-0.68],[0.68],[-0.74],[0.74],[0.66],[-0.66],[-0.76],[0.76],[-0.64],[0.64],[0.78],[-0.78],[-0.62],[0.62],[0.8],[0.6],[0.8200000000000001],[-0.8400000000000001],[0.8400000000000001],[-0.8999999999999999],[0.9199999999999999],[0.48],[-0.45999999999999996],[0.45999999999999996],[-1],[-1.06],[-1.08],[-0.38],[1.1],[1.1400000000000001],[-0.3],[1.24],[1.26],[-1.28],[0.24],[0.21999999999999997],[1.4000000000000001],[1.42],[1.48],[-0.16],[1.52],[1.56],[1.58],[1.62],[-1.6400000000000001],[-1.9],[-1.98],[2.04],[-2.1],[-2.3000000000000003],[-2.3200000000000003],[-2.5],[-2.52],[-2.54],[-2.56],[2.7600000000000002],[2.7800000000000002],[2.8000000000000003],[2.82],[-2.98],[3],[-3.02],[-3.08],[3.24],[3.2600000000000002],[3.3400000000000003],[-3.3600000000000003],[-3.5],[3.54],[3.62],[3.66],[-3.7199999999999998],[3.74],[3.8],[3.7800000000000002],[-3.7800000000000002],[3.84],[3.9800000000000004],[3.96],[-3.9800000000000004],[3.8600000000000003],[-3.9000000000000004],[3.9400000000000004],[3.9000000000000004],[9.48],[5.8999999999999995],[-4.18],[-9.379999999999999],[4.32],[-5.76],[6.840000000000001],[-6.2],[-4.22],[7.52],[-5.5],[6.06],[9.6],[6.26],[9.459999999999999],[-4.14],[9.14],[8.72],[-4.36],[-4.32],[6.9399999999999995],[-4.42],[-4.1],[6.2],[7.68],[-6.959999999999999],[-4.24],[-4.12],[6.1],[4.48],[9.58],[9.98],[5.739999999999999],[9.92],[8.28],[-7.22],[8.100000000000001],[-6.62],[9.32],[-5.96],[-4.46],[-7.24],[-9.14],[-5.34],[4.66],[-6.1],[5.659999999999999],[10.04],[-4.16],[-5.92],[4],[7.3],[6.3],[9.34],[8.219999999999999],[9.26],[-4.0200000000000005],[7.94],[6.36],[9.86],[-7.199999999999999],[-9.5],[-4.5200000000000005],[8.26],[-7.18],[7.34],[-4.62],[-5.380000000000001]],"nseeds":156,"executions":88,"nfe":9300,"gps":[],"lps":[],"fps":[[0.7000000000000001],[-0.7000000000000001],[-0.72],[0.72],[-0.68],[0.68],[-0.74],[0.74],[0.66],[-0.66],[-0.76],[0.76],[-0.64],[0.64],[0.78],[-0.78],[-0.62],[0.62],[0.8],[0.6],[0.8200000000000001],[-0.8400000000000001],[0.8400000000000001],[-0.8999999999999999],[0.9199999999999999],[0.48],[-0.45999999999999996],[0.45999999999999996],[-1],[-1.06],[-1.08],[-0.38],[1.1],[1.1400000000000001],[-0.3],[1.24],[1.26],[-1.28],[0.24],[0.21999999999999997],[1.4000000000000001],[1.42],[1.48],[-0.16],[1.52],[1.56],[1.58],[1.62],[-1.6400000000000001],[-1.9],[-1.98],[2.04],[-2.1],[-2.3000000000000003],[-2.3200000000000003],[-2.5],[-2.52],[-2.54],[-2.56],[2.7600000000000002],[2.7800000000000002],[2.8000000000000003],[2.82],[-2.98],[3],[-3.02],[-3.08],[3.24],[3.2600000000000002],[3.3400000000000003],[-3.3600000000000003],[-3.5],[3.54],[3.62],[3.66],[-3.7199999999999998],[3.74],[3.8],[3.7800000000000002],[-3.7800000000000002],[3.84],[3.9800000000000004],[3.96],[-3.9800000000000004],[3.8600000000000003],[-3.9000000000000004],[3.9400000000000004],[3.9000000000000004],[9.48],[5.8999999999999995],[-4.18],[-9.379999999999999],[4.32],[-5.76],[6.840000000000001],[-6.2],[-4.22],[7.52],[-5.5],[6.06],[9.6],[6.26],[9.459999999999999],[-4.14],[9.14],[8.72],[-4.36],[-4.32],[6.9399999999999995],[-4.42],[-4.1],[6.2],[7.68],[-6.959999999999999],[-4.24],[-4.12],[6.1],[4.48],[9.58],[9.98],[5.739999999999999],[9.92],[8.28],[-7.22],[8.100000000000001],[-6.62],[9.32],[-5.96],[-4.46],[-7.24],[-9.14],[-5.34],[4.66],[-6.1],[5.659999999999999],[10.04],[-4.16],[-5.92],[4],[7.3],[6.3],[9.34],[8.219999999999999],[9.26],[-4.0200000000000005],[7.94],[6.36],[9.86],[-7.199999999999999],[-9.5],[-4.5200000000000005],[8.26],[-7.18],[7.34],[-4.62],[-5.380000000000001]],"np":0,"gp":0,"pr":0,"fpr":1,"reason":"statistic"}