{"avgHealth":0.33926307400000355,"seeds":[[-0.7000000000000001],[0.7000000000000001],[0.72],[-0.72],[-0.68],[0.68],[0.74],[-0.74],[-0.66],[0.66],[0.76],[-0.76],[0.64],[-0.64],[0.78],[-0.78],[0.62],[0.8],[-0.8],[-0.8400000000000001],[-0.8599999999999999],[0.56],[-0.8799999999999999],[0.54],[0.8999999999999999],[0.9199999999999999],[-0.48],[-0.98],[0.43999999999999995],[-0.42000000000000004],[-1.06],[1.1],[1.12],[1.1400000000000001],[-1.2],[1.2],[-0.3],[0.3],[1.24],[-1.3],[1.34],[-1.34],[1.3800000000000001],[-0.18],[1.5],[1.52],[1.6],[-1.7599999999999998],[1.7599999999999998],[1.9],[1.98],[2],[2.08],[-2.1],[2.22],[-2.3400000000000003],[-2.42],[2.8000000000000003],[3.22],[-3.2600000000000002],[3.3600000000000003],[-3.62],[-3.88],[3.96],[-3.92],[-7.02],[10.02],[-7.359999999999999],[4.62],[10.04],[9.52],[-4.42],[-9.64],[9.5],[9.94],[6.22],[-7.18],[5.28],[9.459999999999999],[-4.4],[-4.859999999999999],[9.719999999999999],[7.38],[-4.66],[6.9399999999999995],[-5.24],[9.6],[9.48],[7.039999999999999],[-4.46],[-4.5],[-4.36],[-4.26],[-4.62],[-4.54],[7.58],[9.9],[9.559999999999999],[-6.62],[-5.460000000000001],[6.8999999999999995],[-9.66],[5.0600000000000005],[5.739999999999999],[7.66],[-9.120000000000001],[9.64],[10],[-7.26],[9.08],[7.5600000000000005],[-5.16],[-4.38],[-6.720000000000001],[9.58],[-5.2],[-6.32],[7.24],[7.46],[-5.779999999999999],[-8.58],[10.06],[9.379999999999999],[-6.879999999999999],[7.4399999999999995],[-6.08],[-9.68],[7.279999999999999],[-8.34],[8.96],[9.040000000000001],[9.399999999999999],[7.52],[9.06],[-10],[9.68],[6.26],[5.92],[7],[-7.42],[9.42],[-5.68],[7.5]],"nseeds":143,"executions":109,"nfe":11400,"gps":[],"lps":[],"fps":[[-0.7000000000000001],[0.7000000000000001],[0.72],[-0.72],[-0.68],[0.68],[0.74],[-0.74],[-0.66],[0.66],[0.76],[-0.76],[0.64],[-0.64],[0.78],[-0.78],[0.62],[0.8],[-0.8],[-0.8400000000000001],[-0.8599999999999999],[0.56],[-0.8799999999999999],[0.54],[0.8999999999999999],[0.9199999999999999],[-0.48],[-0.98],[0.43999999999999995],[-0.42000000000000004],[-1.06],[1.1],[1.12],[1.1400000000000001],[-1.2],[1.2],[-0.3],[0.3],[1.24],[-1.3],[1.34],[-1.34],[1.3800000000000001],[-0.18],[1.5],[1.52],[1.6],[-1.7599999999999998],[1.7599999999999998],[1.9],[1.98],[2],[2.08],[-2.1],[2.22],[-2.3400000000000003],[-2.42],[2.8000000000000003],[3.22],[-3.2600000000000002],[3.3600000000000003],[-3.62],[-3.88],[3.96],[-3.92],[-7.02],[10.02],[-7.359999999999999],[4.62],[10.04],[9.52],[-4.42],[-9.64],[9.5],[9.94],[6.22],[-7.18],[5.28],[9.459999999999999],[-4.4],[-4.859999999999999],[9.719999999999999],[7.38],[-4.66],[6.9399999999999995],[-5.24],[9.6],[9.48],[7.039999999999999],[-4.46],[-4.5],[-4.36],[-4.26],[-4.62],[-4.54],[7.58],[9.9],[9.559999999999999],[-6.62],[-5.460000000000001],[6.8999999999999995],[-9.66],[5.0600000000000005],[5.739999999999999],[7.66],[-9.120000000000001],[9.64],[10],[-7.26],[9.08],[7.5600000000000005],[-5.16],[-4.38],[-6.720000000000001],[9.58],[-5.2],[-6.32],[7.24],[7.46],[-5.779999999999999],[-8.58],[10.06],[9.379999999999999],[-6.879999999999999],[7.4399999999999995],[-6.08],[-9.68],[7.279999999999999],[-8.34],[8.96],[9.040000000000001],[9.399999999999999],[7.52],[9.06],[-10],[9.68],[6.26],[5.92],[7],[-7.42],[9.42],[-5.68],[7.5]],"np":0,"gp":0,"pr":0,"fpr":1,"reason":"statistic"}