{"avgHealth":0.3289292000000032,"seeds":[[-0.7000000000000001],[0.7000000000000001],[-0.72],[0.72],[0.68],[-0.68],[-0.74],[0.74],[-0.66],[0.66],[0.76],[-0.76],[0.64],[-0.64],[0.78],[0.8],[0.8200000000000001],[-0.8200000000000001],[0.5800000000000001],[0.8599999999999999],[0.56],[0.54],[-0.8999999999999999],[-0.52],[0.9199999999999999],[0.5],[-0.94],[-0.96],[0.98],[-0.4],[-1.08],[1.08],[1.1],[-1.1400000000000001],[-0.34],[-1.1600000000000001],[0.32],[1.2],[-0.28],[-0.24],[-1.34],[1.42],[-0.18],[1.48],[1.62],[-1.62],[1.6600000000000001],[1.7000000000000002],[1.7599999999999998],[1.7999999999999998],[1.8199999999999998],[-0.06],[1.98],[2.04],[2.24],[-2.3400000000000003],[-2.44],[-2.52],[-2.56],[-2.58],[-2.68],[2.72],[-2.72],[2.84],[-2.94],[2.96],[3.04],[3.14],[3.46],[3.58],[3.9000000000000004],[-9.1],[-8.26],[-9.76],[-9.9],[9],[4.4],[-9.08],[-7.3],[-5.1],[-7.18],[4.58],[-5.2],[-9.040000000000001],[-8.2],[8.06],[-9],[-9.120000000000001],[-9.200000000000001],[8.5],[-9.16],[-8.5],[-8.219999999999999],[8.18],[-9.84],[-8.78],[9.18],[-9.559999999999999],[-9.02],[-9.280000000000001],[9.1],[-7.4],[-8.52],[-8.62],[-9.6],[6.22],[4.9399999999999995],[4.44],[-7.4399999999999995],[4.8],[-5.72],[-8.88],[4.82],[-9.06],[-8.32],[-9.86],[-9.78],[-9.8],[-7.359999999999999],[-8.56],[4.32],[4.54],[9.42],[4.96],[-5.76],[-7.22],[-9.5],[-6.82],[4.6000000000000005],[7.800000000000001],[4.66],[-5.8999999999999995],[-4.16],[4.48],[-8.42],[8.120000000000001],[-8.86],[-6.86],[-7.880000000000001],[4.62],[10.1],[-9.719999999999999],[9.48],[-7.84],[-7.34],[-9.42],[-8.98],[-8.16],[8.72],[-5.44],[-8.92],[-9.48],[8.2],[-5.68]],"nseeds":154,"executions":108,"nfe":11300,"gps":[],"lps":[],"fps":[[-0.7000000000000001],[0.7000000000000001],[-0.72],[0.72],[0.68],[-0.68],[-0.74],[0.74],[-0.66],[0.66],[0.76],[-0.76],[0.64],[-0.64],[0.78],[0.8],[0.8200000000000001],[-0.8200000000000001],[0.5800000000000001],[0.8599999999999999],[0.56],[0.54],[-0.8999999999999999],[-0.52],[0.9199999999999999],[0.5],[-0.94],[-0.96],[0.98],[-0.4],[-1.08],[1.08],[1.1],[-1.1400000000000001],[-0.34],[-1.1600000000000001],[0.32],[1.2],[-0.28],[-0.24],[-1.34],[1.42],[-0.18],[1.48],[1.62],[-1.62],[1.6600000000000001],[1.7000000000000002],[1.7599999999999998],[1.7999999999999998],[1.8199999999999998],[-0.06],[1.98],[2.04],[2.24],[-2.3400000000000003],[-2.44],[-2.52],[-2.56],[-2.58],[-2.68],[2.72],[-2.72],[2.84],[-2.94],[2.96],[3.04],[3.14],[3.46],[3.58],[3.9000000000000004],[-9.1],[-8.26],[-9.76],[-9.9],[9],[4.4],[-9.08],[-7.3],[-5.1],[-7.18],[4.58],[-5.2],[-9.040000000000001],[-8.2],[8.06],[-9],[-9.120000000000001],[-9.200000000000001],[8.5],[-9.16],[-8.5],[-8.219999999999999],[8.18],[-9.84],[-8.78],[9.18],[-9.559999999999999],[-9.02],[-9.280000000000001],[9.1],[-7.4],[-8.52],[-8.62],[-9.6],[6.22],[4.9399999999999995],[4.44],[-7.4399999999999995],[4.8],[-5.72],[-8.88],[4.82],[-9.06],[-8.32],[-9.86],[-9.78],[-9.8],[-7.359999999999999],[-8.56],[4.32],[4.54],[9.42],[4.96],[-5.76],[-7.22],[-9.5],[-6.82],[4.6000000000000005],[7.800000000000001],[4.66],[-5.8999999999999995],[-4.16],[4.48],[-8.42],[8.120000000000001],[-8.86],[-6.86],[-7.880000000000001],[4.62],[10.1],[-9.719999999999999],[9.48],[-7.84],[-7.34],[-9.42],[-8.98],[-8.16],[8.72],[-5.44],[-8.92],[-9.48],[8.2],[-5.68]],"np":0,"gp":0,"pr":0,"fpr":1,"reason":"statistic"}