{"avgHealth":0.34425476400000354,"seeds":[[-0.7000000000000001],[0.7000000000000001],[-0.72],[0.72],[-0.68],[0.68],[0.74],[-0.74],[0.66],[-0.66],[-0.76],[0.76],[-0.64],[0.64],[0.78],[0.62],[-0.62],[0.8],[0.6],[-0.8200000000000001],[0.8400000000000001],[-0.8400000000000001],[0.56],[-0.8799999999999999],[0.54],[-0.8999999999999999],[-0.52],[0.52],[0.9199999999999999],[0.5],[0.94],[0.98],[-1.06],[1.1],[1.12],[1.1400000000000001],[1.22],[-0.3],[1.24],[-1.26],[-1.28],[1.28],[-0.26],[-1.3],[1.3],[-1.32],[-0.24],[0.24],[-1.34],[-0.21999999999999997],[-0.2],[1.48],[-0.16],[-1.54],[-0.04],[-2.36],[2.58],[2.6],[2.62],[2.98],[3.02],[-3.1],[-3.22],[3.2600000000000002],[3.4399999999999995],[3.5],[-3.5999999999999996],[-3.6399999999999997],[-3.8200000000000003],[3.8],[-3.9400000000000004],[-3.92],[3.96],[-3.88],[5.04],[8.98],[-7.38],[9.3],[-4.6000000000000005],[-9.62],[5.0600000000000005],[-6.42],[9.74],[-9.14],[7.68],[-6.92],[-7.1],[-7.02],[-6.66],[9.58],[-5.8999999999999995],[-4],[-4.699999999999999],[-4.74],[-4.779999999999999],[9.98],[-4.640000000000001],[5.08],[4.38],[9.559999999999999],[-4.88],[-4.48],[-4.58],[9.040000000000001],[10.06],[-6.5200000000000005],[4.48],[9.26],[-9.48],[-4.5600000000000005],[9.52],[-4.66],[-4.76],[-7.14],[-4.42],[-4.36],[-7.3],[-4.38],[10.08],[9.32],[-6.24],[-5.859999999999999],[9.399999999999999],[-6.840000000000001],[9.459999999999999],[5.5200000000000005],[-6.760000000000001],[-9.16],[-8.82],[-7.22],[9.48],[9.94],[-6.9799999999999995],[9.8],[9.44],[9.360000000000001],[4.92],[7.4399999999999995],[4.0600000000000005],[9.7]],"nseeds":140,"executions":114,"nfe":11900,"gps":[],"lps":[],"fps":[[-0.7000000000000001],[0.7000000000000001],[-0.72],[0.72],[-0.68],[0.68],[0.74],[-0.74],[0.66],[-0.66],[-0.76],[0.76],[-0.64],[0.64],[0.78],[0.62],[-0.62],[0.8],[0.6],[-0.8200000000000001],[0.8400000000000001],[-0.8400000000000001],[0.56],[-0.8799999999999999],[0.54],[-0.8999999999999999],[-0.52],[0.52],[0.9199999999999999],[0.5],[0.94],[0.98],[-1.06],[1.1],[1.12],[1.1400000000000001],[1.22],[-0.3],[1.24],[-1.26],[-1.28],[1.28],[-0.26],[-1.3],[1.3],[-1.32],[-0.24],[0.24],[-1.34],[-0.21999999999999997],[-0.2],[1.48],[-0.16],[-1.54],[-0.04],[-2.36],[2.58],[2.6],[2.62],[2.98],[3.02],[-3.1],[-3.22],[3.2600000000000002],[3.4399999999999995],[3.5],[-3.5999999999999996],[-3.6399999999999997],[-3.8200000000000003],[3.8],[-3.9400000000000004],[-3.92],[3.96],[-3.88],[5.04],[8.98],[-7.38],[9.3],[-4.6000000000000005],[-9.62],[5.0600000000000005],[-6.42],[9.74],[-9.14],[7.68],[-6.92],[-7.1],[-7.02],[-6.66],[9.58],[-5.8999999999999995],[-4],[-4.699999999999999],[-4.74],[-4.779999999999999],[9.98],[-4.640000000000001],[5.08],[4.38],[9.559999999999999],[-4.88],[-4.48],[-4.58],[9.040000000000001],[10.06],[-6.5200000000000005],[4.48],[9.26],[-9.48],[-4.5600000000000005],[9.52],[-4.66],[-4.76],[-7.14],[-4.42],[-4.36],[-7.3],[-4.38],[10.08],[9.32],[-6.24],[-5.859999999999999],[9.399999999999999],[-6.840000000000001],[9.459999999999999],[5.5200000000000005],[-6.760000000000001],[-9.16],[-8.82],[-7.22],[9.48],[9.94],[-6.9799999999999995],[9.8],[9.44],[9.360000000000001],[4.92],[7.4399999999999995],[4.0600000000000005],[9.7]],"np":0,"gp":0,"pr":0,"fpr":1,"reason":"statistic"}