{"avgHealth":0.3250774000000016,"seeds":[[-0.7000000000000001],[0.7000000000000001],[0.72],[-0.72],[-0.68],[0.74],[-0.66],[0.66],[0.76],[-0.62],[-0.6],[-0.8200000000000001],[0.8400000000000001],[-0.8400000000000001],[0.5800000000000001],[-0.5800000000000001],[-0.8599999999999999],[0.56],[-0.56],[-0.8799999999999999],[0.54],[-0.9199999999999999],[-0.5],[-0.94],[-0.96],[0.45999999999999996],[1.02],[-1.02],[1.08],[0.38],[0.36],[-1.1400000000000001],[0.34],[1.1600000000000001],[-1.1600000000000001],[-0.32],[0.32],[-0.3],[0.3],[-0.28],[1.26],[0.26],[-0.26],[-1.3],[1.32],[-0.24],[-1.34],[0.2],[1.42],[-0.18],[1.46],[1.48],[-0.16],[-1.52],[-1.54],[0.14],[-0.14],[0.12],[-1.6600000000000001],[1.6800000000000002],[-1.6800000000000002],[0.1],[0.08],[1.7999999999999998],[-1.8199999999999998],[-0.06],[-1.8599999999999999],[1.88],[-1.88],[1.92],[-1.96],[1.96],[-1.98],[1.98],[2],[-2],[2.02],[2.08],[2.1],[2.14],[-2.18],[-2.2],[2.3400000000000003],[2.42],[-3.06],[-3.14],[3.3600000000000003],[-3.5999999999999996],[-3.6799999999999997],[-3.76],[3.8600000000000003],[-9.16],[9],[-8.06],[10.32],[-9.7],[-8.48],[-9.719999999999999],[-9.02],[-4.680000000000001],[9.1],[-10],[-9.8],[-8.78],[-7.92],[9.94],[-8.96],[-9.459999999999999],[9.32],[-9.64],[10.06],[10.38],[-9.24],[-9.559999999999999],[10.34],[-8.68],[-4.54],[-8.54],[-8.98],[-9.84],[4.2],[-8.6],[5.12],[4.699999999999999],[5.08],[10.440000000000001],[-4.72],[4.42],[8.86],[9.84],[-9.52],[4.0600000000000005],[10.22],[-8.76],[10.46],[9.22],[-9.54],[9.86],[-4.32],[8.94],[-8.26],[-9.9],[10.3],[-9.22],[-4.699999999999999],[4.859999999999999],[9.879999999999999],[10.120000000000001],[-9.62],[-9.94],[9.58],[9.42],[-9.879999999999999],[-4.0600000000000005],[9.54],[4.8],[10],[10.18],[-7.76],[10.42],[-8.56],[-8.7],[-7.84],[8.84],[-9.98],[-8.379999999999999],[-9.66]],"nseeds":167,"executions":27418,"nfe":2742300,"gps":[],"lps":[],"fps":[[-0.7000000000000001],[0.7000000000000001],[0.72],[-0.72],[-0.68],[0.74],[-0.66],[0.66],[0.76],[-0.62],[-0.6],[-0.8200000000000001],[0.8400000000000001],[-0.8400000000000001],[0.5800000000000001],[-0.5800000000000001],[-0.8599999999999999],[0.56],[-0.56],[-0.8799999999999999],[0.54],[-0.9199999999999999],[-0.5],[-0.94],[-0.96],[0.45999999999999996],[1.02],[-1.02],[1.08],[0.38],[0.36],[-1.1400000000000001],[0.34],[1.1600000000000001],[-1.1600000000000001],[-0.32],[0.32],[-0.3],[0.3],[-0.28],[1.26],[0.26],[-0.26],[-1.3],[1.32],[-0.24],[-1.34],[0.2],[1.42],[-0.18],[1.46],[1.48],[-0.16],[-1.52],[-1.54],[0.14],[-0.14],[0.12],[-1.6600000000000001],[1.6800000000000002],[-1.6800000000000002],[0.1],[0.08],[1.7999999999999998],[-1.8199999999999998],[-0.06],[-1.8599999999999999],[1.88],[-1.88],[1.92],[-1.96],[1.96],[-1.98],[1.98],[2],[-2],[2.02],[2.08],[2.1],[2.14],[-2.18],[-2.2],[2.3400000000000003],[2.42],[-3.06],[-3.14],[3.3600000000000003],[-3.5999999999999996],[-3.6799999999999997],[-3.76],[3.8600000000000003],[-9.16],[9],[-8.06],[10.32],[-9.7],[-8.48],[-9.719999999999999],[-9.02],[-4.680000000000001],[9.1],[-10],[-9.8],[-8.78],[-7.92],[9.94],[-8.96],[-9.459999999999999],[9.32],[-9.64],[10.06],[10.38],[-9.24],[-9.559999999999999],[10.34],[-8.68],[-4.54],[-8.54],[-8.98],[-9.84],[4.2],[-8.6],[5.12],[4.699999999999999],[5.08],[10.440000000000001],[-4.72],[4.42],[8.86],[9.84],[-9.52],[4.0600000000000005],[10.22],[-8.76],[10.46],[9.22],[-9.54],[9.86],[-4.32],[8.94],[-8.26],[-9.9],[10.3],[-9.22],[-4.699999999999999],[4.859999999999999],[9.879999999999999],[10.120000000000001],[-9.62],[-9.94],[9.58],[9.42],[-9.879999999999999],[-4.0600000000000005],[9.54],[4.8],[10],[10.18],[-7.76],[10.42],[-8.56],[-8.7],[-7.84],[8.84],[-9.98],[-8.379999999999999],[-9.66]],"np":0,"gp":0,"pr":0,"fpr":1,"reason":"statistic"}