{"avgHealth":0.31414214200000123,"seeds":[[-0.7000000000000001],[0.7000000000000001],[0.68],[-0.66],[0.64],[-0.64],[-0.78],[0.78],[-0.8],[0.6],[0.8200000000000001],[0.8400000000000001],[0.5800000000000001],[0.8599999999999999],[0.8799999999999999],[0.9199999999999999],[-0.9199999999999999],[-0.5],[-0.94],[0.45999999999999996],[-1],[-0.43999999999999995],[1.02],[-0.38],[1.1600000000000001],[-0.32],[0.32],[-0.3],[0.28],[1.26],[-0.26],[-0.24],[1.3800000000000001],[-1.3800000000000001],[-0.2],[1.42],[0.18],[1.5],[1.56],[-1.56],[1.62],[1.6400000000000001],[1.6600000000000001],[0.1],[1.7199999999999998],[-1.7199999999999998],[-1.8199999999999998],[1.8599999999999999],[1.88],[-1.88],[-1.9],[-1.92],[2.02],[2.12],[2.16],[2.18],[2.3000000000000003],[3.16],[3.3000000000000003],[-3.3800000000000003],[-3.74],[-3.8200000000000003],[-3.84],[-3.9000000000000004],[-3.92],[-4.1],[-9.94],[9.280000000000001],[9.58],[-9.719999999999999],[10.42],[4.98],[9.54],[-4],[-8.86],[8.86],[-8.379999999999999],[4.5],[4.14],[-5.84],[8.8],[5],[6.18],[4.42],[-4.34],[-5.58],[6.14],[-7.880000000000001],[6.12],[-9.54],[4.32],[-7.640000000000001],[8.72],[8.82],[5.58],[9.84],[10],[4.5200000000000005],[-9.08],[-9.06],[-5.96],[4.48],[8.56],[6.08],[8.219999999999999],[10.04],[9.48],[-9.22],[6.3],[-9.48],[5.04],[-4.6000000000000005],[-7.94],[-8.36],[9.360000000000001],[5.140000000000001],[9.3],[-4.54],[8.7],[9.22],[-8.34],[8.52],[4.1],[9.559999999999999],[4.82],[-9.64],[4.84],[5.84],[4.88],[9.32],[4.859999999999999],[-5.34],[4.16],[8.379999999999999],[-7.800000000000001],[-9.86],[8.16],[-8.18],[4.640000000000001],[4.24],[-8.94],[10.26],[-6.4],[-5.68],[8.44],[6.02],[-8.08],[-7.98],[4.8],[6.58],[6.36],[-6.06],[5.220000000000001],[6.16],[-8.26],[-8.82],[-8.98],[-8.02],[9.66],[8.68],[-4.88],[9.5],[-5.1],[-7.92],[9.78],[-9.74],[9.34]],"nseeds":167,"executions":2755,"nfe":276000,"gps":[],"lps":[],"fps":[[-0.7000000000000001],[0.7000000000000001],[0.68],[-0.66],[0.64],[-0.64],[-0.78],[0.78],[-0.8],[0.6],[0.8200000000000001],[0.8400000000000001],[0.5800000000000001],[0.8599999999999999],[0.8799999999999999],[0.9199999999999999],[-0.9199999999999999],[-0.5],[-0.94],[0.45999999999999996],[-1],[-0.43999999999999995],[1.02],[-0.38],[1.1600000000000001],[-0.32],[0.32],[-0.3],[0.28],[1.26],[-0.26],[-0.24],[1.3800000000000001],[-1.3800000000000001],[-0.2],[1.42],[0.18],[1.5],[1.56],[-1.56],[1.62],[1.6400000000000001],[1.6600000000000001],[0.1],[1.7199999999999998],[-1.7199999999999998],[-1.8199999999999998],[1.8599999999999999],[1.88],[-1.88],[-1.9],[-1.92],[2.02],[2.12],[2.16],[2.18],[2.3000000000000003],[3.16],[3.3000000000000003],[-3.3800000000000003],[-3.74],[-3.8200000000000003],[-3.84],[-3.9000000000000004],[-3.92],[-4.1],[-9.94],[9.280000000000001],[9.58],[-9.719999999999999],[10.42],[4.98],[9.54],[-4],[-8.86],[8.86],[-8.379999999999999],[4.5],[4.14],[-5.84],[8.8],[5],[6.18],[4.42],[-4.34],[-5.58],[6.14],[-7.880000000000001],[6.12],[-9.54],[4.32],[-7.640000000000001],[8.72],[8.82],[5.58],[9.84],[10],[4.5200000000000005],[-9.08],[-9.06],[-5.96],[4.48],[8.56],[6.08],[8.219999999999999],[10.04],[9.48],[-9.22],[6.3],[-9.48],[5.04],[-4.6000000000000005],[-7.94],[-8.36],[9.360000000000001],[5.140000000000001],[9.3],[-4.54],[8.7],[9.22],[-8.34],[8.52],[4.1],[9.559999999999999],[4.82],[-9.64],[4.84],[5.84],[4.88],[9.32],[4.859999999999999],[-5.34],[4.16],[8.379999999999999],[-7.800000000000001],[-9.86],[8.16],[-8.18],[4.640000000000001],[4.24],[-8.94],[10.26],[-6.4],[-5.68],[8.44],[6.02],[-8.08],[-7.98],[4.8],[6.58],[6.36],[-6.06],[5.220000000000001],[6.16],[-8.26],[-8.82],[-8.98],[-8.02],[9.66],[8.68],[-4.88],[9.5],[-5.1],[-7.92],[9.78],[-9.74],[9.34]],"np":0,"gp":0,"pr":0,"fpr":1,"reason":"statistic"}