{"avgHealth":0.33562976800000316,"seeds":[[0.7000000000000001],[-0.7000000000000001],[-0.72],[0.72],[-0.68],[0.68],[0.74],[-0.74],[-0.66],[0.66],[0.76],[-0.76],[0.64],[-0.64],[-0.78],[0.78],[0.62],[-0.62],[0.8],[-0.8],[0.6],[0.8200000000000001],[0.8599999999999999],[0.8799999999999999],[-0.52],[0.5],[-0.94],[-0.96],[1.04],[-1.04],[-0.42000000000000004],[-1.06],[0.4],[-1.12],[-1.1400000000000001],[1.1400000000000001],[0.34],[-0.32],[1.2],[1.22],[1.24],[-1.26],[1.28],[-1.28],[-0.26],[1.32],[-1.32],[1.34],[0.21999999999999997],[-0.2],[1.42],[-0.18],[1.52],[1.54],[1.6],[1.62],[-1.7799999999999998],[-2.18],[-2.3400000000000003],[-2.66],[-2.74],[-2.82],[3.14],[3.3400000000000003],[3.5599999999999996],[3.76],[3.88],[-3.9400000000000004],[-3.88],[3.9800000000000004],[3.92],[4.84],[4.62],[4.42],[-4.16],[7.94],[-4.24],[7.24],[4.9399999999999995],[4.98],[-5.9399999999999995],[8.100000000000001],[-5.48],[9.64],[-6.04],[-8.88],[-5.96],[-5.92],[-4],[-6],[-4.38],[4.699999999999999],[-4.14],[-6.22],[4.48],[4.680000000000001],[4.9],[-6.680000000000001],[4.38],[-5.8999999999999995],[4.18],[7.119999999999999],[-4.42],[-6.720000000000001],[4.44],[9.86],[4.96],[-5.36],[-4.04],[8.18],[-4.0200000000000005],[-5.12],[-9.62],[4.34],[4.5],[4.6000000000000005],[8.139999999999999],[-5.68],[-5.300000000000001],[7.92],[-4.34],[-9.360000000000001],[-9.18],[5.5200000000000005],[8.36],[7.76],[-5.28],[9.66],[-5.380000000000001],[-5.4],[-4.22],[-5.859999999999999],[-5.18],[-6.44],[-6.5600000000000005],[-7.06],[-5.739999999999999],[-6.28],[7.02],[-6.6000000000000005],[5.8999999999999995],[-9.5],[-5.8],[-6.3],[9.42],[-9.52],[-5.84],[-5.34],[-6.08]],"nseeds":149,"executions":103,"nfe":10800,"gps":[],"lps":[],"fps":[[0.7000000000000001],[-0.7000000000000001],[-0.72],[0.72],[-0.68],[0.68],[0.74],[-0.74],[-0.66],[0.66],[0.76],[-0.76],[0.64],[-0.64],[-0.78],[0.78],[0.62],[-0.62],[0.8],[-0.8],[0.6],[0.8200000000000001],[0.8599999999999999],[0.8799999999999999],[-0.52],[0.5],[-0.94],[-0.96],[1.04],[-1.04],[-0.42000000000000004],[-1.06],[0.4],[-1.12],[-1.1400000000000001],[1.1400000000000001],[0.34],[-0.32],[1.2],[1.22],[1.24],[-1.26],[1.28],[-1.28],[-0.26],[1.32],[-1.32],[1.34],[0.21999999999999997],[-0.2],[1.42],[-0.18],[1.52],[1.54],[1.6],[1.62],[-1.7799999999999998],[-2.18],[-2.3400000000000003],[-2.66],[-2.74],[-2.82],[3.14],[3.3400000000000003],[3.5599999999999996],[3.76],[3.88],[-3.9400000000000004],[-3.88],[3.9800000000000004],[3.92],[4.84],[4.62],[4.42],[-4.16],[7.94],[-4.24],[7.24],[4.9399999999999995],[4.98],[-5.9399999999999995],[8.100000000000001],[-5.48],[9.64],[-6.04],[-8.88],[-5.96],[-5.92],[-4],[-6],[-4.38],[4.699999999999999],[-4.14],[-6.22],[4.48],[4.680000000000001],[4.9],[-6.680000000000001],[4.38],[-5.8999999999999995],[4.18],[7.119999999999999],[-4.42],[-6.720000000000001],[4.44],[9.86],[4.96],[-5.36],[-4.04],[8.18],[-4.0200000000000005],[-5.12],[-9.62],[4.34],[4.5],[4.6000000000000005],[8.139999999999999],[-5.68],[-5.300000000000001],[7.92],[-4.34],[-9.360000000000001],[-9.18],[5.5200000000000005],[8.36],[7.76],[-5.28],[9.66],[-5.380000000000001],[-5.4],[-4.22],[-5.859999999999999],[-5.18],[-6.44],[-6.5600000000000005],[-7.06],[-5.739999999999999],[-6.28],[7.02],[-6.6000000000000005],[5.8999999999999995],[-9.5],[-5.8],[-6.3],[9.42],[-9.52],[-5.84],[-5.34],[-6.08]],"np":0,"gp":0,"pr":0,"fpr":1,"reason":"statistic"}