{"avgHealth":1.9993653176120467,"seeds":[[213.60000000000002,0],[-339.6,0],[194.4000000000001,0]],"nseeds":3,"executions":5865,"nfe":587000,"gps":[],"lps":[],"fps":[[213.60000000000002,0],[-339.6,0],[194.4000000000001,0]],"np":0,"gp":0,"pr":0,"gpr":0,"fpr":1,"reason":"statistic"}