{"avgHealth":1.99917726842283,"seeds":[[-213.59999999999997,0],[-238.8,0],[-200.39999999999998,0]],"nseeds":3,"executions":6717,"nfe":672200,"gps":[],"lps":[],"fps":[[-213.59999999999997,0],[-238.8,0],[-200.39999999999998,0]],"np":0,"gp":0,"pr":0,"gpr":0,"fpr":1,"reason":"statistic"}