{"avgHealth":1.9623831274550252,"seeds":[[386.4,-4.7999999999999545],[386.4,4.7999999999999545],[386.4,13.200000000000045]],"nseeds":3,"executions":3434,"nfe":343900,"gps":[],"lps":[],"fps":[[386.4,-4.7999999999999545],[386.4,4.7999999999999545],[386.4,13.200000000000045]],"np":0,"gp":0,"pr":0,"gpr":0,"fpr":1,"reason":"statistic"}