{"avgHealth":1.9614477365878595,"seeds":[[-40.799999999999955,-4.7999999999999545],[-40.799999999999955,4.7999999999999545],[-40.799999999999955,3.6000000000000227]],"nseeds":3,"executions":3468,"nfe":347300,"gps":[],"lps":[],"fps":[[-40.799999999999955,-4.7999999999999545],[-40.799999999999955,4.7999999999999545],[-40.799999999999955,3.6000000000000227]],"np":0,"gp":0,"pr":0,"gpr":0,"fpr":1,"reason":"statistic"}