{"avgHealth":1.9622480721589948,"seeds":[[-279.59999999999997,4.7999999999999545],[-279.59999999999997,-4.7999999999999545],[-279.59999999999997,3.6000000000000227]],"nseeds":3,"executions":4061,"nfe":406600,"gps":[],"lps":[],"fps":[[-279.59999999999997,4.7999999999999545],[-279.59999999999997,-4.7999999999999545],[-279.59999999999997,3.6000000000000227]],"np":0,"gp":0,"pr":0,"gpr":0,"fpr":1,"reason":"statistic"}