{"avgHealth":1.9926486076924812,"seeds":[[0,0],[-586.8,0],[3.6000000000000227,0]],"nseeds":3,"executions":5555,"nfe":556000,"gps":[],"lps":[],"fps":[[0,0],[-586.8,0],[3.6000000000000227,0]],"np":0,"gp":0,"pr":0,"gpr":0,"fpr":1,"reason":"statistic"}