{"avgHealth":1.9957089425960224,"seeds":[[-345.6,0],[-394.79999999999995,0],[-337.2,0]],"nseeds":3,"executions":4942,"nfe":494700,"gps":[],"lps":[],"fps":[[-345.6,0],[-394.79999999999995,0],[-337.2,0]],"np":0,"gp":0,"pr":0,"gpr":0,"fpr":1,"reason":"statistic"}