{"avgHealth":1.9589311051007041,"seeds":[[-386.4,-4.7999999999999545],[386.4,4.7999999999999545],[-386.4,4.7999999999999545],[386.4,-4.7999999999999545],[381.5999999999999,4.7999999999999545],[-381.6,-4.7999999999999545]],"nseeds":6,"executions":199996,"nfe":20000100,"gps":[],"lps":[],"fps":[[-386.4,-4.7999999999999545],[386.4,4.7999999999999545],[-386.4,4.7999999999999545],[386.4,-4.7999999999999545],[381.5999999999999,4.7999999999999545],[-381.6,-4.7999999999999545]],"np":0,"gp":0,"pr":0,"gpr":0,"fpr":1,"reason":"executions"}