{"avgHealth":-0.10967982082607616,"seeds":[[0,0],[0,0.0653560000000013],[0.0653560000000013,0],[-0.0653560000000013,0],[0,-0.0653560000000013],[-0.3267799999999994,0],[0,-0.3267799999999994],[0.9803399999999982,0],[0,0.9803399999999982],[-0.9803400000000018,0],[0,-0.9803400000000018]],"nseeds":11,"executions":1135,"nfe":114000,"gps":[[0,0]],"lps":[],"fps":[[0,0.0653560000000013],[0.0653560000000013,0],[-0.0653560000000013,0],[0,-0.0653560000000013],[-0.3267799999999994,0],[0,-0.3267799999999994],[0.9803399999999982,0],[0,0.9803399999999982],[-0.9803400000000018,0],[0,-0.9803400000000018]],"np":1,"gp":1,"pr":0.09090909090909091,"gpr":1,"fpr":0.9090909090909091,"reason":"statistic"}