{"avgHealth":-0.14042696416348266,"seeds":[[0,0],[0,-0.0653560000000013],[0.0653560000000013,0],[0,0.0653560000000013],[-0.0653560000000013,0],[0,0.1307120000000026],[0.2614239999999981,0],[0,0.9803399999999982]],"nseeds":8,"executions":1019,"nfe":102400,"gps":[[0,0]],"lps":[],"fps":[[0,-0.0653560000000013],[0.0653560000000013,0],[0,0.0653560000000013],[-0.0653560000000013,0],[0,0.1307120000000026],[0.2614239999999981,0],[0,0.9803399999999982]],"np":1,"gp":1,"pr":0.125,"gpr":1,"fpr":0.875,"reason":"statistic"}