{"avgHealth":-0.1089108900411542,"seeds":[[0,0],[0.0653560000000013,0],[0,-0.0653560000000013],[0,0.0653560000000013],[-0.0653560000000013,0],[0,0.1307120000000026],[-0.1960679999999968,0.1307120000000026],[0,0.2614239999999981],[0,-0.9803400000000018]],"nseeds":9,"executions":797,"nfe":80200,"gps":[[0,0]],"lps":[],"fps":[[0.0653560000000013,0],[0,-0.0653560000000013],[0,0.0653560000000013],[-0.0653560000000013,0],[0,0.1307120000000026],[-0.1960679999999968,0.1307120000000026],[0,0.2614239999999981],[0,-0.9803400000000018]],"np":1,"gp":1,"pr":0.1111111111111111,"gpr":1,"fpr":0.8888888888888888,"reason":"statistic"}