{"avgHealth":-0.27129889035361154,"seeds":[[0,0],[0.0653560000000013,0],[0,0.0653560000000013],[-0.0653560000000013,0],[-0.0653560000000013,0.0653560000000013],[0,0.1307120000000026],[-0.1960679999999968,0],[0,-0.3267799999999994],[0,0.9803399999999982],[-0.9803400000000018,0]],"nseeds":10,"executions":1089,"nfe":109400,"gps":[[0,0]],"lps":[],"fps":[[0.0653560000000013,0],[0,0.0653560000000013],[-0.0653560000000013,0],[-0.0653560000000013,0.0653560000000013],[0,0.1307120000000026],[-0.1960679999999968,0],[0,-0.3267799999999994],[0,0.9803399999999982],[-0.9803400000000018,0]],"np":1,"gp":1,"pr":0.1,"gpr":1,"fpr":0.9,"reason":"statistic"}