{"avgHealth":-0.09591013532826169,"seeds":[[0,0],[0,-0.0653560000000013],[0,0.0653560000000013],[-0.0653560000000013,0],[0.0653560000000013,0],[0,0.1307120000000026],[-0.0653560000000013,0.1307120000000026],[0,0.9803399999999982]],"nseeds":8,"executions":1236,"nfe":124100,"gps":[[0,0]],"lps":[],"fps":[[0,-0.0653560000000013],[0,0.0653560000000013],[-0.0653560000000013,0],[0.0653560000000013,0],[0,0.1307120000000026],[-0.0653560000000013,0.1307120000000026],[0,0.9803399999999982]],"np":1,"gp":1,"pr":0.125,"gpr":1,"fpr":0.875,"reason":"statistic"}