{"avgHealth":-0.20090066310344204,"seeds":[[0,0],[0.0653560000000013,0],[0,-0.0653560000000013],[-0.0653560000000013,0],[0,0.0653560000000013],[0.0653560000000013,0.0653560000000013],[0.1307120000000026,0],[0,0.1307120000000026],[0.1307120000000026,-0.0653560000000013],[0,0.9803399999999982],[0.9803399999999982,0]],"nseeds":11,"executions":938,"nfe":94300,"gps":[[0,0]],"lps":[],"fps":[[0.0653560000000013,0],[0,-0.0653560000000013],[-0.0653560000000013,0],[0,0.0653560000000013],[0.0653560000000013,0.0653560000000013],[0.1307120000000026,0],[0,0.1307120000000026],[0.1307120000000026,-0.0653560000000013],[0,0.9803399999999982],[0.9803399999999982,0]],"np":1,"gp":1,"pr":0.09090909090909091,"gpr":1,"fpr":0.9090909090909091,"reason":"statistic"}