{"avgHealth":-0.11799090137889662,"seeds":[[0,0],[0.0653560000000013,0],[0,0.0653560000000013],[-0.0653560000000013,0],[0,-0.0653560000000013],[0.0653560000000013,-0.0653560000000013],[0.1307120000000026,0],[-0.1307120000000026,0],[0.0653560000000013,0.1307120000000026],[-0.1307120000000026,-0.0653560000000013],[0,0.2614239999999981],[0.9803399999999982,0],[0,0.9803399999999982]],"nseeds":13,"executions":1144,"nfe":114900,"gps":[[0,0]],"lps":[],"fps":[[0.0653560000000013,0],[0,0.0653560000000013],[-0.0653560000000013,0],[0,-0.0653560000000013],[0.0653560000000013,-0.0653560000000013],[0.1307120000000026,0],[-0.1307120000000026,0],[0.0653560000000013,0.1307120000000026],[-0.1307120000000026,-0.0653560000000013],[0,0.2614239999999981],[0.9803399999999982,0],[0,0.9803399999999982]],"np":1,"gp":1,"pr":0.07692307692307693,"gpr":1,"fpr":0.9230769230769231,"reason":"statistic"}