{"avgHealth":-0.15947798086009912,"seeds":[[0,0],[0,0.0653560000000013],[0.0653560000000013,0],[0,-0.0653560000000013],[-0.0653560000000013,0],[-0.0653560000000013,0.0653560000000013],[0,0.1307120000000026],[-0.0653560000000013,-0.1307120000000026],[0.1307120000000026,0.1307120000000026],[0.1307120000000026,-0.1960679999999968],[0.2614239999999981,0.0653560000000013],[0,0.9803399999999982],[0,-0.9803400000000018]],"nseeds":13,"executions":690,"nfe":69500,"gps":[[0,0]],"lps":[],"fps":[[0,0.0653560000000013],[0.0653560000000013,0],[0,-0.0653560000000013],[-0.0653560000000013,0],[-0.0653560000000013,0.0653560000000013],[0,0.1307120000000026],[-0.0653560000000013,-0.1307120000000026],[0.1307120000000026,0.1307120000000026],[0.1307120000000026,-0.1960679999999968],[0.2614239999999981,0.0653560000000013],[0,0.9803399999999982],[0,-0.9803400000000018]],"np":1,"gp":1,"pr":0.07692307692307693,"gpr":1,"fpr":0.9230769230769231,"reason":"statistic"}