{"avgHealth":-0.1231849042135194,"seeds":[[0,0],[-0.0653560000000013,0],[0.0653560000000013,0],[0,-0.0653560000000013],[0,0.0653560000000013],[-0.0653560000000013,-0.1960679999999968],[0,0.2614239999999981],[0.2614239999999981,0],[0,0.9803399999999982],[0.9803399999999982,0],[-0.9803400000000018,0]],"nseeds":11,"executions":1140,"nfe":114500,"gps":[[0,0]],"lps":[],"fps":[[-0.0653560000000013,0],[0.0653560000000013,0],[0,-0.0653560000000013],[0,0.0653560000000013],[-0.0653560000000013,-0.1960679999999968],[0,0.2614239999999981],[0.2614239999999981,0],[0,0.9803399999999982],[0.9803399999999982,0],[-0.9803400000000018,0]],"np":1,"gp":1,"pr":0.09090909090909091,"gpr":1,"fpr":0.9090909090909091,"reason":"statistic"}