{"avgHealth":-2.000005684592901,"seeds":[[0,7.5],[0,2.5],[0,-7.5],[0,-2.5],[0,-2.5199999999999996]],"nseeds":5,"executions":4446,"nfe":445100,"gps":[],"lps":[],"fps":[[0,7.5],[0,2.5],[0,-7.5],[0,-2.5],[0,-2.5199999999999996]],"np":0,"gp":0,"pr":0,"gpr":0,"fpr":1,"reason":"statistic"}