{"avgHealth":-2.000051139795309,"seeds":[[0,2.5],[0,7.5],[0,-7.5],[0,-2.5],[0,7.559999999999999]],"nseeds":5,"executions":6682,"nfe":668700,"gps":[],"lps":[],"fps":[[0,2.5],[0,7.5],[0,-7.5],[0,-2.5],[0,7.559999999999999]],"np":0,"gp":0,"pr":0,"gpr":0,"fpr":1,"reason":"statistic"}