{"avgHealth":-2.000232817070676,"seeds":[[0,-7.5],[0,-2.5],[0,7.5],[0,2.5],[0,7.420000000000002],[0,-2.5999999999999996]],"nseeds":6,"executions":4514,"nfe":451900,"gps":[],"lps":[],"fps":[[0,-7.5],[0,-2.5],[0,7.5],[0,2.5],[0,7.420000000000002],[0,-2.5999999999999996]],"np":0,"gp":0,"pr":0,"gpr":0,"fpr":1,"reason":"statistic"}