{"avgHealth":-2.000102279590618,"seeds":[[0,2.5],[0,7.5],[0,-7.5],[0,-2.5],[0,7.559999999999999],[0,2.5600000000000005]],"nseeds":6,"executions":3955,"nfe":396000,"gps":[],"lps":[],"fps":[[0,2.5],[0,7.5],[0,-7.5],[0,-2.5],[0,7.559999999999999],[0,2.5600000000000005]],"np":0,"gp":0,"pr":0,"gpr":0,"fpr":1,"reason":"statistic"}