{"avgHealth":186.72153477086644,"seeds":[[4.859999999999999,-0.7999999999999989],[-0.7999999999999989,4.859999999999999],[5.48,4.859999999999999],[-0.7999999999999989,-7.699999999999999]],"nseeds":4,"executions":542,"nfe":54700,"gps":[[4.859999999999999,-0.7999999999999989],[-0.7999999999999989,4.859999999999999],[-0.7999999999999989,-7.699999999999999]],"lps":[],"fps":[[5.48,4.859999999999999]],"np":3,"gp":3,"pr":0.75,"gpr":0.16666666666666666,"fpr":0.25,"reason":"statistic"}