{"avgHealth":186.70475213273204,"seeds":[[4.859999999999999,-0.7999999999999989],[4.859999999999999,5.48],[4.859999999999999,-7.08],[5.48,-1.42],[-7.08,-1.42]],"nseeds":5,"executions":784,"nfe":78900,"gps":[[4.859999999999999,-0.7999999999999989],[4.859999999999999,5.48]],"lps":[],"fps":[[4.859999999999999,-7.08],[5.48,-1.42],[-7.08,-1.42]],"np":2,"gp":2,"pr":0.4,"gpr":0.1111111111111111,"fpr":0.6,"reason":"statistic"}