{"avgHealth":186.71214122978387,"seeds":[[-0.7999999999999989,4.859999999999999],[5.48,4.859999999999999],[-1.42,-0.7999999999999989]],"nseeds":3,"executions":790,"nfe":79500,"gps":[[-0.7999999999999989,4.859999999999999]],"lps":[],"fps":[[5.48,4.859999999999999],[-1.42,-0.7999999999999989]],"np":1,"gp":1,"pr":0.3333333333333333,"gpr":0.05555555555555555,"fpr":0.6666666666666666,"reason":"statistic"}