{"avgHealth":186.693142361747,"seeds":[[4.859999999999999,5.48],[5.48,-1.42],[-7.08,-1.42],[-7.08,-7.699999999999999],[-7.08,-7.72],[4.859999999999999,5.5]],"nseeds":6,"executions":613,"nfe":61800,"gps":[[4.859999999999999,5.48],[-7.08,-7.699999999999999]],"lps":[],"fps":[[5.48,-1.42],[-7.08,-1.42],[-7.08,-7.72],[4.859999999999999,5.5]],"np":2,"gp":2,"pr":0.3333333333333333,"gpr":0.1111111111111111,"fpr":0.6666666666666666,"reason":"statistic"}