{"avgHealth":186.71589834055254,"seeds":[[-0.7999999999999989,4.859999999999999],[4.859999999999999,-7.08],[-7.08,4.859999999999999]],"nseeds":3,"executions":699,"nfe":70400,"gps":[[-0.7999999999999989,4.859999999999999],[-7.08,4.859999999999999]],"lps":[],"fps":[[4.859999999999999,-7.08]],"np":2,"gp":2,"pr":0.6666666666666666,"gpr":0.1111111111111111,"fpr":0.3333333333333333,"reason":"statistic"}