{"avgHealth":186.7133134435706,"seeds":[[4.859999999999999,-0.7999999999999989],[-7.08,4.859999999999999]],"nseeds":2,"executions":491,"nfe":49600,"gps":[[4.859999999999999,-0.7999999999999989],[-7.08,4.859999999999999]],"lps":[],"fps":[],"np":2,"gp":2,"pr":1,"gpr":0.1111111111111111,"fpr":0,"reason":"statistic"}