{"avgHealth":186.70601480778248,"seeds":[[4.859999999999999,-0.7999999999999989],[5.48,4.859999999999999],[-7.699999999999999,-0.7999999999999989],[5.5,4.859999999999999],[5.48,4.84],[-7.699999999999999,-7.0600000000000005]],"nseeds":6,"executions":606,"nfe":61100,"gps":[[4.859999999999999,-0.7999999999999989],[-7.699999999999999,-0.7999999999999989]],"lps":[],"fps":[[5.48,4.859999999999999],[5.5,4.859999999999999],[5.48,4.84],[-7.699999999999999,-7.0600000000000005]],"np":2,"gp":2,"pr":0.3333333333333333,"gpr":0.1111111111111111,"fpr":0.6666666666666666,"reason":"statistic"}