{"avgHealth":186.69208580698162,"seeds":[[4.859999999999999,5.48],[-1.42,5.48],[5.48,-1.42]],"nseeds":3,"executions":511,"nfe":51600,"gps":[[4.859999999999999,5.48]],"lps":[],"fps":[[-1.42,5.48],[5.48,-1.42]],"np":1,"gp":1,"pr":0.3333333333333333,"gpr":0.05555555555555555,"fpr":0.6666666666666666,"reason":"statistic"}