{"avgHealth":186.6765772607815,"seeds":[[4.859999999999999,-0.7999999999999989],[4.859999999999999,-7.08],[-7.699999999999999,-0.7999999999999989],[-7.699999999999999,-7.08],[-0.7799999999999994,4.879999999999999]],"nseeds":5,"executions":1149,"nfe":115400,"gps":[[4.859999999999999,-0.7999999999999989],[-7.699999999999999,-0.7999999999999989],[-7.699999999999999,-7.08]],"lps":[],"fps":[[4.859999999999999,-7.08],[-0.7799999999999994,4.879999999999999]],"np":3,"gp":3,"pr":0.6,"gpr":0.16666666666666666,"fpr":0.4,"reason":"statistic"}