{"avgHealth":-0.0008986399264495084,"seeds":[[0,0,0],[0,0,-0.0653560000000013],[0.0653560000000013,0,0]],"nseeds":3,"executions":5648,"nfe":565300,"gps":[[0,0,0]],"lps":[],"fps":[[0,0,-0.0653560000000013],[0.0653560000000013,0,0]],"np":1,"gp":1,"pr":0.3333333333333333,"gpr":1,"fpr":0.6666666666666666,"reason":"statistic"}