{"avgHealth":-0.0008986399264495084,"seeds":[[0,0,0],[0.0653560000000013,0,0]],"nseeds":2,"executions":4912,"nfe":491700,"gps":[[0,0,0]],"lps":[],"fps":[[0.0653560000000013,0,0]],"np":1,"gp":1,"pr":0.5,"gpr":1,"fpr":0.5,"reason":"statistic"}