{"avgHealth":0.9993479189896556,"seeds":[[3.141592653589793],[3.1290262829754347],[3.1541590242041515],[3.1164599123610746],[3.1667253948185117]],"nseeds":5,"executions":734,"nfe":73900,"gps":[[3.141592653589793]],"lps":[],"fps":[[3.1290262829754347],[3.1541590242041515],[3.1164599123610746],[3.1667253948185117]],"np":1,"gp":1,"pr":0.2,"gpr":1,"fpr":0.8,"reason":"statistic"}