{"avgHealth":0.9989425144048899,"seeds":[[3.141592653589793],[3.1290262829754347],[3.1541590242041515],[3.1667253948185117],[3.1164599123610746],[3.103893541746716],[3.17929176543287]],"nseeds":7,"executions":633,"nfe":63800,"gps":[[3.141592653589793]],"lps":[],"fps":[[3.1290262829754347],[3.1541590242041515],[3.1667253948185117],[3.1164599123610746],[3.103893541746716],[3.17929176543287]],"np":1,"gp":1,"pr":0.14285714285714285,"gpr":1,"fpr":0.8571428571428571,"reason":"statistic"}