{"avgHealth":0.9990883102139765,"seeds":[[3.141592653589793],[3.1541590242041515],[3.1290262829754347],[3.1667253948185117],[3.1164599123610746],[3.17929176543287],[3.103893541746716],[3.216990877275949]],"nseeds":8,"executions":640,"nfe":64500,"gps":[[3.141592653589793]],"lps":[],"fps":[[3.1541590242041515],[3.1290262829754347],[3.1667253948185117],[3.1164599123610746],[3.17929176543287],[3.103893541746716],[3.216990877275949]],"np":1,"gp":1,"pr":0.125,"gpr":1,"fpr":0.875,"reason":"statistic"}