{"avgHealth":0.9992002661185034,"seeds":[[3.141592653589793],[3.1290262829754347],[3.1541590242041515],[3.1164599123610746],[3.1667253948185117],[3.17929176543287],[3.103893541746716],[3.0661944299036374],[3.2546899891190257]],"nseeds":9,"executions":638,"nfe":64300,"gps":[[3.141592653589793]],"lps":[],"fps":[[3.1290262829754347],[3.1541590242041515],[3.1164599123610746],[3.1667253948185117],[3.17929176543287],[3.103893541746716],[3.0661944299036374],[3.2546899891190257]],"np":1,"gp":1,"pr":0.1111111111111111,"gpr":1,"fpr":0.8888888888888888,"reason":"statistic"}