{"avgHealth":-0.0583197987090301,"seeds":[[0,0,0],[0,0,0.0653560000000013],[0.0653560000000013,0,0],[0,-0.0653560000000013,0],[0,0,-0.0653560000000013],[0,0.0653560000000013,0],[0.0653560000000013,-0.0653560000000013,-0.0653560000000013],[0,0,0.1307120000000026]],"nseeds":8,"executions":987,"nfe":99200,"gps":[[0,0,0]],"lps":[],"fps":[[0,0,0.0653560000000013],[0.0653560000000013,0,0],[0,-0.0653560000000013,0],[0,0,-0.0653560000000013],[0,0.0653560000000013,0],[0.0653560000000013,-0.0653560000000013,-0.0653560000000013],[0,0,0.1307120000000026]],"np":1,"gp":1,"pr":0.125,"gpr":1,"fpr":0.875,"reason":"statistic"}