{"avgHealth":-0.07106850745943713,"seeds":[[0,0,0],[0.0653560000000013,0,0],[0,0.0653560000000013,0],[0,-0.0653560000000013,0],[-0.0653560000000013,0,0],[0,0,0.0653560000000013],[0,0,-0.0653560000000013],[0,-0.0653560000000013,0.0653560000000013],[-0.1307120000000026,0,0],[0,0,0.1307120000000026],[0,0.1307120000000026,-0.0653560000000013],[0.0653560000000013,0,-0.1307120000000026],[0,0.914984000000004,0],[0,0,0.914984000000004]],"nseeds":14,"executions":1361,"nfe":136600,"gps":[[0,0,0]],"lps":[],"fps":[[0.0653560000000013,0,0],[0,0.0653560000000013,0],[0,-0.0653560000000013,0],[-0.0653560000000013,0,0],[0,0,0.0653560000000013],[0,0,-0.0653560000000013],[0,-0.0653560000000013,0.0653560000000013],[-0.1307120000000026,0,0],[0,0,0.1307120000000026],[0,0.1307120000000026,-0.0653560000000013],[0.0653560000000013,0,-0.1307120000000026],[0,0.914984000000004,0],[0,0,0.914984000000004]],"np":1,"gp":1,"pr":0.07142857142857142,"gpr":1,"fpr":0.9285714285714286,"reason":"statistic"}