{"avgHealth":-0.04807723606502496,"seeds":[[0,0,0],[0,0.0653560000000013,0],[0,0,-0.0653560000000013],[0,-0.0653560000000013,0],[0,0,0.0653560000000013],[0.0653560000000013,0,0],[-0.0653560000000013,0,0]],"nseeds":7,"executions":1107,"nfe":111200,"gps":[[0,0,0]],"lps":[],"fps":[[0,0.0653560000000013,0],[0,0,-0.0653560000000013],[0,-0.0653560000000013,0],[0,0,0.0653560000000013],[0.0653560000000013,0,0],[-0.0653560000000013,0,0]],"np":1,"gp":1,"pr":0.14285714285714285,"gpr":1,"fpr":0.8571428571428571,"reason":"statistic"}