{"avgHealth":-0.05144831601632442,"seeds":[[0,0,0],[0,-0.0653560000000013,0],[0,0.0653560000000013,0],[0,0,0.0653560000000013],[0.0653560000000013,0,0],[0,0,-0.0653560000000013],[-0.0653560000000013,0,0],[0.0653560000000013,-0.0653560000000013,-0.0653560000000013],[0,0,0.1307120000000026],[0,0,-0.1307120000000026],[-0.1307120000000026,-0.0653560000000013,0],[0.1960679999999968,0,0]],"nseeds":12,"executions":1238,"nfe":124300,"gps":[[0,0,0]],"lps":[],"fps":[[0,-0.0653560000000013,0],[0,0.0653560000000013,0],[0,0,0.0653560000000013],[0.0653560000000013,0,0],[0,0,-0.0653560000000013],[-0.0653560000000013,0,0],[0.0653560000000013,-0.0653560000000013,-0.0653560000000013],[0,0,0.1307120000000026],[0,0,-0.1307120000000026],[-0.1307120000000026,-0.0653560000000013,0],[0.1960679999999968,0,0]],"np":1,"gp":1,"pr":0.08333333333333333,"gpr":1,"fpr":0.9166666666666666,"reason":"statistic"}