{"avgHealth":-0.06916101643181487,"seeds":[[0,0,0],[0,-0.0653560000000013,0],[0,0.0653560000000013,0],[0.0653560000000013,0,0],[-0.0653560000000013,0,0],[0,0,0.0653560000000013],[0,0,-0.0653560000000013],[0,-0.0653560000000013,0.0653560000000013],[0.0653560000000013,0.0653560000000013,0],[0,0,0.1307120000000026],[0,0.1307120000000026,0],[0,-0.1307120000000026,0],[0,0.0653560000000013,0.1307120000000026],[-0.0653560000000013,0.0653560000000013,0.1307120000000026],[0,0,-0.1960679999999968],[-0.1960679999999968,0.1307120000000026,0],[0.914984000000004,0,0]],"nseeds":17,"executions":1046,"nfe":105100,"gps":[[0,0,0]],"lps":[],"fps":[[0,-0.0653560000000013,0],[0,0.0653560000000013,0],[0.0653560000000013,0,0],[-0.0653560000000013,0,0],[0,0,0.0653560000000013],[0,0,-0.0653560000000013],[0,-0.0653560000000013,0.0653560000000013],[0.0653560000000013,0.0653560000000013,0],[0,0,0.1307120000000026],[0,0.1307120000000026,0],[0,-0.1307120000000026,0],[0,0.0653560000000013,0.1307120000000026],[-0.0653560000000013,0.0653560000000013,0.1307120000000026],[0,0,-0.1960679999999968],[-0.1960679999999968,0.1307120000000026,0],[0.914984000000004,0,0]],"np":1,"gp":1,"pr":0.058823529411764705,"gpr":1,"fpr":0.9411764705882353,"reason":"statistic"}