{"avgHealth":-0.05773221407645241,"seeds":[[0,0,0],[0,0.0653560000000013,0],[0,-0.0653560000000013,0],[0.0653560000000013,0,0],[0,0,0.0653560000000013],[-0.0653560000000013,0,0],[-0.0653560000000013,0.0653560000000013,0.0653560000000013],[0,0,0.1307120000000026],[0,0.1960679999999968,0]],"nseeds":9,"executions":1176,"nfe":118100,"gps":[[0,0,0]],"lps":[],"fps":[[0,0.0653560000000013,0],[0,-0.0653560000000013,0],[0.0653560000000013,0,0],[0,0,0.0653560000000013],[-0.0653560000000013,0,0],[-0.0653560000000013,0.0653560000000013,0.0653560000000013],[0,0,0.1307120000000026],[0,0.1960679999999968,0]],"np":1,"gp":1,"pr":0.1111111111111111,"gpr":1,"fpr":0.8888888888888888,"reason":"statistic"}