{"avgHealth":-0.03235103735216634,"seeds":[[0,0,0],[0,0,0.0653560000000013],[0,0.0653560000000013,0],[0,-0.0653560000000013,0],[-0.0653560000000013,0,0],[0.0653560000000013,0,0],[0,0,-0.0653560000000013]],"nseeds":7,"executions":1436,"nfe":144100,"gps":[[0,0,0]],"lps":[],"fps":[[0,0,0.0653560000000013],[0,0.0653560000000013,0],[0,-0.0653560000000013,0],[-0.0653560000000013,0,0],[0.0653560000000013,0,0],[0,0,-0.0653560000000013]],"np":1,"gp":1,"pr":0.14285714285714285,"gpr":1,"fpr":0.8571428571428571,"reason":"statistic"}