{"avgHealth":-0.03774287691086072,"seeds":[[0,0,0],[0,0,-0.0653560000000013],[0.0653560000000013,0,0],[0,0.0653560000000013,0],[0,-0.0653560000000013,0],[-0.0653560000000013,0,0]],"nseeds":6,"executions":1487,"nfe":149200,"gps":[[0,0,0]],"lps":[],"fps":[[0,0,-0.0653560000000013],[0.0653560000000013,0,0],[0,0.0653560000000013,0],[0,-0.0653560000000013,0],[-0.0653560000000013,0,0]],"np":1,"gp":1,"pr":0.16666666666666666,"gpr":1,"fpr":0.8333333333333334,"reason":"statistic"}