{"avgHealth":-0.053680837421069834,"seeds":[[0,0,0],[0,0,0.0653560000000013],[0,-0.0653560000000013,0],[-0.0653560000000013,0,0],[0,0.0653560000000013,0],[0.0653560000000013,0,0],[0,0,-0.0653560000000013],[-0.1307120000000026,0,0],[0,0.3267799999999994,0],[0,0,0.914984000000004]],"nseeds":10,"executions":1245,"nfe":125000,"gps":[[0,0,0]],"lps":[],"fps":[[0,0,0.0653560000000013],[0,-0.0653560000000013,0],[-0.0653560000000013,0,0],[0,0.0653560000000013,0],[0.0653560000000013,0,0],[0,0,-0.0653560000000013],[-0.1307120000000026,0,0],[0,0.3267799999999994,0],[0,0,0.914984000000004]],"np":1,"gp":1,"pr":0.1,"gpr":1,"fpr":0.9,"reason":"statistic"}