{"avgHealth":-0.07081166610252347,"seeds":[[0,0,0],[0,-0.0653560000000013,0],[0,0,-0.0653560000000013],[0,0,0.0653560000000013],[0,0.0653560000000013,0],[-0.0653560000000013,0,0],[0.0653560000000013,0,0],[0,-0.0653560000000013,-0.0653560000000013]],"nseeds":8,"executions":885,"nfe":89000,"gps":[[0,0,0]],"lps":[],"fps":[[0,-0.0653560000000013,0],[0,0,-0.0653560000000013],[0,0,0.0653560000000013],[0,0.0653560000000013,0],[-0.0653560000000013,0,0],[0.0653560000000013,0,0],[0,-0.0653560000000013,-0.0653560000000013]],"np":1,"gp":1,"pr":0.125,"gpr":1,"fpr":0.875,"reason":"statistic"}