{"avgHealth":1.0591707036297806,"seeds":[[0,0],[-0.012,0],[0.012,-0.006],[0.024,0],[-0.024,0],[-0.012,-0.048],[-0.012,-0.06],[-0.084,0],[-0.096,-0.006],[-0.096,-0.03],[0.138,0],[0.156,-0.006],[0.156,-0.03],[-0.34800000000000003,0],[-0.34800000000000003,0.012],[-0.34800000000000003,-0.03],[0.042,0.9119999999999999],[-2.31,2.676],[2.118,2.778],[-2.2199999999999998,2.484],[0.012,-1.932],[2.334,2.31],[0.45599999999999996,1.494],[2.286,2.16],[-2.346,-1.9260000000000002],[2.472,1.758],[-2.16,-1.8900000000000001],[-2.436,-1.356],[1.9020000000000001,-2.3520000000000003],[2.4000000000000004,0.972],[2.1719999999999997,-1.524],[2.532,-0.43799999999999994],[2.3040000000000003,-1.056],[2.532,0.006],[2.472,0.138],[2.706,0.81],[-1.9740000000000002,1.854],[2.334,-0.036000000000000004],[-2.316,-0.126],[-2.292,-0.396],[0.522,2.322],[1.476,2.7720000000000002],[0.738,1.7639999999999998],[1.572,2.4659999999999997],[0.05399999999999999,2.688],[-1.6919999999999997,2.166],[2.142,-0.732],[-0.44999999999999996,-2.55],[-2.166,-0.084],[-1.6919999999999997,2.0460000000000003],[-0.786,2.04],[2.136,0.012],[-2.1239999999999997,-0.012],[-2.9219999999999997,0.078],[-2.094,-0.06],[1.218,-2.82],[0.8639999999999999,2.0759999999999996],[1.428,2.31],[-1.59,-1.98],[-0.9119999999999999,1.9980000000000002],[-1.578,1.9980000000000002],[0.936,1.794],[1.3920000000000001,2.322],[0.936,1.968],[-0.042,2.9459999999999997],[0.8759999999999999,2.502],[1.104,2.706],[0.798,2.724],[0.8519999999999999,2.7],[-1.0619999999999998,2.4899999999999993],[1.014,2.226],[1.014,0.5940000000000001],[-1.47,-1.9500000000000002],[1.47,-1.944],[-1.026,0.8340000000000001],[-0.522,2.988],[1.44,-1.9260000000000002],[1.4040000000000001,-1.9500000000000002],[0.5820000000000001,3.006],[1.506,1.77],[1.572,-1.6500000000000001],[0.66,3.0300000000000002],[1.344,-1.9380000000000002],[1.452,-1.782],[-1.746,-1.1520000000000001],[1.494,-1.62],[-1.8359999999999999,-0.486],[1.536,1.476],[1.554,1.3920000000000001],[-1.794,0.648],[1.41,-1.536],[1.224,0.9299999999999999],[1.194,0.33],[1.602,0.8400000000000001],[-1.314,0.9299999999999999],[1.44,0.972],[1.5,-0.792],[1.416,-0.8220000000000001],[1.3800000000000003,-0.744],[-1.29,-0.21599999999999997],[-1.302,0.006],[-1.314,-0.006],[1.422,0.564],[-1.32,0.006],[-1.326,-0.156],[1.4040000000000001,0.504],[1.572,-0.156],[1.578,-0.012],[-1.338,0.066],[-1.344,-0.132],[-1.344,0],[-1.368,-0.246],[1.548,-0.132],[1.554,0],[1.44,-0.396],[-1.368,-0.156],[1.542,-0.048],[1.542,-0.006],[1.536,0.006],[1.518,-0.186],[-1.53,-0.09],[-1.3800000000000003,-0.03],[1.512,-0.15000000000000002],[1.512,-0.126],[1.488,0.21599999999999997],[1.506,-0.138],[1.4040000000000001,0.162],[1.512,-0.066],[1.512,0],[1.494,-0.156],[1.4040000000000001,-0.09],[1.5,-0.084],[-1.41,-0.12],[1.482,-0.14400000000000002],[1.494,0],[1.482,0.006],[1.482,-0.006],[1.476,0.066],[1.428,-0.06],[1.47,-0.042],[1.44,-0.06],[1.458,-0.066],[1.44,-0.03],[1.44,0.006],[1.44,-0.006],[1.458,-0.042],[1.452,-0.03],[1.458,-0.006],[1.458,0.006]],"nseeds":149,"executions":554,"nfe":55900,"gps":[[0,0]],"lps":[],"fps":[[-0.012,0],[0.012,-0.006],[0.024,0],[-0.024,0],[-0.012,-0.048],[-0.012,-0.06],[-0.084,0],[-0.096,-0.006],[-0.096,-0.03],[0.138,0],[0.156,-0.006],[0.156,-0.03],[-0.34800000000000003,0],[-0.34800000000000003,0.012],[-0.34800000000000003,-0.03],[0.042,0.9119999999999999],[-2.31,2.676],[2.118,2.778],[-2.2199999999999998,2.484],[0.012,-1.932],[2.334,2.31],[0.45599999999999996,1.494],[2.286,2.16],[-2.346,-1.9260000000000002],[2.472,1.758],[-2.16,-1.8900000000000001],[-2.436,-1.356],[1.9020000000000001,-2.3520000000000003],[2.4000000000000004,0.972],[2.1719999999999997,-1.524],[2.532,-0.43799999999999994],[2.3040000000000003,-1.056],[2.532,0.006],[2.472,0.138],[2.706,0.81],[-1.9740000000000002,1.854],[2.334,-0.036000000000000004],[-2.316,-0.126],[-2.292,-0.396],[0.522,2.322],[1.476,2.7720000000000002],[0.738,1.7639999999999998],[1.572,2.4659999999999997],[0.05399999999999999,2.688],[-1.6919999999999997,2.166],[2.142,-0.732],[-0.44999999999999996,-2.55],[-2.166,-0.084],[-1.6919999999999997,2.0460000000000003],[-0.786,2.04],[2.136,0.012],[-2.1239999999999997,-0.012],[-2.9219999999999997,0.078],[-2.094,-0.06],[1.218,-2.82],[0.8639999999999999,2.0759999999999996],[1.428,2.31],[-1.59,-1.98],[-0.9119999999999999,1.9980000000000002],[-1.578,1.9980000000000002],[0.936,1.794],[1.3920000000000001,2.322],[0.936,1.968],[-0.042,2.9459999999999997],[0.8759999999999999,2.502],[1.104,2.706],[0.798,2.724],[0.8519999999999999,2.7],[-1.0619999999999998,2.4899999999999993],[1.014,2.226],[1.014,0.5940000000000001],[-1.47,-1.9500000000000002],[1.47,-1.944],[-1.026,0.8340000000000001],[-0.522,2.988],[1.44,-1.9260000000000002],[1.4040000000000001,-1.9500000000000002],[0.5820000000000001,3.006],[1.506,1.77],[1.572,-1.6500000000000001],[0.66,3.0300000000000002],[1.344,-1.9380000000000002],[1.452,-1.782],[-1.746,-1.1520000000000001],[1.494,-1.62],[-1.8359999999999999,-0.486],[1.536,1.476],[1.554,1.3920000000000001],[-1.794,0.648],[1.41,-1.536],[1.224,0.9299999999999999],[1.194,0.33],[1.602,0.8400000000000001],[-1.314,0.9299999999999999],[1.44,0.972],[1.5,-0.792],[1.416,-0.8220000000000001],[1.3800000000000003,-0.744],[-1.29,-0.21599999999999997],[-1.302,0.006],[-1.314,-0.006],[1.422,0.564],[-1.32,0.006],[-1.326,-0.156],[1.4040000000000001,0.504],[1.572,-0.156],[1.578,-0.012],[-1.338,0.066],[-1.344,-0.132],[-1.344,0],[-1.368,-0.246],[1.548,-0.132],[1.554,0],[1.44,-0.396],[-1.368,-0.156],[1.542,-0.048],[1.542,-0.006],[1.536,0.006],[1.518,-0.186],[-1.53,-0.09],[-1.3800000000000003,-0.03],[1.512,-0.15000000000000002],[1.512,-0.126],[1.488,0.21599999999999997],[1.506,-0.138],[1.4040000000000001,0.162],[1.512,-0.066],[1.512,0],[1.494,-0.156],[1.4040000000000001,-0.09],[1.5,-0.084],[-1.41,-0.12],[1.482,-0.14400000000000002],[1.494,0],[1.482,0.006],[1.482,-0.006],[1.476,0.066],[1.428,-0.06],[1.47,-0.042],[1.44,-0.06],[1.458,-0.066],[1.44,-0.03],[1.44,0.006],[1.44,-0.006],[1.458,-0.042],[1.452,-0.03],[1.458,-0.006],[1.458,0.006]],"np":1,"gp":1,"pr":0.006711409395973154,"gpr":1,"lp":0,"lpr":0,"fpr":0.9932885906040269,"reason":"statistic"}