{"avgHealth":1.0903139636005108,"seeds":[[0,0],[0,-0.012],[0,0.012],[0.012,0],[0.012,-0.012],[0.006,-0.024],[0.024,0],[0.024,-0.018000000000000002],[-0.05399999999999999,0],[0.06,0],[-0.084,0],[0.084,0.012],[-0.084,-0.024],[-0.096,0],[-0.096,-0.018000000000000002],[0.11399999999999999,0],[0.11399999999999999,-0.012],[0.132,0],[0.132,-0.018000000000000002],[0.138,0.012],[0.21599999999999997,0],[0.22199999999999998,-0.018000000000000002],[-2.382,3.096],[-2.382,3.0780000000000003],[-2.382,3.018],[2.412,3.048],[-2.406,-2.256],[2.358,-1.854],[2.412,-1.782],[0.03,2.19],[-0.10799999999999998,2.2199999999999998],[0.558,-1.7639999999999998],[2.526,-1.2000000000000002],[2.46,1.17],[0.27,2.3280000000000003],[-2.016,1.878],[2.46,0.618],[0,-2.46],[2.406,0.252],[-2.412,0.05399999999999999],[2.412,-0.006],[-2.388,-0.372],[2.4000000000000004,-0.024],[-0.024,2.544],[-1.434,3],[2.31,0.138],[-0.63,2.04],[0.666,-1.992],[-2.268,-0.07200000000000001],[-2.238,0.504],[1.374,2.952],[2.0100000000000002,1.338],[1.32,3.024],[-2.178,-0.486],[-2.166,0.552],[-0.738,-2.016],[1.494,2.532],[2.1719999999999997,0.126],[1.6500000000000001,-2.13],[1.584,-2.25],[-2.13,-0.12],[1.2000000000000002,3.108],[1.26,2.8979999999999997],[1.2000000000000002,3.066],[-2.0999999999999996,-0.126],[-0.078,2.856],[1.182,3.012],[0.612,-2.61],[-2.052,-0.5700000000000001],[-1.554,-2.142],[-1.56,2.1239999999999997],[1.29,-2.544],[1.452,2.244],[-1.428,2.256],[-2.016,-0.28800000000000003],[1.008,-2.868],[0.8759999999999999,-2.742],[0.984,3.0780000000000003],[0.66,2.8739999999999997],[-0.8699999999999999,2.838],[-1.9140000000000001,-0.756],[1.3800000000000003,-2.082],[0.6900000000000002,2.8979999999999997],[-1.6560000000000001,1.602],[-1.446,-1.944],[-1.872,0.798],[1.482,-1.782],[1.452,-1.8119999999999998],[-1.8119999999999998,-0.8819999999999999],[0.6900000000000002,3.138],[1.1400000000000001,-1.494],[1.158,-1.218],[-1.734,-0.9179999999999999],[-1.8359999999999999,-0.048],[3.096,0.6000000000000001],[-1.8239999999999998,0.018000000000000002],[-1.8119999999999998,-0.126],[-1.8119999999999998,0.042],[-1.7879999999999998,-0.042],[-1.782,-0.126],[-1.224,-0.9179999999999999],[1.482,1.17],[-1.7279999999999998,-0.006],[-1.224,0.48],[1.4040000000000001,1.056],[-1.71,0.078],[1.338,-0.936],[-1.35,-0.9239999999999999],[-1.338,-0.8819999999999999],[-1.254,0.46199999999999997],[1.464,0.8939999999999999],[-1.452,-0.8819999999999999],[-1.266,0.126],[1.554,0.564],[-1.302,-0.006],[-1.314,0],[1.596,0],[-1.446,0.552],[-1.368,-0.44399999999999995],[-1.326,0.024],[1.572,-0.156],[1.572,-0.018000000000000002],[-1.338,0],[1.566,-0.006],[-1.344,0.05399999999999999],[1.3980000000000001,-0.372],[-1.458,-0.396],[1.548,0.006],[-1.362,0.006],[-1.452,-0.366],[1.542,-0.018000000000000002],[1.536,-0.006],[1.53,-0.018000000000000002],[1.4040000000000001,0.084],[1.494,-0.126],[1.482,-0.03],[1.482,-0.006],[1.482,0.006],[1.476,-0.018000000000000002],[1.44,-0.018000000000000002],[1.44,0],[1.446,0.012],[1.452,-0.024],[1.458,-0.006]],"nseeds":144,"executions":664,"nfe":66900,"gps":[[0,0]],"lps":[],"fps":[[0,-0.012],[0,0.012],[0.012,0],[0.012,-0.012],[0.006,-0.024],[0.024,0],[0.024,-0.018000000000000002],[-0.05399999999999999,0],[0.06,0],[-0.084,0],[0.084,0.012],[-0.084,-0.024],[-0.096,0],[-0.096,-0.018000000000000002],[0.11399999999999999,0],[0.11399999999999999,-0.012],[0.132,0],[0.132,-0.018000000000000002],[0.138,0.012],[0.21599999999999997,0],[0.22199999999999998,-0.018000000000000002],[-2.382,3.096],[-2.382,3.0780000000000003],[-2.382,3.018],[2.412,3.048],[-2.406,-2.256],[2.358,-1.854],[2.412,-1.782],[0.03,2.19],[-0.10799999999999998,2.2199999999999998],[0.558,-1.7639999999999998],[2.526,-1.2000000000000002],[2.46,1.17],[0.27,2.3280000000000003],[-2.016,1.878],[2.46,0.618],[0,-2.46],[2.406,0.252],[-2.412,0.05399999999999999],[2.412,-0.006],[-2.388,-0.372],[2.4000000000000004,-0.024],[-0.024,2.544],[-1.434,3],[2.31,0.138],[-0.63,2.04],[0.666,-1.992],[-2.268,-0.07200000000000001],[-2.238,0.504],[1.374,2.952],[2.0100000000000002,1.338],[1.32,3.024],[-2.178,-0.486],[-2.166,0.552],[-0.738,-2.016],[1.494,2.532],[2.1719999999999997,0.126],[1.6500000000000001,-2.13],[1.584,-2.25],[-2.13,-0.12],[1.2000000000000002,3.108],[1.26,2.8979999999999997],[1.2000000000000002,3.066],[-2.0999999999999996,-0.126],[-0.078,2.856],[1.182,3.012],[0.612,-2.61],[-2.052,-0.5700000000000001],[-1.554,-2.142],[-1.56,2.1239999999999997],[1.29,-2.544],[1.452,2.244],[-1.428,2.256],[-2.016,-0.28800000000000003],[1.008,-2.868],[0.8759999999999999,-2.742],[0.984,3.0780000000000003],[0.66,2.8739999999999997],[-0.8699999999999999,2.838],[-1.9140000000000001,-0.756],[1.3800000000000003,-2.082],[0.6900000000000002,2.8979999999999997],[-1.6560000000000001,1.602],[-1.446,-1.944],[-1.872,0.798],[1.482,-1.782],[1.452,-1.8119999999999998],[-1.8119999999999998,-0.8819999999999999],[0.6900000000000002,3.138],[1.1400000000000001,-1.494],[1.158,-1.218],[-1.734,-0.9179999999999999],[-1.8359999999999999,-0.048],[3.096,0.6000000000000001],[-1.8239999999999998,0.018000000000000002],[-1.8119999999999998,-0.126],[-1.8119999999999998,0.042],[-1.7879999999999998,-0.042],[-1.782,-0.126],[-1.224,-0.9179999999999999],[1.482,1.17],[-1.7279999999999998,-0.006],[-1.224,0.48],[1.4040000000000001,1.056],[-1.71,0.078],[1.338,-0.936],[-1.35,-0.9239999999999999],[-1.338,-0.8819999999999999],[-1.254,0.46199999999999997],[1.464,0.8939999999999999],[-1.452,-0.8819999999999999],[-1.266,0.126],[1.554,0.564],[-1.302,-0.006],[-1.314,0],[1.596,0],[-1.446,0.552],[-1.368,-0.44399999999999995],[-1.326,0.024],[1.572,-0.156],[1.572,-0.018000000000000002],[-1.338,0],[1.566,-0.006],[-1.344,0.05399999999999999],[1.3980000000000001,-0.372],[-1.458,-0.396],[1.548,0.006],[-1.362,0.006],[-1.452,-0.366],[1.542,-0.018000000000000002],[1.536,-0.006],[1.53,-0.018000000000000002],[1.4040000000000001,0.084],[1.494,-0.126],[1.482,-0.03],[1.482,-0.006],[1.482,0.006],[1.476,-0.018000000000000002],[1.44,-0.018000000000000002],[1.44,0],[1.446,0.012],[1.452,-0.024],[1.458,-0.006]],"np":1,"gp":1,"pr":0.006944444444444444,"gpr":1,"lp":0,"lpr":0,"fpr":0.9930555555555556,"reason":"statistic"}