{"avgHealth":1.058504165046905,"seeds":[[0,0],[-0.012,0],[-0.024,0],[0.048,0],[0.048,-0.012],[0.084,0],[0.084,-0.018000000000000002],[-0.324,0],[-0.342,0],[-0.168,-1.134],[-0.42599999999999993,-1.128],[-0.024,1.7279999999999998],[-0.42599999999999993,-1.368],[2.4659999999999997,1.7279999999999998],[2.4419999999999997,-1.53],[-2.412,-1.506],[-1.8239999999999998,2.58],[-0.6060000000000001,1.6320000000000001],[2.538,-1.128],[2.4419999999999997,0.936],[2.184,1.548],[2.13,1.602],[2.538,0.036000000000000004],[-2.472,-0.132],[-2.472,0.042],[-2.472,0.018000000000000002],[2.46,-0.078],[-2.4539999999999997,0.10799999999999998],[2.4419999999999997,-0.006],[-2.43,0.198],[0.06,-2.568],[0.05399999999999999,2.58],[2.004,-1.566],[0.168,-2.598],[2.256,-0.264],[-0.768,-1.6560000000000001],[-0.5820000000000001,2.268],[2.202,0.45599999999999996],[-0.006,2.694],[-1.458,-2.604],[-1.4040000000000001,2.706],[-0.48,2.568],[2.904,1.512],[-1.458,-2.55],[-2.9219999999999997,2.13],[2.154,0.018000000000000002],[2.106,0.5760000000000001],[-1.458,-2.46],[2.118,-0.282],[-0.44399999999999995,2.706],[2.106,0.132],[-1.338,2.628],[-1.23,-2.8259999999999996],[-2.0220000000000002,-0.78],[2.082,-0.10200000000000001],[-1.6800000000000002,1.83],[0.9299999999999999,1.584],[0.048,-2.904],[-1.41,2.34],[0.966,-0.774],[0.8819999999999999,2.316],[-0.972,-1.02],[1.104,2.778],[-0.8160000000000001,-2.598],[0.48,-2.8739999999999997],[-0.9179999999999999,2.4899999999999993],[-1.02,2.718],[-0.966,2.652],[-0.48,2.934],[-0.954,3.096],[1.968,-0.234],[1.6440000000000001,-1.512],[-1.464,-1.818],[-0.714,3.072],[-1.0499999999999998,-0.03],[1.9020000000000001,-0.43799999999999994],[-1.0739999999999998,-0.282],[-1.0739999999999998,0.012],[-1.308,-1.758],[-1.08,-0.024],[1.8239999999999998,0.666],[-1.464,-1.602],[3.0780000000000003,0.006],[-1.374,1.608],[-1.458,-1.53],[-1.272,-1.542],[-1.272,1.53],[3.108,0.012],[1.7879999999999998,-0.096],[-1.1640000000000001,-0.012],[-1.224,0.8879999999999999],[3.1260000000000003,-1.134],[-1.44,-1.116],[-1.326,0.984],[-1.224,0.39],[-1.362,0.96],[-1.428,0.978],[-1.242,0.05399999999999999],[1.6440000000000001,0.39],[-1.266,-0.318],[-1.26,0.156],[-1.26,0.14400000000000002],[-1.26,0.11399999999999999],[-1.3800000000000003,-0.792],[-1.26,-0.006],[-1.266,0.126],[1.6500000000000001,0.012],[-1.272,-0.162],[-1.284,-0.018000000000000002],[1.596,-0.006],[-1.35,0.078],[-1.362,0.168],[-1.3800000000000003,-0.276],[-1.3800000000000003,-0.24],[-1.3920000000000001,-0.27],[-1.4040000000000001,0.29400000000000004],[-1.434,-0.342],[-1.3860000000000001,-0.21599999999999997],[-1.3800000000000003,-0.006],[-1.3920000000000001,-0.132],[-1.41,-0.21000000000000002],[-1.3920000000000001,0.024],[-1.3980000000000001,-0.006],[-1.3980000000000001,0.006],[-1.41,-0.06],[-1.41,-0.006],[-1.446,-0.156],[-1.458,-0.14400000000000002],[-1.446,-0.132],[-1.464,-0.018000000000000002],[-1.44,0.006],[-1.44,-0.006],[-1.452,0.036000000000000004],[-1.458,0.006],[-1.452,-0.018000000000000002],[-1.452,-0.006]],"nseeds":136,"executions":532,"nfe":53700,"gps":[[0,0]],"lps":[],"fps":[[-0.012,0],[-0.024,0],[0.048,0],[0.048,-0.012],[0.084,0],[0.084,-0.018000000000000002],[-0.324,0],[-0.342,0],[-0.168,-1.134],[-0.42599999999999993,-1.128],[-0.024,1.7279999999999998],[-0.42599999999999993,-1.368],[2.4659999999999997,1.7279999999999998],[2.4419999999999997,-1.53],[-2.412,-1.506],[-1.8239999999999998,2.58],[-0.6060000000000001,1.6320000000000001],[2.538,-1.128],[2.4419999999999997,0.936],[2.184,1.548],[2.13,1.602],[2.538,0.036000000000000004],[-2.472,-0.132],[-2.472,0.042],[-2.472,0.018000000000000002],[2.46,-0.078],[-2.4539999999999997,0.10799999999999998],[2.4419999999999997,-0.006],[-2.43,0.198],[0.06,-2.568],[0.05399999999999999,2.58],[2.004,-1.566],[0.168,-2.598],[2.256,-0.264],[-0.768,-1.6560000000000001],[-0.5820000000000001,2.268],[2.202,0.45599999999999996],[-0.006,2.694],[-1.458,-2.604],[-1.4040000000000001,2.706],[-0.48,2.568],[2.904,1.512],[-1.458,-2.55],[-2.9219999999999997,2.13],[2.154,0.018000000000000002],[2.106,0.5760000000000001],[-1.458,-2.46],[2.118,-0.282],[-0.44399999999999995,2.706],[2.106,0.132],[-1.338,2.628],[-1.23,-2.8259999999999996],[-2.0220000000000002,-0.78],[2.082,-0.10200000000000001],[-1.6800000000000002,1.83],[0.9299999999999999,1.584],[0.048,-2.904],[-1.41,2.34],[0.966,-0.774],[0.8819999999999999,2.316],[-0.972,-1.02],[1.104,2.778],[-0.8160000000000001,-2.598],[0.48,-2.8739999999999997],[-0.9179999999999999,2.4899999999999993],[-1.02,2.718],[-0.966,2.652],[-0.48,2.934],[-0.954,3.096],[1.968,-0.234],[1.6440000000000001,-1.512],[-1.464,-1.818],[-0.714,3.072],[-1.0499999999999998,-0.03],[1.9020000000000001,-0.43799999999999994],[-1.0739999999999998,-0.282],[-1.0739999999999998,0.012],[-1.308,-1.758],[-1.08,-0.024],[1.8239999999999998,0.666],[-1.464,-1.602],[3.0780000000000003,0.006],[-1.374,1.608],[-1.458,-1.53],[-1.272,-1.542],[-1.272,1.53],[3.108,0.012],[1.7879999999999998,-0.096],[-1.1640000000000001,-0.012],[-1.224,0.8879999999999999],[3.1260000000000003,-1.134],[-1.44,-1.116],[-1.326,0.984],[-1.224,0.39],[-1.362,0.96],[-1.428,0.978],[-1.242,0.05399999999999999],[1.6440000000000001,0.39],[-1.266,-0.318],[-1.26,0.156],[-1.26,0.14400000000000002],[-1.26,0.11399999999999999],[-1.3800000000000003,-0.792],[-1.26,-0.006],[-1.266,0.126],[1.6500000000000001,0.012],[-1.272,-0.162],[-1.284,-0.018000000000000002],[1.596,-0.006],[-1.35,0.078],[-1.362,0.168],[-1.3800000000000003,-0.276],[-1.3800000000000003,-0.24],[-1.3920000000000001,-0.27],[-1.4040000000000001,0.29400000000000004],[-1.434,-0.342],[-1.3860000000000001,-0.21599999999999997],[-1.3800000000000003,-0.006],[-1.3920000000000001,-0.132],[-1.41,-0.21000000000000002],[-1.3920000000000001,0.024],[-1.3980000000000001,-0.006],[-1.3980000000000001,0.006],[-1.41,-0.06],[-1.41,-0.006],[-1.446,-0.156],[-1.458,-0.14400000000000002],[-1.446,-0.132],[-1.464,-0.018000000000000002],[-1.44,0.006],[-1.44,-0.006],[-1.452,0.036000000000000004],[-1.458,0.006],[-1.452,-0.018000000000000002],[-1.452,-0.006]],"np":1,"gp":1,"pr":0.007352941176470588,"gpr":1,"lp":0,"lpr":0,"fpr":0.9926470588235294,"reason":"statistic"}