{"avgHealth":0.8951326289651619,"seeds":[[3.141592653589793,3.141592653589793,3.141592653589793],[3.141592653589793,3.141592653589793,3.1290262829754347],[3.141592653589793,3.141592653589793,3.1541590242041515],[3.1541590242041515,3.141592653589793,3.141592653589793],[3.141592653589793,3.1290262829754347,3.1541590242041515],[3.141592653589793,3.1290262829754347,3.1290262829754347],[3.141592653589793,3.141592653589793,3.1667253948185117],[3.141592653589793,3.141592653589793,3.1164599123610746],[3.141592653589793,3.1541590242041515,3.1667253948185117],[3.1164599123610746,3.141592653589793,3.1290262829754347],[3.1164599123610746,3.141592653589793,3.1541590242041515],[3.1541590242041515,3.141592653589793,3.1164599123610746],[3.1164599123610746,3.1541590242041515,3.1290262829754347],[3.1541590242041515,3.1541590242041515,3.1667253948185117],[3.1164599123610746,3.1541590242041515,3.1541590242041515],[3.1164599123610746,3.1541590242041515,3.1164599123610746],[3.1164599123610746,3.1541590242041515,3.1667253948185117],[3.1164599123610746,3.141592653589793,3.103893541746716],[3.1164599123610746,3.1541590242041515,3.17929176543287],[3.1164599123610746,3.1541590242041515,3.103893541746716],[3.141592653589793,3.091327171132356,3.141592653589793],[3.141592653589793,3.091327171132356,3.1290262829754347],[3.141592653589793,3.091327171132356,3.1541590242041515],[3.0787608005179976,3.141592653589793,3.141592653589793],[3.0787608005179976,3.1290262829754347,3.141592653589793],[3.0787608005179976,3.141592653589793,3.1541590242041515],[3.0787608005179976,3.1290262829754347,3.1541590242041515],[3.1164599123610746,3.141592653589793,3.2044245066615886],[3.1164599123610746,3.1290262829754347,3.2044245066615886],[3.0787608005179976,3.1290262829754347,3.1164599123610746],[3.0787608005179976,3.141592653589793,3.2421236185046673],[3.0661944299036374,3.1290262829754347,3.041061688674919],[3.0661944299036374,3.2923891009621027,3.1290262829754347],[3.3175218421908212,3.141592653589793,3.141592653589793],[3.3175218421908212,3.1541590242041515,3.1667253948185117],[3.3175218421908212,3.141592653589793,3.216990877275949],[3.3175218421908212,3.0661944299036374,3.1918581360472302],[2.664070570244144,3.430619177720054,2.6766369408585025],[3.3175218421908212,2.4127431579569603,3.216990877275949],[3.1164599123610746,3.1541590242041515,2.2116812281272153],[1.7341591447815663,3.091327171132356,3.2798227303477443],[2.664070570244144,3.4054864364913353,4.54902616239802],[4.0589377084380125,3.4054864364913353,4.54902616239802],[3.1164599123610746,4.146902302738527,1.67132729170977],[4.39822971502571,2.714336052701581,4.5741589036267385],[1.0178760197630927,1.244070690821558,3.141592653589793],[1.0178760197630927,1.2315043202071987,3.0787608005179976],[1.0178760197630927,1.244070690821558,3.2798227303477443],[1.0178760197630927,1.2189379495928394,3.2798227303477443],[1.0178760197630927,1.244070690821558,2.6766369408585025],[3.091327171132356,1.244070690821558,5.7553977413765],[3.1541590242041515,5.076813728201106,5.7553977413765],[3.3552209540339,5.076813728201106,5.7553977413765],[2.626371458401067,1.244070690821558,5.7553977413765],[2.488141381643116,1.244070690821558,5.7553977413765],[3.0787608005179976,1.4451326206513047,0.06283185307179551],[1.3823007675795091,-0.07539822368615479,3.1164599123610746],[3.0787608005179976,4.825486315913922,-0.21362830044410597],[5.277875658030853,5.32814114048829,4.687256239155971],[3.2546899891190257,4.863185427756999,-0.41469023027385266],[2.450442269800037,4.863185427756999,-0.41469023027385266],[1.3823007675795091,-0.6785840131753949,3.1290262829754347],[1.3823007675795091,-0.728849495632832,3.1290262829754347],[1.3823007675795091,-0.728849495632832,3.2044245066615886],[1.3823007675795091,-0.7414158662471912,3.1164599123610746],[-0.7665486074759098,4.863185427756999,3.041061688674919],[-0.7665486074759098,4.838052686528281,3.1164599123610746],[-0.7665486074759098,4.838052686528281,3.2421236185046673],[-0.7665486074759098,4.863185427756999,3.6065483663210838],[3.141592653589793,0.9927432785343742,-0.8670795723907831],[-0.2638937829015431,-0.07539822368615479,3.1541590242041515],[3.1164599123610746,0.9927432785343742,-0.9047786842338601],[2.5509732347149114,-0.7037167544041134,-0.050265482457437116],[3.141592653589793,-0.7037167544041134,-0.8670795723907831]],"nseeds":74,"executions":571,"nfe":57600,"gps":[],"lps":[],