{"avgHealth":0.8864032686741625,"seeds":[[3.053628059289279,3.1667253948185117,3.141592653589793],[3.053628059289279,3.1667253948185117,3.1541590242041515],[3.053628059289279,3.17929176543287,3.1541590242041515],[3.053628059289279,3.17929176543287,3.1164599123610746],[3.1918581360472302,3.229557247890307,3.141592653589793],[3.1918581360472302,3.229557247890307,3.1541590242041515],[3.1918581360472302,3.229557247890307,3.1164599123610746],[3.053628059289279,3.1667253948185117,3.216990877275949],[3.053628059289279,3.17929176543287,3.216990877275949],[3.053628059289279,3.1667253948185117,3.053628059289279],[3.053628059289279,3.1667253948185117,3.2923891009621027],[3.1667253948185117,2.9405307237600464,3.141592653589793],[3.1667253948185117,2.9405307237600464,3.1541590242041515],[3.103893541746716,2.9405307237600464,3.1667253948185117],[3.1918581360472302,2.9405307237600464,3.141592653589793],[3.1918581360472302,2.9405307237600464,3.1541590242041515],[3.1918581360472302,2.9405307237600464,3.1164599123610746],[3.1918581360472302,2.9405307237600464,3.2044245066615886],[3.2044245066615886,2.9405307237600464,3.015928947446202],[3.103893541746716,2.9405307237600464,2.9279643531456863],[3.531150142634928,2.9405307237600464,2.6892033114728626],[3.3300882128051814,3.4683182895631326,4.033804967209294],[3.581415625092365,3.4683182895631326,4.046371337823652],[2.8148670176164536,2.274513081199011,2.538406864100553],[4.285132379496478,2.9405307237600464,2.57610597594363],[4.285132379496478,3.782477554922112,2.701769682087221],[3.053628059289279,1.6210618092523337,3.6065483663210838],[1.7969909978533618,1.633628179866692,2.915397982531328],[1.7969909978533618,1.633628179866692,2.538406864100553],[3.053628059289279,1.3069025438933535,5.00141550451495],[3.041061688674919,5.00141550451495,4.863185427756999],[3.053628059289279,5.00141550451495,4.850619057142641],[3.17929176543287,5.00141550451495,4.838052686528281],[3.053628059289279,5.00141550451495,4.838052686528281],[2.9782298356031234,5.00141550451495,4.838052686528281],[3.531150142634928,5.00141550451495,4.838052686528281],[0.7665486074759098,5.00141550451495,2.9405307237600464],[0.7665486074759098,4.988849133900592,2.9279643531456863],[0.7665486074759098,5.00141550451495,2.7394687939302997],[0.7665486074759098,5.00141550451495,3.8076102961508305],[2.274513081199011,5.403539364174446,5.31557476987393],[0.5152211951887269,5.4789375878605995,2.9405307237600464],[0.7665486074759098,5.00141550451495,4.373096973796992],[4.285132379496478,5.969026041820607,4.951150022057513],[4.285132379496478,5.969026041820607,4.825486315913922],[4.285132379496478,5.969026041820607,4.787787204070845],[3.0284953180605605,-0.30159289474462003,5.717698629533423],[3.053628059289279,1.0430087609918113,-1.0932742434492484],[3.2044245066615886,1.0430087609918113,-1.2692034320502765],[3.015928947446202,1.0430087609918113,-1.2692034320502765],[1.8095573684677202,1.0430087609918113,-1.2692034320502765],[1.6964600329384885,1.0430087609918113,-1.2692034320502765],[-3.380353695262617,2.9405307237600464,3.229557247890307],[0.10053096491487334,-3.078760800517997,5.818229594448296],[5.064247357586746,-4.812919945299563,3.141592653589793],[-4.737521721613408,1.030442390377452,3.091327171132356],[5.93132692997753,-1.3571680263507906,-3.292389100962103],[3.1164599123610746,-5.127079210658542,5.00141550451495],[3.2044245066615886,-5.127079210658542,5.00141550451495],[2.8023006470020952,-5.127079210658542,5.00141550451495],[2.312212193042088,-5.127079210658542,5.00141550451495],[3.1918581360472302,-3.367787324648258,-3.141592653589793],[5.943893300591888,-5.227610175573416,1.6587609210954106],[3.053628059289279,-5.277875658030853,-0.4021238596594934],[2.7394687939302997,-5.277875658030853,-0.4021238596594934],[-6.119822489192917,5.101946469429825,3.0284953180605605],[-3.7070793312359562,-3.7699111843077517,2.7394687939302997],[1.0555751316061697,-3.292389100962103,-4.888318168985718]],"nseeds":68,"executions":546,"nfe":55100,"gps":[],"lps":[],"fps":[[3.053628059289279,3.1667253948185117,3.141592653589793],[3.053628059289279,3.1667253948185117,3.1541590242041515],[3.053628059289279,3.17929176543287,3.1541590242041515],[3.053628059289279,3.17929176543287,3.1164599123610746],[3.1918581360472302,3.229557247890307,3.141592653589793],[3.1918581360472302,3.229557247890307,3.1541590242041515],[3.1918581360472302,3.229557247890307,3.1164599123610746],[3.053628059289279,3.1667253948185117,3.216990877275949],[3.053628059289279,3.17929176543287,3.216990877275949],[3.053628059289279,3.1667253948185117,3.053628059289279],[3.053628059289279,3.1667253948185117,3.2923891009621027],[3.1667253948185117,2.9405307237600464,3.141592653589793],[3.1667253948185117,2.9405307237600464,3.1541590242041515],[3.103893541746716,2.9405307237600464,3.1667253948185117],[3.1918581360472302,2.9405307237600464,3.141592653589793],[3.1918581360472302,2.9405307237600464,3.1541590242041515],[3.1918581360472302,2.9405307237600464,3.1164599123610746],[3.1918581360472302,2.9405307237600464,3.2044245066615886],[3.2044245066615886,2.9405307237600464,3.015928947446202],[3.103893541746716,2.9405307237600464,2.9279643531456863],[3.531150142634928,2.9405307237600464,2.6892033114728626],[3.3300882128051814,3.4683182895631326,4.033804967209294],[3.581415625092365,3.4683182895631326,4.046371337823652],[2.8148670176164536,2.274513081199011,2.538406864100553],[4.285132379496478,2.9405307237600464,2.57610597594363],[4.285132379496478,3.782477554922112,2.701769682087221],[3.053628059289279,1.6210618092523337,3.6065483663210838],[1.7969909978533618,1.633628179866692,2.915397982531328],[1.7969909978533618,1.633628179866692,2.538406864100553],[3.053628059289279,1.3069025438933535,5.00141550451495],[3.041061688674919,5.00141550451495,4.863185427756999],[3.053628059289279,5.00141550451495,4.850619057142641],[3.17929176543287,5.00141550451495,4.838052686528281],[3.053628059289279,5.00141550451495,4.838052686528281],[2.9782298356031234,5.00141550451495,4.838052686528281],[3.531150142634928,5.00141550451495,4.838052686528281],[0.7665486074759098,5.00141550451495,2.9405307237600464],[0.7665486074759098,4.988849133900592,2.9279643531456863],[0.7665486074759098,5.00141550451495,2.7394687939302997],[0.7665486074759098,5.00141550451495,3.8076102961508305],[2.274513081199011,5.403539364174446,5.31557476987393],[0.5152211951887269,5.4789375878605995,2.9405307237600464],[0.7665486074759098,5.00141550451495,4.373096973796992],[4.285132379496478,5.969026041820607,4.951150022057513],[4.285132379496478,5.969026041820607,4.825486315913922],[4.285132379496478,5.969026041820607,4.787787204070845],[3.0284953180605605,-0.30159289474462003,5.717698629533423],[3.053628059289279,1.0430087609918113,-1.0932742434492484],[3.2044245066615886,1.0430087609918113,-1.2692034320502765],[3.015928947446202,1.0430087609918113,-1.2692034320502765],[1.8095573684677202,1.0430087609918113,-1.2692034320502765],[1.6964600329384885,1.0430087609918113,-1.2692034320502765],[-3.380353695262617,2.9405307237600464,3.229557247890307],[0.10053096491487334,-3.078760800517997,5.818229594448296],[5.064247357586746,-4.812919945299563,3.141592653589793],[-4.737521721613408,1.030442390377452,3.091327171132356],[5.93132692997753,-1.3571680263507906,-3.292389100962103],[3.1164599123610746,-5.127079210658542,5.00141550451495],[3.2044245066615886,-5.127079210658542,5.00141550451495],[2.8023006470020952,-5.127079210658542,5.00141550451495],[2.312212193042088,-5.127079210658542,5.00141550451495],[3.1918581360472302,-3.367787324648258,-3.141592653589793],[5.943893300591888,-5.227610175573416,1.6587609210954106],[3.053628059289279,-5.277875658030853,-0.4021238596594934],[2.7394687939302997,-5.277875658030853,-0.4021238596594934],[-6.119822489192917,5.101946469429825,3.0284953180605605],[-3.7070793312359562,-3.7699111843077517,2.7394687939302997],[1.0555751316061697,-3.292389100962103,-4.888318168985718]],"np":0,"gp":0,"pr":0,"gpr":0,"fpr":1,"reason":"statistic"}