{"avgHealth":0.900239863042609,"seeds":[[3.1164599123610746,3.141592653589793,3.141592653589793],[3.1164599123610746,3.141592653589793,3.1541590242041515],[3.1164599123610746,3.141592653589793,3.1290262829754347],[3.1290262829754347,3.141592653589793,3.1667253948185117],[3.1164599123610746,3.1290262829754347,3.1541590242041515],[3.1164599123610746,3.141592653589793,3.1667253948185117],[3.1164599123610746,3.141592653589793,3.1164599123610746],[3.1290262829754347,3.17929176543287,3.141592653589793],[3.1290262829754347,3.17929176543287,3.1541590242041515],[3.1290262829754347,3.17929176543287,3.1290262829754347],[3.1164599123610746,3.17929176543287,3.141592653589793],[3.1164599123610746,3.17929176543287,3.1541590242041515],[3.1290262829754347,3.17929176543287,3.1164599123610746],[3.1290262829754347,3.17929176543287,3.1667253948185117],[3.1164599123610746,3.17929176543287,3.1164599123610746],[3.1164599123610746,3.141592653589793,3.091327171132356],[3.1164599123610746,3.17929176543287,3.103893541746716],[3.091327171132356,3.17929176543287,3.1541590242041515],[3.1164599123610746,3.17929176543287,3.091327171132356],[3.091327171132356,3.17929176543287,3.1164599123610746],[3.1164599123610746,3.2044245066615886,3.141592653589793],[3.1164599123610746,3.141592653589793,3.2044245066615886],[3.1164599123610746,3.2044245066615886,3.1541590242041515],[3.1164599123610746,3.2044245066615886,3.1290262829754347],[3.0787608005179976,3.17929176543287,3.1541590242041515],[3.1164599123610746,3.2044245066615886,3.103893541746716],[3.0787608005179976,3.17929176543287,3.1667253948185117],[3.0787608005179976,3.17929176543287,3.17929176543287],[3.0787608005179976,3.17929176543287,3.103893541746716],[3.0787608005179976,3.17929176543287,3.091327171132356],[3.0787608005179976,3.17929176543287,3.1918581360472302],[3.1164599123610746,3.053628059289279,3.1541590242041515],[3.1164599123610746,3.053628059289279,3.1164599123610746],[3.0787608005179976,3.17929176543287,3.0787608005179976],[3.0787608005179976,3.17929176543287,3.2044245066615886],[3.0661944299036374,3.17929176543287,3.091327171132356],[3.0787608005179976,3.2044245066615886,3.091327171132356],[3.1164599123610746,3.053628059289279,3.091327171132356],[3.0661944299036374,3.2044245066615886,3.091327171132356],[3.0661944299036374,3.17929176543287,3.216990877275949],[3.2421236185046673,3.17929176543287,3.1918581360472302],[3.2421236185046673,3.2044245066615886,3.1667253948185117],[3.2421236185046673,3.17929176543287,3.216990877275949],[3.0284953180605605,3.2044245066615886,3.1667253948185117],[3.1164599123610746,3.053628059289279,3.0284953180605605],[3.1164599123610746,3.053628059289279,3.015928947446202],[3.0661944299036374,3.17929176543287,3.2798227303477443],[3.0661944299036374,3.2044245066615886,3.003362576831842],[3.0661944299036374,3.304955471576463,3.1541590242041515],[3.1164599123610746,3.053628059289279,2.9782298356031234],[3.1164599123610746,3.2044245066615886,3.3175218421908212],[3.2421236185046673,3.17929176543287,3.304955471576463],[3.0284953180605605,2.9782298356031234,3.141592653589793],[3.0284953180605605,2.9782298356031234,3.1667253948185117],[3.0284953180605605,2.9782298356031234,3.17929176543287],[3.0787608005179976,3.17929176543287,3.3300882128051814],[3.0284953180605605,2.9782298356031234,3.1918581360472302],[3.0284953180605605,2.9782298356031234,3.2044245066615886],[3.0284953180605605,3.2044245066615886,3.3175218421908212],[3.053628059289279,2.9405307237600464,3.1541590242041515],[3.0661944299036374,2.9405307237600464,3.2421236185046673],[3.0661944299036374,3.2044245066615886,3.3677873246482584],[3.053628059289279,3.2044245066615886,3.3803536952626168],[3.0661944299036374,3.2044245066615886,3.392920065876977],[3.0661944299036374,2.9279643531456863,3.3300882128051814],[3.0661944299036374,2.915397982531328,3.4683182895631326],[3.0661944299036374,2.9405307237600464,2.7394687939302997],[2.953097094374405,3.518583772020568,3.3677873246482584],[3.2421236185046673,2.613805087786707,3.141592653589793],[3.694512960621598,2.9782298356031234,3.2044245066615886],[2.965663464988765,3.820176666765189,2.362477675499523],[2.953097094374405,3.6693802193928793,4.247433267653399],[2.3750440461138833,3.820176666765189,2.362477675499523],[3.0284953180605605,4.662123497927253,4.247433267653399],[5.215043804959057,2.626371458401067,4.938583651443155],[3.0787608005179976,1.244070690821558,1.545663585566178],[3.041061688674919,1.244070690821558,1.545663585566178],[5.215043804959057,2.626371458401067,4.762654462842127],[3.1541590242041515,0.8168140899333451,5.818229594448296],[3.1667253948185117,0.8168140899333451,5.818229594448296],[5.969026041820607,0.8293804605477044,3.34265458341954],[5.969026041820607,0.8168140899333451,3.3803536952626168],[5.969026041820607,0.8042477193189868,3.392920065876977],[0.41469023027385266,5.617167664618549,3.3803536952626168],[0.41469023027385266,5.705132258919063,3.3175218421908212],[0.41469023027385266,5.717698629533423,3.141592653589793],[0.41469023027385266,5.7302650001477815,3.392920065876977],[0.41469023027385266,5.717698629533423,2.8148670176164536],[5.969026041820607,0.8168140899333451,2.3876104167282417],[2.5007077522574743,6.283185307179586,5.378406622945727],[5.855928706291374,-0.012566370614359279,3.141592653589793],[3.1164599123610746,5.717698629533423,-0.41469023027385266],[2.7646015351590183,1.4451326206513047,-0.6534512719466772],[5.855928706291374,-0.6031857894892401,3.141592653589793],[-0.7162831250184727,2.1362830044410597,1.507964473723101],[5.855928706291374,-1.156106096521044,3.141592653589793],[-1.0178760197630936,6.195220712879072,3.141592653589793],[5.855928706291374,-1.2189379495928394,3.1667253948185117],[5.855928706291374,-1.2315043202071987,3.1541590242041515],[-1.0178760197630936,6.283185307179586,3.141592653589793],[5.855928706291374,-1.244070690821558,3.1667253948185117],[5.855928706291374,-1.244070690821558,3.2421236185046673],[3.2923891009621027,-2.148849375055418,3.1667253948185117],[5.16477832250162,1.030442390377452,-2.3876104167282426],[3.1164599123610746,3.229557247890307,-4.0589377084380125],[3.94584037290878,-4.134335932124168,3.103893541746716],[3.304955471576463,-4.373096973796992,4.247433267653399],[1.0053096491487334,-4.373096973796992,4.812919945299564]],"nseeds":108,"executions":633,"nfe":63800,"gps":[],"lps":[],