{"avgHealth":0.8896280001744798,"seeds":[[3.141592653589793,3.1541590242041515,3.141592653589793],[3.1290262829754347,3.1541590242041515,3.141592653589793],[3.141592653589793,3.1541590242041515,3.1290262829754347],[3.1290262829754347,3.1541590242041515,3.1290262829754347],[3.1164599123610746,3.1541590242041515,3.141592653589793],[3.1164599123610746,3.1541590242041515,3.1290262829754347],[3.1290262829754347,3.1541590242041515,3.1164599123610746],[3.1164599123610746,3.1164599123610746,3.1290262829754347],[3.1164599123610746,3.1541590242041515,3.1164599123610746],[3.141592653589793,3.103893541746716,3.141592653589793],[3.103893541746716,3.1541590242041515,3.141592653589793],[3.141592653589793,3.1541590242041515,3.103893541746716],[3.103893541746716,3.1541590242041515,3.1290262829754347],[3.1164599123610746,3.1541590242041515,3.103893541746716],[3.141592653589793,3.103893541746716,3.103893541746716],[3.216990877275949,3.1541590242041515,3.141592653589793],[3.216990877275949,3.1541590242041515,3.1290262829754347],[3.216990877275949,3.1541590242041515,3.1164599123610746],[3.053628059289279,3.1541590242041515,3.141592653589793],[3.103893541746716,3.1541590242041515,3.053628059289279],[3.041061688674919,3.1541590242041515,3.141592653589793],[3.041061688674919,3.1541590242041515,3.1290262829754347],[3.041061688674919,3.1541590242041515,3.1164599123610746],[3.003362576831842,3.1541590242041515,3.1164599123610746],[3.015928947446202,3.053628059289279,3.1164599123610746],[3.141592653589793,3.304955471576463,3.141592653589793],[2.9782298356031234,3.1541590242041515,3.1164599123610746],[3.041061688674919,3.1541590242041515,3.2798227303477443],[2.9782298356031234,3.267256359733384,3.141592653589793],[2.9782298356031234,3.267256359733384,3.304955471576463],[2.9782298356031234,3.267256359733384,3.3300882128051814],[2.7771679057733767,3.267256359733384,3.1541590242041515],[2.7771679057733767,3.267256359733384,3.1918581360472302],[3.581415625092365,3.1541590242041515,3.141592653589793],[3.5060174014062095,3.267256359733384,2.6515041996297857],[3.5060174014062095,3.267256359733384,2.6389378290154255],[2.9782298356031234,3.053628059289279,2.4755750110287558],[3.015928947446202,2.965663464988765,4.121769561509808],[2.9782298356031234,2.5509732347149114,4.121769561509808],[1.7341591447815663,4.1846014145816035,3.7950439255364703],[1.8095573684677202,1.7215927741672061,2.5007077522574743],[5.026548245743669,1.244070690821558,3.1541590242041515],[5.026548245743669,1.1938052083641209,3.141592653589793],[5.026548245743669,1.1938052083641209,3.1541590242041515],[5.026548245743669,1.156106096521044,3.141592653589793],[5.026548245743669,1.1812388377497616,3.3175218421908212],[1.118406984677966,4.913450910214436,3.141592653589793],[3.4683182895631326,5.139645581272902,1.4828317324943825],[3.041061688674919,5.466371217246241,1.156106096521044],[3.2421236185046673,5.466371217246241,1.0555751316061697],[2.9782298356031234,5.466371217246241,1.0555751316061697],[3.5060174014062095,5.466371217246241,1.0555751316061697],[5.6046012940041905,4.913450910214436,3.141592653589793],[2.4755750110287558,5.466371217246241,1.0555751316061697],[5.692565888304705,5.277875658030853,3.041061688674919],[2.236813969355934,5.466371217246241,1.0555751316061697],[2.626371458401067,5.855928706291374,1.1812388377497616],[5.692565888304705,5.466371217246241,2.664070570244144],[5.692565888304705,5.5669021821611135,3.1290262829754347],[1.847256480310799,5.139645581272902,1.4828317324943825],[2.9782298356031234,0.8293804605477044,5.843362335677014],[-0.03769911184307784,5.076813728201106,3.6819465900072377],[1.0178760197630927,2.664070570244144,-0.07539822368615479],[1.3194689145077128,-0.2010619298297467,3.1164599123610746],[5.403539364174446,-0.2010619298297467,3.1164599123610746],[5.705132258919063,2.664070570244144,-0.07539822368615479],[0.7162831250184736,-0.4649557127312889,3.216990877275949],[3.1290262829754347,-0.5403539364174446,5.843362335677014],[2.9405307237600464,-0.5403539364174446,5.843362335677014],[3.1290262829754347,-0.5403539364174446,5.868495076905733],[2.9782298356031234,-0.5403539364174446,5.868495076905733],[2.789734276387737,-0.5403539364174446,5.868495076905733],[3.9332740022944197,-0.5403539364174446,5.868495076905733],[3.015928947446202,5.541769440932395,-1.1058406140636077],[3.091327171132356,-2.2619467105846507,4.121769561509808],[3.229557247890307,-2.2619467105846507,4.121769561509808],[2.2870794518133692,-2.2619467105846507,4.121769561509808],[2.199114857512855,0.11309733552923262,-1.4451326206513047],[3.015928947446202,3.141592653589793,-4.121769561509809],[-1.457698991265664,-1.8221237390820804,-0.7162831250184727],[1.3069025438933535,-4.888318168985718,3.141592653589793],[3.1164599123610746,1.1812388377497616,-4.900884539600077],[5.416105734788804,-4.888318168985718,3.141592653589793]],"nseeds":83,"executions":590,"nfe":59500,"gps":[],"lps":[],