{"avgHealth":0.8487682602856245,"seeds":[[3.141592653589793,3.229557247890307,3.141592653589793],[3.141592653589793,3.229557247890307,3.1541590242041515],[3.141592653589793,3.229557247890307,3.1290262829754347],[3.1164599123610746,3.229557247890307,3.141592653589793],[3.141592653589793,3.229557247890307,3.1164599123610746],[3.1164599123610746,3.229557247890307,3.1541590242041515],[3.1164599123610746,3.229557247890307,3.1164599123610746],[3.103893541746716,3.229557247890307,3.141592653589793],[3.141592653589793,3.229557247890307,3.103893541746716],[3.103893541746716,3.229557247890307,3.1541590242041515],[3.103893541746716,3.229557247890307,3.1164599123610746],[3.1164599123610746,3.229557247890307,3.103893541746716],[3.1164599123610746,3.229557247890307,3.17929176543287],[3.103893541746716,3.229557247890307,3.17929176543287],[3.141592653589793,3.229557247890307,3.0787608005179976],[3.1164599123610746,3.229557247890307,3.2044245066615886],[3.103893541746716,3.229557247890307,3.0787608005179976],[3.141592653589793,3.229557247890307,3.216990877275949],[3.1164599123610746,3.229557247890307,3.216990877275949],[3.103893541746716,3.229557247890307,3.216990877275949],[3.1164599123610746,3.229557247890307,3.229557247890307],[3.141592653589793,3.229557247890307,3.041061688674919],[3.103893541746716,3.229557247890307,3.041061688674919],[3.103893541746716,3.229557247890307,3.2421236185046673],[3.0284953180605605,3.229557247890307,3.141592653589793],[3.141592653589793,3.229557247890307,3.0284953180605605],[3.0284953180605605,3.229557247890307,3.1541590242041515],[3.0284953180605605,3.229557247890307,3.1164599123610746],[3.0284953180605605,3.229557247890307,3.17929176543287],[3.141592653589793,3.229557247890307,3.015928947446202],[3.1164599123610746,3.229557247890307,3.015928947446202],[3.0284953180605605,3.229557247890307,3.2044245066615886],[3.141592653589793,3.229557247890307,3.2798227303477443],[3.103893541746716,3.229557247890307,3.2798227303477443],[3.1164599123610746,3.229557247890307,2.9907962062174835],[3.015928947446202,3.229557247890307,3.053628059289279],[3.1164599123610746,3.229557247890307,3.304955471576463],[3.015928947446202,3.229557247890307,3.2798227303477443],[2.9028316119169695,3.1918581360472302,3.1164599123610746],[2.9028316119169695,3.0787608005179976,3.141592653589793],[2.9028316119169695,3.229557247890307,3.103893541746716],[2.9028316119169695,3.229557247890307,3.091327171132356],[2.9028316119169695,3.229557247890307,3.2923891009621027],[2.9028316119169695,3.430619177720054,3.304955471576463],[2.9028316119169695,3.430619177720054,2.827433388230814],[2.7646015351590183,3.4557519189487724,3.141592653589793],[2.9028316119169695,3.430619177720054,2.8148670176164536],[2.7646015351590183,3.430619177720054,2.827433388230814],[2.8902652413026093,3.6819465900072377,3.1918581360472302],[2.9028316119169695,3.6819465900072377,3.304955471576463],[2.714336052701581,3.6819465900072377,3.1918581360472302],[3.1667253948185117,3.4557519189487724,3.820176666765189],[3.1667253948185117,3.4557519189487724,3.832743037379549],[3.1667253948185117,3.8453094079939074,2.701769682087221],[2.7646015351590183,3.4557519189487724,2.4253095285713204],[3.744778443079033,3.732212072464675,2.8902652413026093],[2.7646015351590183,3.4557519189487724,2.4127431579569603],[4.008672225980575,2.9907962062174835,3.053628059289279],[4.008672225980575,3.229557247890307,2.9028316119169695],[3.1667253948185117,3.4557519189487724,4.021238596594934],[2.752035164544658,3.4557519189487724,4.021238596594934],[4.008672225980575,2.4755750110287558,3.2923891009621027],[3.581415625092365,3.6693802193928793,4.008672225980575],[4.008672225980575,2.4253095285713204,2.8525661294595324],[4.008672225980575,2.400176787342602,2.8525661294595324],[4.008672225980575,2.525840493486193,2.6012387171723486],[4.008672225980575,3.229557247890307,2.2619467105846525],[2.789734276387737,2.525840493486193,2.111150263212341],[4.008672225980575,2.400176787342602,3.732212072464675],[2.7646015351590183,3.4557519189487724,1.8346901096964388],[1.5959290680236151,3.267256359733384,4.021238596594934],[2.8902652413026093,0.854513201776423,1.2315043202071987],[2.7771679057733767,0.854513201776423,1.2315043202071987],[2.9028316119169695,1.0932742434492475,5.541769440932395],[3.141592653589793,4.750088092227767,5.4789375878605995],[5.554335811546753,0.8796459430051415,3.2923891009621027],[4.750088092227767,4.750088092227767,2.701769682087221],[3.141592653589793,4.750088092227767,5.7302650001477815],[2.7771679057733767,4.750088092227767,5.7302650001477815],[5.3532738817170085,0.1256637061435919,3.304955471576463],[5.3532738817170085,0.11309733552923262,2.9907962062174835],[5.3532738817170085,0.11309733552923262,3.304955471576463],[5.3532738817170085,0.1256637061435919,2.6012387171723486],[3.216990877275949,6.031857894892402,0.5529203070318038],[2.9028316119169695,1.1938052083641209,-0.22619467105846525],[2.56353960532927,5.529203070318035,-0.15079644737231046],[2.965663464988765,5.529203070318035,-0.22619467105846525],[2.953097094374405,5.529203070318035,-0.22619467105846525],[2.9028316119169695,5.529203070318035,-0.22619467105846525],[2.8651325000738908,5.529203070318035,-0.22619467105846525],[3.568849254478005,5.529203070318035,-0.22619467105846525],[2.56353960532927,5.529203070318035,-0.22619467105846525],[2.56353960532927,5.529203070318035,-0.28902652413026164],[-0.6534512719466772,5.504070329089316,3.0284953180605605],[-0.6534512719466772,5.529203070318035,3.2923891009621027],[-0.6534512719466772,5.529203070318035,2.953097094374405],[-0.6534512719466772,5.4789375878605995,3.832743037379549],[2.8902652413026093,-0.8042477193189868,5.541769440932395],[2.613805087786707,-1.1435397259066846,0.1256637061435919],[0.07539822368615479,-1.3948671381938684,3.229557247890307],[0.07539822368615479,-1.3948671381938684,2.8148670176164536],[0.07539822368615479,-1.4074335088082268,2.827433388230814],[-1.332035285122072,3.568849254478005,-0.11309733552923262],[-1.9100883333825944,0.8419468311620637,1.457698991265664],[3.1918581360472302,-1.4074335088082268,-0.7916813487046275],[3.0284953180605605,-1.4074335088082268,-0.7916813487046275],[-1.332035285122072,3.568849254478005,-1.2189379495928394]],"nseeds":107,"executions":539,"nfe":54400,"gps":[],"lps":[],