{"avgHealth":0.8901617983631381,"seeds":[[3.141592653589793,3.1541590242041515,3.141592653589793],[3.1541590242041515,3.1541590242041515,3.141592653589793],[3.141592653589793,3.1541590242041515,3.1541590242041515],[3.1541590242041515,3.1541590242041515,3.1541590242041515],[3.141592653589793,3.1667253948185117,3.141592653589793],[3.141592653589793,3.1667253948185117,3.1290262829754347],[3.1164599123610746,3.1541590242041515,3.141592653589793],[3.1541590242041515,3.1667253948185117,3.141592653589793],[3.141592653589793,3.1667253948185117,3.1541590242041515],[3.1541590242041515,3.1667253948185117,3.1290262829754347],[3.1164599123610746,3.1541590242041515,3.1541590242041515],[3.1164599123610746,3.1667253948185117,3.141592653589793],[3.141592653589793,3.1667253948185117,3.1667253948185117],[3.1164599123610746,3.1667253948185117,3.1290262829754347],[3.1541590242041515,3.1667253948185117,3.1164599123610746],[3.1164599123610746,3.1667253948185117,3.1541590242041515],[3.103893541746716,3.1541590242041515,3.141592653589793],[3.1541590242041515,3.17929176543287,3.1541590242041515],[3.103893541746716,3.1541590242041515,3.1541590242041515],[3.141592653589793,3.1667253948185117,3.103893541746716],[3.103893541746716,3.1667253948185117,3.1541590242041515],[3.103893541746716,3.17929176543287,3.1541590242041515],[3.103893541746716,3.17929176543287,3.1290262829754347],[3.1541590242041515,3.17929176543287,3.103893541746716],[3.1164599123610746,3.17929176543287,3.103893541746716],[3.091327171132356,3.17929176543287,3.1918581360472302],[3.103893541746716,3.216990877275949,3.1541590242041515],[3.091327171132356,3.216990877275949,3.1541590242041515],[3.091327171132356,3.17929176543287,3.2798227303477443],[3.091327171132356,3.216990877275949,3.2923891009621027],[3.091327171132356,3.216990877275949,3.304955471576463],[3.3175218421908212,3.216990877275949,3.2421236185046673],[3.3175218421908212,3.216990877275949,3.041061688674919],[3.091327171132356,3.216990877275949,3.34265458341954],[3.3175218421908212,3.216990877275949,3.267256359733384],[3.3175218421908212,3.216990877275949,3.2798227303477443],[3.091327171132356,2.877698870688251,3.103893541746716],[3.4054864364913353,3.216990877275949,3.2421236185046673],[3.091327171132356,2.877698870688251,3.3175218421908212],[3.304955471576463,2.789734276387737,3.857875778608266],[2.57610597594363,3.6316811075498006,3.619114736935442],[3.103893541746716,2.2242475987415737,3.1541590242041515],[3.103893541746716,2.2242475987415737,3.053628059289279],[3.091327171132356,2.8902652413026093,2.199114857512855],[3.1164599123610746,3.9332740022944197,3.857875778608266],[2.9907962062174835,3.6316811075498006,2.199114857512855],[2.8023006470020952,3.9332740022944197,3.857875778608266],[3.141592653589793,1.9603538158400315,3.141592653589793],[3.2044245066615886,3.9332740022944197,4.084070449666731],[2.8023006470020952,3.9332740022944197,4.084070449666731],[3.103893541746716,2.2242475987415737,2.199114857512855],[3.0661944299036374,3.1918581360472302,1.847256480310799],[0.8922123136195008,5.340707511102648,3.6316811075498006],[5.064247357586746,5.654866776461628,2.9279643531456863],[5.0893800988154645,0.6283185307179595,3.3175218421908212],[5.529203070318035,0.9299114254625778,3.1918581360472302],[5.529203070318035,0.8922123136195008,3.1541590242041515],[5.529203070318035,0.8922123136195008,3.2798227303477443],[3.0787608005179976,0.6408849013323188,0.6660176425610365],[3.0787608005179976,0.6408849013323188,0.6534512719466772],[5.453804846631881,5.529203070318035,4.046371337823652],[3.141592653589793,1.2943361732789942,-0.11309733552923262],[3.103893541746716,1.2943361732789942,-0.11309733552923262],[6.157521601035995,3.832743037379549,1.5330972149518187],[2.57610597594363,1.2943361732789942,-0.11309733552923262],[3.141592653589793,5.428672105403162,-0.11309733552923262],[3.1541590242041515,5.428672105403162,-0.11309733552923262],[3.103893541746716,5.428672105403162,-0.11309733552923262],[3.103893541746716,1.2943361732789942,-0.2638937829015431],[3.091327171132356,1.2943361732789942,-0.28902652413026164],[3.103893541746716,5.428672105403162,-0.28902652413026164],[-0.728849495632832,1.6587609210954106,1.3823007675795091],[-1.8598228509251582,2.2996458224277294,3.1290262829754347],[-1.4953981031087418,0.1256637061435919,3.041061688674919],[1.6964600329384885,4.335397861953915,-1.9980529276831085],[-1.4953981031087418,-0.03769911184307784,2.7269024233159396],[-0.4021238596594934,-1.4074335088082268,3.8453094079939074],[-3.49345103079185,3.216990877275949,3.267256359733384],[-3.8327430373795477,3.17929176543287,3.053628059289279],[-0.8670795723907831,-2.199114857512855,4.750088092227767],[0.9676105373056556,-4.888318168985718,3.141592653589793],[-4.800353574685204,0.6408849013323188,3.1541590242041515],[-4.800353574685204,0.6408849013323188,3.1667253948185117],[-4.800353574685204,0.6283185307179595,3.3175218421908212],[5.7553977413765,-4.888318168985718,3.141592653589793]],"nseeds":85,"executions":509,"nfe":51400,"gps":[],"lps":[],