{"avgHealth":0.9187529980771747,"seeds":[[3.141592653589793,3.1667253948185117,3.1541590242041515],[3.141592653589793,3.1541590242041515,3.1667253948185117],[3.141592653589793,3.1667253948185117,3.1667253948185117],[3.141592653589793,3.103893541746716,3.141592653589793],[3.141592653589793,3.103893541746716,3.1541590242041515],[3.141592653589793,3.103893541746716,3.1290262829754347],[3.141592653589793,3.103893541746716,3.1667253948185117],[3.141592653589793,3.1667253948185117,3.17929176543287],[3.141592653589793,3.103893541746716,3.103893541746716],[3.141592653589793,3.1918581360472302,3.1667253948185117],[3.141592653589793,3.1667253948185117,3.091327171132356],[3.141592653589793,3.1667253948185117,3.1918581360472302],[3.141592653589793,3.1918581360472302,3.103893541746716],[3.141592653589793,3.103893541746716,3.091327171132356],[3.1290262829754347,3.053628059289279,3.0787608005179976],[3.103893541746716,3.0284953180605605,3.1667253948185117],[3.103893541746716,3.0284953180605605,3.17929176543287],[3.103893541746716,3.0284953180605605,3.103893541746716],[3.103893541746716,3.0284953180605605,3.0661944299036374],[3.1290262829754347,3.0284953180605605,3.015928947446202],[3.091327171132356,2.953097094374405,3.2044245066615886],[2.9907962062174835,2.953097094374405,3.141592653589793],[2.9907962062174835,2.953097094374405,3.0661944299036374],[3.103893541746716,3.0284953180605605,2.827433388230814],[3.103893541746716,3.0284953180605605,2.8148670176164536],[2.525840493486193,3.103893541746716,3.1667253948185117],[2.525840493486193,3.103893541746716,3.1918581360472302],[2.525840493486193,2.953097094374405,3.1667253948185117],[2.525840493486193,2.953097094374405,3.0284953180605605],[2.525840493486193,2.9279643531456863,2.877698870688251],[2.5886723465579884,2.8023006470020952,2.752035164544658],[2.525840493486193,2.8023006470020952,2.752035164544658],[2.525840493486193,2.8023006470020952,2.7394687939302997],[2.5132741228718345,2.56353960532927,3.3552209540339],[2.525840493486193,2.8023006470020952,3.983539484751857],[2.525840493486193,2.56353960532927,2.1739821162841366],[2.525840493486193,2.9279643531456863,4.473627938711866],[5.390972993560085,5.378406622945727,2.6515041996297857],[3.216990877275949,5.416105734788804,0.8168140899333451],[3.304955471576463,5.416105734788804,0.8168140899333451],[5.390972993560085,5.504070329089316,3.34265458341954],[5.390972993560085,5.554335811546753,3.216990877275949],[5.390972993560085,5.541769440932395,3.3552209540339],[5.390972993560085,5.5669021821611135,3.34265458341954],[5.390972993560085,5.5669021821611135,2.7394687939302997],[2.4127431579569603,5.416105734788804,0.8168140899333451],[5.039114616358029,4.762654462842127,4.498760679940583],[1.6084954386379744,5.416105734788804,0.8168140899333451],[-0.07539822368615479,0.06283185307179551,3.3300882128051814],[3.103893541746716,1.1686724671354023,-1.0807078728348891],[5.679999517690346,-1.0053096491487343,3.5060174014062095],[2.9907962062174835,5.554335811546753,-1.0807078728348891],[2.9782298356031234,5.554335811546753,-1.0807078728348891],[3.3300882128051814,5.554335811546753,-1.0807078728348891],[0.8419468311620637,-1.2063715789784801,3.5939819957067236],[2.1739821162841366,5.554335811546753,-1.0807078728348891],[2.6515041996297857,-1.7341591447815663,2.714336052701581],[-1.3194689145077128,5.378406622945727,3.053628059289279],[-1.3194689145077128,5.378406622945727,3.3552209540339],[-1.3194689145077128,5.403539364174446,3.216990877275949],[-1.3194689145077128,5.416105734788804,3.3175218421908212],[-4.046371337823654,2.953097094374405,3.1918581360472302],[-3.631681107549801,5.013981875129311,-0.41469023027385266],[5.504070329089316,3.1290262829754347,-5.0516809869723875],[3.141592653589793,0.27646015351590236,-5.679999517690346]],"nseeds":65,"executions":650,"nfe":65500,"gps":[],"lps":[],"fps":[[3.141592653589793,3.1667253948185117,3.1541590242041515],[3.141592653589793,3.1541590242041515,3.1667253948185117],[3.141592653589793,3.1667253948185117,3.1667253948185117],[3.141592653589793,3.103893541746716,3.141592653589793],[3.141592653589793,3.103893541746716,3.1541590242041515],[3.141592653589793,3.103893541746716,3.1290262829754347],[3.141592653589793,3.103893541746716,3.1667253948185117],[3.141592653589793,3.1667253948185117,3.17929176543287],[3.141592653589793,3.103893541746716,3.103893541746716],[3.141592653589793,3.1918581360472302,3.1667253948185117],[3.141592653589793,3.1667253948185117,3.091327171132356],[3.141592653589793,3.1667253948185117,3.1918581360472302],[3.141592653589793,3.1918581360472302,3.103893541746716],[3.141592653589793,3.103893541746716,3.091327171132356],[3.1290262829754347,3.053628059289279,3.0787608005179976],[3.103893541746716,3.0284953180605605,3.1667253948185117],[3.103893541746716,3.0284953180605605,3.17929176543287],[3.103893541746716,3.0284953180605605,3.103893541746716],[3.103893541746716,3.0284953180605605,3.0661944299036374],[3.1290262829754347,3.0284953180605605,3.015928947446202],[3.091327171132356,2.953097094374405,3.2044245066615886],[2.9907962062174835,2.953097094374405,3.141592653589793],[2.9907962062174835,2.953097094374405,3.0661944299036374],[3.103893541746716,3.0284953180605605,2.827433388230814],[3.103893541746716,3.0284953180605605,2.8148670176164536],[2.525840493486193,3.103893541746716,3.1667253948185117],[2.525840493486193,3.103893541746716,3.1918581360472302],[2.525840493486193,2.953097094374405,3.1667253948185117],[2.525840493486193,2.953097094374405,3.0284953180605605],[2.525840493486193,2.9279643531456863,2.877698870688251],[2.5886723465579884,2.8023006470020952,2.752035164544658],[2.525840493486193,2.8023006470020952,2.752035164544658],[2.525840493486193,2.8023006470020952,2.7394687939302997],[2.5132741228718345,2.56353960532927,3.3552209540339],[2.525840493486193,2.8023006470020952,3.983539484751857],[2.525840493486193,2.56353960532927,2.1739821162841366],[2.525840493486193,2.9279643531456863,4.473627938711866],[5.390972993560085,5.378406622945727,2.6515041996297857],[3.216990877275949,5.416105734788804,0.8168140899333451],[3.304955471576463,5.416105734788804,0.8168140899333451],[5.390972993560085,5.504070329089316,3.34265458341954],[5.390972993560085,5.554335811546753,3.216990877275949],[5.390972993560085,5.541769440932395,3.3552209540339],[5.390972993560085,5.5669021821611135,3.34265458341954],[5.390972993560085,5.5669021821611135,2.7394687939302997],[2.4127431579569603,5.416105734788804,0.8168140899333451],[5.039114616358029,4.762654462842127,4.498760679940583],[1.6084954386379744,5.416105734788804,0.8168140899333451],[-0.07539822368615479,0.06283185307179551,3.3300882128051814],[3.103893541746716,1.1686724671354023,-1.0807078728348891],[5.679999517690346,-1.0053096491487343,3.5060174014062095],[2.9907962062174835,5.554335811546753,-1.0807078728348891],[2.9782298356031234,5.554335811546753,-1.0807078728348891],[3.3300882128051814,5.554335811546753,-1.0807078728348891],[0.8419468311620637,-1.2063715789784801,3.5939819957067236],[2.1739821162841366,5.554335811546753,-1.0807078728348891],[2.6515041996297857,-1.7341591447815663,2.714336052701581],[-1.3194689145077128,5.378406622945727,3.053628059289279],[-1.3194689145077128,5.378406622945727,3.3552209540339],[-1.3194689145077128,5.403539364174446,3.216990877275949],[-1.3194689145077128,5.416105734788804,3.3175218421908212],[-4.046371337823654,2.953097094374405,3.1918581360472302],[-3.631681107549801,5.013981875129311,-0.41469023027385266],[5.504070329089316,3.1290262829754347,-5.0516809869723875],[3.141592653589793,0.27646015351590236,-5.679999517690346]],"np":0,"gp":0,"pr":0,"gpr":0,"fpr":1,"reason":"statistic"}