{"avgHealth":0.8975864508233544,"seeds":[[3.141592653589793,3.141592653589793,3.141592653589793],[3.141592653589793,3.141592653589793,3.1541590242041515],[3.141592653589793,3.1290262829754347,3.141592653589793],[3.141592653589793,3.1541590242041515,3.141592653589793],[3.141592653589793,3.141592653589793,3.1290262829754347],[3.141592653589793,3.1290262829754347,3.1290262829754347],[3.1541590242041515,3.141592653589793,3.1290262829754347],[3.141592653589793,3.1541590242041515,3.1541590242041515],[3.141592653589793,3.1541590242041515,3.1290262829754347],[3.1290262829754347,3.141592653589793,3.1541590242041515],[3.141592653589793,3.1290262829754347,3.1541590242041515],[3.1290262829754347,3.1541590242041515,3.141592653589793],[3.1290262829754347,3.141592653589793,3.1290262829754347],[3.1541590242041515,3.141592653589793,3.1541590242041515],[3.1290262829754347,3.1541590242041515,3.1290262829754347],[3.1290262829754347,3.1290262829754347,3.1290262829754347],[3.1290262829754347,3.1541590242041515,3.1541590242041515],[3.1541590242041515,3.1541590242041515,3.1290262829754347],[3.1541590242041515,3.1541590242041515,3.1667253948185117],[3.1164599123610746,3.1290262829754347,3.1918581360472302],[3.267256359733384,3.141592653589793,3.1541590242041515],[3.267256359733384,3.1541590242041515,3.1667253948185117],[3.267256359733384,3.1541590242041515,3.2044245066615886],[3.267256359733384,3.1541590242041515,3.216990877275949],[2.8902652413026093,3.1290262829754347,3.1667253948185117],[3.1290262829754347,3.015928947446202,3.392920065876977],[3.1290262829754347,3.015928947446202,3.430619177720054],[3.1918581360472302,3.015928947446202,3.430619177720054],[3.4557519189487724,3.2923891009621027,2.6389378290154255],[3.2923891009621027,3.141592653589793,4.335397861953915],[2.2619467105846525,2.626371458401067,2.111150263212341],[3.1290262829754347,4.888318168985718,5.554335811546753],[3.1290262829754347,4.888318168985718,5.5669021821611135],[3.1164599123610746,4.888318168985718,5.5669021821611135],[3.1918581360472302,4.888318168985718,5.5669021821611135],[2.839999758845172,4.888318168985718,5.5669021821611135],[3.4557519189487724,4.888318168985718,5.5669021821611135],[4.976282763286232,0.8796459430051415,2.111150263212341],[3.870442149222626,5.7553977413765,5.0516809869723875],[5.6046012940041905,5.516636699703676,3.7950439255364703],[5.49150395847496,4.134335932124166,5.868495076905733],[-0.6408849013323179,5.00141550451495,2.5007077522574743],[3.1290262829754347,1.1309733552923253,-0.992743278534375],[3.443185548334414,1.1309733552923253,-0.992743278534375],[3.4557519189487724,1.1309733552923253,-0.992743278534375],[-0.6785840131753949,5.504070329089316,1.97292018645439],[-0.30159289474462003,-0.6911503837897541,3.2044245066615886],[-0.30159289474462003,-0.6911503837897541,3.229557247890307],[0.06283185307179551,-1.0807078728348891,3.053628059289279],[-0.30159289474462003,-0.8293804605477053,3.229557247890307],[-0.30159289474462003,-0.8545132017764239,3.2044245066615886],[-0.30159289474462003,1.7090264035528477,-0.7791149780902691],[-0.30159289474462003,-1.2566370614359172,3.1918581360472302],[3.1290262829754347,-0.8419468311620646,-0.992743278534375],[3.1164599123610746,-0.8419468311620646,-0.992743278534375],[3.267256359733384,-0.8419468311620646,-0.992743278534375],[3.003362576831842,-0.8419468311620646,-0.992743278534375],[2.915397982531328,-0.8419468311620646,-0.992743278534375],[3.4054864364913353,-0.8419468311620646,-0.992743278534375],[3.4180528071056955,-0.8419468311620646,-0.992743278534375],[2.8023006470020952,-0.8419468311620646,-0.992743278534375],[3.8076102961508305,-0.8419468311620646,-0.992743278534375],[-2.978229835603124,2.538406864100553,3.2044245066615886],[5.906194188748811,-0.6534512719466772,-1.7467255153959247],[5.629734035232909,5.654866776461628,-3.5562828838636458],[3.1290262829754347,2.6766369408585025,-4.473627938711866],[1.244070690821558,-0.6660176425610365,-3.656813848778519],[-4.234866897039041,0.8419468311620637,6.170087971650354],[-4.913450910214436,4.888318168985718,3.1667253948185117],[-4.913450910214436,4.888318168985718,3.2044245066615886],[5.4789375878605995,-4.888318168985718,3.1541590242041515],[5.4789375878605995,-4.888318168985718,3.1667253948185117],[3.141592653589793,0.5152211951887269,-4.888318168985718]],"nseeds":73,"executions":532,"nfe":53700,"gps":[],"lps":[],