{"avgHealth":0.885400877294101,"seeds":[[3.1290262829754347,3.141592653589793,3.141592653589793],[3.1290262829754347,3.1290262829754347,3.141592653589793],[3.1290262829754347,3.1541590242041515,3.141592653589793],[3.1290262829754347,3.141592653589793,3.1541590242041515],[3.1290262829754347,3.1541590242041515,3.1541590242041515],[3.1290262829754347,3.1290262829754347,3.1541590242041515],[3.1290262829754347,3.141592653589793,3.1667253948185117],[3.1290262829754347,3.1541590242041515,3.1667253948185117],[3.1290262829754347,3.1290262829754347,3.1667253948185117],[3.1290262829754347,3.1290262829754347,3.103893541746716],[3.1290262829754347,3.1541590242041515,3.103893541746716],[3.1290262829754347,3.1541590242041515,3.17929176543287],[3.1290262829754347,3.141592653589793,3.1918581360472302],[3.1290262829754347,3.1541590242041515,3.091327171132356],[3.1290262829754347,3.091327171132356,3.1667253948185117],[3.1290262829754347,3.091327171132356,3.17929176543287],[3.1290262829754347,3.1541590242041515,3.2044245066615886],[3.1290262829754347,3.1541590242041515,3.216990877275949],[3.1290262829754347,3.141592653589793,3.053628059289279],[3.1290262829754347,3.1541590242041515,3.053628059289279],[3.1290262829754347,3.1290262829754347,3.053628059289279],[3.1290262829754347,3.1164599123610746,3.229557247890307],[3.1290262829754347,3.141592653589793,3.041061688674919],[3.1290262829754347,3.1541590242041515,3.041061688674919],[3.1290262829754347,3.1290262829754347,3.041061688674919],[3.1290262829754347,3.1541590242041515,3.0284953180605605],[3.1290262829754347,3.0661944299036374,3.041061688674919],[3.1290262829754347,3.1541590242041515,3.015928947446202],[3.1290262829754347,3.1290262829754347,3.015928947446202],[3.1290262829754347,3.1541590242041515,3.003362576831842],[3.1290262829754347,3.1290262829754347,3.304955471576463],[2.965663464988765,3.3677873246482584,3.015928947446202],[2.965663464988765,3.3677873246482584,2.953097094374405],[2.953097094374405,3.4557519189487724,3.141592653589793],[2.965663464988765,3.3677873246482584,2.8902652413026093],[2.965663464988765,3.4683182895631326,3.041061688674919],[3.5939819957067236,3.1541590242041515,3.229557247890307],[2.965663464988765,3.3677873246482584,2.7771679057733767],[2.965663464988765,3.3677873246482584,2.7646015351590183],[3.1290262829754347,2.664070570244144,3.015928947446202],[2.626371458401067,3.1541590242041515,3.1541590242041515],[2.626371458401067,3.1290262829754347,3.1667253948185117],[2.626371458401067,3.1541590242041515,3.17929176543287],[2.626371458401067,3.1164599123610746,3.229557247890307],[2.613805087786707,3.1541590242041515,3.1541590242041515],[2.965663464988765,3.3677873246482584,2.626371458401067],[2.613805087786707,3.3677873246482584,2.626371458401067],[3.0661944299036374,3.531150142634928,3.8453094079939074],[3.480884660177491,2.626371458401067,2.5007077522574743],[3.480884660177491,2.626371458401067,2.488141381643116],[3.480884660177491,2.626371458401067,2.4755750110287558],[3.480884660177491,2.626371458401067,4.373096973796992],[2.56353960532927,3.3677873246482584,4.373096973796992],[2.56353960532927,3.4054864364913353,4.373096973796992],[2.56353960532927,3.8076102961508305,4.373096973796992],[3.1290262829754347,2.0860175219836226,1.7215927741672061],[1.156106096521044,1.2692034320502765,3.1918581360472302],[1.156106096521044,1.2692034320502765,3.229557247890307],[1.156106096521044,1.3446016557364313,3.229557247890307],[3.1541590242041515,1.2692034320502765,5.152211951887262],[2.7646015351590183,1.2692034320502765,5.152211951887262],[2.3499113048851665,1.2692034320502765,5.152211951887262],[0.6157521601036002,5.202477434344697,3.4934510307918494],[3.694512960621598,5.679999517690346,1.419999879422586],[2.56353960532927,5.679999517690346,1.419999879422586],[4.373096973796992,1.2692034320502765,5.152211951887262],[5.265309287416494,5.780530482605219,2.953097094374405],[0.6157521601036002,5.679999517690346,3.216990877275949],[5.265309287416494,5.981592412434965,3.1667253948185117],[5.265309287416494,6.006725153663684,3.4934510307918494],[5.265309287416494,6.006725153663684,3.5562828838636467],[3.5939819957067236,5.679999517690346,1.5582299561805373],[3.832743037379549,5.679999517690346,1.5582299561805373],[5.554335811546753,-0.389557489045135,3.1667253948185117],[5.554335811546753,-0.389557489045135,3.17929176543287],[5.554335811546753,-0.389557489045135,3.0284953180605605],[5.554335811546753,-0.4021238596594934,2.752035164544658],[5.554335811546753,-0.4523893421169296,2.8902652413026093],[4.674689868541613,6.006725153663684,5.705132258919063],[-0.7414158662471912,2.111150263212341,5.277875658030853],[3.1290262829754347,3.1164599123610746,-1.9854865570687492],[3.1164599123610746,-1.7969909978533618,1.7215927741672061],[3.304955471576463,-1.7969909978533618,1.7215927741672061],[6.1198224891929165,-1.4702653618800232,3.229557247890307],[6.1198224891929165,-1.4828317324943825,3.8453094079939074],[-1.332035285122072,-0.816814089933346,3.443185548334414],[3.1290262829754347,2.4630086404143974,-3.430619177720054],[5.554335811546753,-0.389557489045135,-2.463008640414398],[6.0821233773498395,5.064247357586746,-3.3175218421908217],[3.3300882128051814,-3.1164599123610746,-1.9854865570687492],[6.283185307179586,-3.9835394847518577,-0.07539822368615479],[-0.7162831250184727,-3.933274002294421,6.232919824722149],[0.42725660088821193,-3.9835394847518577,-1.244070690821558]],"nseeds":93,"executions":409,"nfe":41400,"gps":[],"lps":[],