{"avgHealth":0.9006790604618587,"seeds":[[3.141592653589793,3.1667253948185117,3.141592653589793],[3.141592653589793,3.1667253948185117,3.1541590242041515],[3.1541590242041515,3.1667253948185117,3.141592653589793],[3.1290262829754347,3.1667253948185117,3.141592653589793],[3.1541590242041515,3.1667253948185117,3.1541590242041515],[3.1290262829754347,3.1667253948185117,3.1541590242041515],[3.141592653589793,3.1667253948185117,3.1667253948185117],[3.1164599123610746,3.1667253948185117,3.141592653589793],[3.1290262829754347,3.1667253948185117,3.1667253948185117],[3.1667253948185117,3.1667253948185117,3.1667253948185117],[3.141592653589793,3.0787608005179976,3.1541590242041515],[3.103893541746716,3.17929176543287,3.17929176543287],[3.1290262829754347,3.0787608005179976,3.1541590242041515],[3.1541590242041515,3.0787608005179976,3.1541590242041515],[3.141592653589793,3.0787608005179976,3.1667253948185117],[3.1541590242041515,3.0787608005179976,3.1667253948185117],[3.1290262829754347,3.0787608005179976,3.1667253948185117],[3.141592653589793,3.0787608005179976,3.17929176543287],[3.1541590242041515,3.0787608005179976,3.17929176543287],[3.1918581360472302,3.1667253948185117,3.1918581360472302],[3.1918581360472302,3.1918581360472302,3.1667253948185117],[3.1667253948185117,3.0787608005179976,3.17929176543287],[3.091327171132356,3.0787608005179976,3.17929176543287],[3.103893541746716,3.053628059289279,3.1667253948185117],[3.141592653589793,3.041061688674919,3.141592653589793],[3.141592653589793,3.041061688674919,3.1541590242041515],[3.141592653589793,3.041061688674919,3.1290262829754347],[3.1290262829754347,3.041061688674919,3.1290262829754347],[3.103893541746716,3.053628059289279,3.17929176543287],[3.141592653589793,3.041061688674919,3.1164599123610746],[3.1290262829754347,3.041061688674919,3.1164599123610746],[3.17929176543287,3.041061688674919,3.141592653589793],[3.17929176543287,3.041061688674919,3.1164599123610746],[3.015928947446202,3.003362576831842,3.1667253948185117],[3.1290262829754347,3.003362576831842,3.392920065876977],[3.1918581360472302,3.003362576831842,3.392920065876977],[3.17929176543287,3.3175218421908212,3.4054864364913353],[3.003362576831842,2.6012387171723486,3.4934510307918494],[3.1918581360472302,3.003362576831842,3.8453094079939074],[3.015928947446202,3.003362576831842,2.2116812281272153],[3.17929176543287,3.1667253948185117,2.186548486898497],[3.015928947446202,3.1667253948185117,2.186548486898497],[4.259999638267759,3.6819465900072377,2.752035164544658],[4.259999638267759,4.121769561509808,3.4934510307918494],[3.1918581360472302,4.197167785195964,4.511327050554943],[5.064247357586746,2.023185668911827,5.403539364174446],[3.2923891009621027,1.244070690821558,5.981592412434965],[4.259999638267759,5.7302650001477815,4.863185427756999],[0.07539822368615479,1.2692034320502765,3.1667253948185117],[5.830795965062656,5.981592412434965,3.1918581360472302],[5.830795965062656,5.9941587830493255,3.2546899891190257],[5.830795965062656,5.981592412434965,3.4180528071056955],[5.830795965062656,5.981592412434965,3.4683182895631326],[5.830795965062656,5.9941587830493255,3.4934510307918494],[5.830795965062656,6.019291524278044,3.4934510307918494],[2.626371458401067,5.504070329089316,-0.012566370614359279],[3.103893541746716,5.969026041820607,0.13823007675795118],[4.511327050554943,0.012566370614359279,4.863185427756999],[0.07539822368615479,2.6766369408585025,6.0821233773498395],[6.144955230421635,2.6766369408585025,0.11309733552923262],[3.17929176543287,0.7414158662471921,-1.0430087609918113],[3.103893541746716,5.981592412434965,-1.0430087609918113],[3.1918581360472302,5.981592412434965,-1.0430087609918113],[3.2044245066615886,5.981592412434965,-1.0430087609918113],[3.015928947446202,5.981592412434965,-1.0430087609918113],[2.9782298356031234,5.981592412434965,-1.0430087609918113],[-1.8849555921538759,2.9907962062174835,3.1290262829754347],[-1.0178760197630936,1.897521962768236,5.49150395847496],[2.613805087786707,5.981592412434965,-1.0430087609918113],[2.613805087786707,5.981592412434965,-1.0555751316061706],[-1.9854865570687492,3.041061688674919,3.015928947446202],[3.17929176543287,0.11309733552923262,-1.1058406140636077],[3.0787608005179976,0.11309733552923262,-1.1058406140636077],[3.2421236185046673,0.11309733552923262,-1.1058406140636077],[3.2798227303477443,0.11309733552923262,-1.1058406140636077],[5.830795965062656,5.981592412434965,-2.9656634649887645],[3.870442149222626,-4.033804967209294,3.1918581360472302],[3.870442149222626,-4.033804967209294,3.2421236185046673],[3.870442149222626,-4.046371337823654,3.2546899891190257],[5.4412384760175225,-1.5205308443374594,-1.9603538158400315],[-1.3948671381938684,-2.626371458401067,0.9801769079200149],[3.141592653589793,1.4325662500369454,-4.888318168985718]],"nseeds":82,"executions":464,"nfe":46900,"gps":[],"lps":[],