{"avgHealth":18.66992440352669,"seeds":[[0.102],[0.089],[0.113],[0.129],[0.272],[0.69],[0.721],[0.337],[0.139],[0.914],[0.879],[0.658],[0.865],[0.352],[0.154],[0.246],[0.045],[0.848],[0.366],[0.17],[0.03],[0.43],[0.569],[0.224],[0.621],[0.978],[0.016],[0.784],[0.413],[0.209],[0.193],[0.798],[0.599]],"nseeds":33,"executions":126,"nfe":13100,"gps":[[0.102]],"lps":[],"fps":[[0.089],[0.113],[0.129],[0.272],[0.69],[0.721],[0.337],[0.139],[0.914],[0.879],[0.658],[0.865],[0.352],[0.154],[0.246],[0.045],[0.848],[0.366],[0.17],[0.03],[0.43],[0.569],[0.224],[0.621],[0.978],[0.016],[0.784],[0.413],[0.209],[0.193],[0.798],[0.599]],"np":1,"gp":1,"pr":0.030303030303030304,"gpr":1,"lp":0,"lpr":0,"fpr":0.9696969696969697,"reason":"statistic"}