{"avgHealth":0.9771235389204078,"seeds":[[0.1],[0.299],[0.283],[0.318],[0.496],[0.077],[0.681],[0.062],[0.655],[0.644],[0.758]],"nseeds":11,"executions":228,"nfe":23300,"gps":[[0.1]],"lps":[[0.299],[0.496]],"fps":[[0.283],[0.318],[0.077],[0.681],[0.062],[0.655],[0.644],[0.758]],"np":3,"gp":1,"pr":0.2727272727272727,"gpr":1,"lp":2,"lpr":0.5,"fpr":0.7272727272727273,"reason":"statistic"}