{"avgHealth":0.9773337877904289,"seeds":[[0.1],[0.299],[0.111],[0.31],[0.513],[0.27],[0.701],[0.69],[0.525],[0.946],[0.758]],"nseeds":11,"executions":156,"nfe":16100,"gps":[[0.1]],"lps":[[0.299],[0.701]],"fps":[[0.111],[0.31],[0.513],[0.27],[0.69],[0.525],[0.946],[0.758]],"np":3,"gp":1,"pr":0.2727272727272727,"gpr":1,"lp":2,"lpr":0.5,"fpr":0.7272727272727273,"reason":"statistic"}