{"avgHealth":0.9575011361799204,"seeds":[[0.1],[0.299],[0.289],[0.311],[0.499],[0.7],[0.71],[0.881],[0.734],[0.05],[0.55],[0.749],[0.238],[0.641],[0.577],[0.816],[0.591]],"nseeds":17,"executions":133,"nfe":13800,"gps":[[0.1]],"lps":[[0.299],[0.499],[0.7]],"fps":[[0.289],[0.311],[0.71],[0.881],[0.734],[0.05],[0.55],[0.749],[0.238],[0.641],[0.577],[0.816],[0.591]],"np":4,"gp":1,"pr":0.23529411764705882,"gpr":1,"lp":3,"lpr":0.75,"fpr":0.7647058823529411,"reason":"statistic"}