{"avgHealth":11.926655711287882,"seeds":[[0.089],[0.295],[0.504],[0.321],[0.07],[0.697],[0.708],[0.473],[0.332],[0.137],[0.724],[0.89],[0.909],[0.666],[0.055],[0.457],[0.873],[0.249],[0.742],[0.863],[0.549],[0.935],[0.043],[0.853],[0.952],[0.843],[0.231],[0.767],[0.965],[0.831],[0.025],[0.22],[0.982],[0.808],[0.793],[0.403],[0.202]],"nseeds":37,"executions":96,"nfe":10100,"gps":[],"lps":[[0.697]],"fps":[[0.089],[0.295],[0.504],[0.321],[0.07],[0.708],[0.473],[0.332],[0.137],[0.724],[0.89],[0.909],[0.666],[0.055],[0.457],[0.873],[0.249],[0.742],[0.863],[0.549],[0.935],[0.043],[0.853],[0.952],[0.843],[0.231],[0.767],[0.965],[0.831],[0.025],[0.22],[0.982],[0.808],[0.793],[0.403],[0.202]],"np":1,"gp":0,"pr":0.02702702702702703,"gpr":0,"lp":1,"lpr":0.25,"fpr":0.972972972972973,"reason":"statistic"}