{"avgHealth":14.409468816600327,"seeds":[[0.096],[0.111],[0.32],[0.511],[0.129],[0.071],[0.704],[0.688],[0.469],[0.263],[0.675],[0.898],[0.912],[0.927],[0.655],[0.352],[0.448],[0.639],[0.953],[0.167],[0.836],[0.767],[0.179],[0.38],[0.015],[0.415],[0.615],[0.19],[0.789],[0.991],[0.001]],"nseeds":31,"executions":184,"nfe":18900,"gps":[],"lps":[[0.898]],"fps":[[0.096],[0.111],[0.32],[0.511],[0.129],[0.071],[0.704],[0.688],[0.469],[0.263],[0.675],[0.912],[0.927],[0.655],[0.352],[0.448],[0.639],[0.953],[0.167],[0.836],[0.767],[0.179],[0.38],[0.015],[0.415],[0.615],[0.19],[0.789],[0.991],[0.001]],"np":1,"gp":0,"pr":0.03225806451612903,"gpr":0,"lp":1,"lpr":0.25,"fpr":0.967741935483871,"reason":"statistic"}