{"avgHealth":0.9843564243136935,"seeds":[[0.1],[0.299],[0.315],[0.079],[0.498],[0.513],[0.703],[0.241],[0.585]],"nseeds":9,"executions":295,"nfe":30000,"gps":[[0.1]],"lps":[[0.299],[0.498],[0.703]],"fps":[[0.315],[0.079],[0.513],[0.241],[0.585]],"np":4,"gp":1,"pr":0.4444444444444444,"gpr":1,"lp":3,"lpr":0.75,"fpr":0.5555555555555556,"reason":"statistic"}