{"avgHealth":5.922195546770296,"seeds":[[0.306],[0.114],[0.498],[0.125],[0.259],[0.058],[0.886],[0.042],[0.647],[0.362],[0.237],[0.029],[0.372],[0.828],[0.97],[0.221],[0.779],[0.986],[0.21],[0.81],[0.592],[0.196],[0.003],[0.997]],"nseeds":24,"executions":150,"nfe":15500,"gps":[],"lps":[[0.498]],"fps":[[0.306],[0.114],[0.125],[0.259],[0.058],[0.886],[0.042],[0.647],[0.362],[0.237],[0.029],[0.372],[0.828],[0.97],[0.221],[0.779],[0.986],[0.21],[0.81],[0.592],[0.196],[0.003],[0.997]],"np":1,"gp":0,"pr":0.041666666666666664,"gpr":0,"lp":1,"lpr":0.25,"fpr":0.9583333333333334,"reason":"statistic"}