{"avgHealth":96.53597319458113,"seeds":[[0.31],[0.081],[0.513],[0.695],[0.705],[0.715],[0.056],[0.145],[0.732],[0.541],[0.457],[0.155],[0.045],[0.554],[0.441],[0.754],[0.953],[0.966],[0.831],[0.628],[0.574],[0.976],[0.584],[0.004]],"nseeds":24,"executions":193,"nfe":19800,"gps":[],"lps":[[0.695]],"fps":[[0.31],[0.081],[0.513],[0.705],[0.715],[0.056],[0.145],[0.732],[0.541],[0.457],[0.155],[0.045],[0.554],[0.441],[0.754],[0.953],[0.966],[0.831],[0.628],[0.574],[0.976],[0.584],[0.004]],"np":1,"gp":0,"pr":0.041666666666666664,"gpr":0,"lp":1,"lpr":0.25,"fpr":0.9583333333333334,"reason":"statistic"}