{"avgHealth":19.93922755049998,"seeds":[[0.098],[0.132],[0.688],[0.335],[0.719],[0.901],[0.925],[0.86],[0.56],[0.227],[0.778],[0.591],[0.794]],"nseeds":13,"executions":529,"nfe":53400,"gps":[[0.098]],"lps":[[0.901]],"fps":[[0.132],[0.688],[0.335],[0.719],[0.925],[0.86],[0.56],[0.227],[0.778],[0.591],[0.794]],"np":2,"gp":1,"pr":0.15384615384615385,"gpr":1,"lp":1,"lpr":0.25,"fpr":0.8461538461538461,"reason":"statistic"}