{"avgHealth":0.9614145024793977,"seeds":[[0.1],[0.299],[0.113],[0.288],[0.318],[0.496],[0.513],[0.688],[0.049],[0.242],[0.559],[0.844],[0.767],[0.833],[0.782],[0.015],[0.589],[0.793]],"nseeds":18,"executions":176,"nfe":18100,"gps":[[0.1]],"lps":[[0.299],[0.496]],"fps":[[0.113],[0.288],[0.318],[0.513],[0.688],[0.049],[0.242],[0.559],[0.844],[0.767],[0.833],[0.782],[0.015],[0.589],[0.793]],"np":3,"gp":1,"pr":0.16666666666666666,"gpr":1,"lp":2,"lpr":0.5,"fpr":0.8333333333333334,"reason":"statistic"}