{"avgHealth":-0.014517392153025149,"seeds":[[0,0],[0.131,0],[0,-0.131],[-0.131,0],[0,0.131],[0.131,0.131],[-0.262,0]],"nseeds":7,"executions":3760,"nfe":376500,"gps":[[0,0]],"lps":[],"fps":[[0.131,0],[0,-0.131],[-0.131,0],[0,0.131],[0.131,0.131],[-0.262,0]],"np":1,"gp":1,"pr":0.14285714285714285,"gpr":1,"lp":0,"lpr":0,"fpr":0.8571428571428571,"reason":"statistic"}