{"avgHealth":-0.015905682253235135,"seeds":[[0,0],[-0.131,0],[0,-0.131],[0.131,0],[0,0.131],[-0.131,-0.131],[0,-0.262]],"nseeds":7,"executions":3682,"nfe":368700,"gps":[[0,0]],"lps":[],"fps":[[-0.131,0],[0,-0.131],[0.131,0],[0,0.131],[-0.131,-0.131],[0,-0.262]],"np":1,"gp":1,"pr":0.14285714285714285,"gpr":1,"lp":0,"lpr":0,"fpr":0.8571428571428571,"reason":"statistic"}