{"avgHealth":-0.015509027938889431,"seeds":[[0,0],[0,0.131],[0,-0.131],[-0.131,0],[0.131,0],[-0.262,0]],"nseeds":6,"executions":3562,"nfe":356700,"gps":[[0,0]],"lps":[],"fps":[[0,0.131],[0,-0.131],[-0.131,0],[0.131,0],[-0.262,0]],"np":1,"gp":1,"pr":0.16666666666666666,"gpr":1,"lp":0,"lpr":0,"fpr":0.8333333333333334,"reason":"statistic"}