{"avgHealth":-0.01689731803909941,"seeds":[[0,0],[0,0.131],[-0.131,0],[0,-0.131],[0.131,0],[-0.131,-0.131],[-0.262,0]],"nseeds":7,"executions":4052,"nfe":405700,"gps":[[0,0]],"lps":[],"fps":[[0,0.131],[-0.131,0],[0,-0.131],[0.131,0],[-0.131,-0.131],[-0.262,0]],"np":1,"gp":1,"pr":0.14285714285714285,"gpr":1,"lp":0,"lpr":0,"fpr":0.8571428571428571,"reason":"statistic"}