{"avgHealth":108.74045381986132,"seeds":[[0.1],[0.302],[0.113],[0.087],[0.292],[0.313],[0.282],[0.498],[0.486],[0.512],[0.125],[0.324],[0.072],[0.271],[0.522],[0.475],[0.7],[0.711],[0.684],[0.136],[0.336],[0.723],[0.261],[0.673],[0.464],[0.059],[0.897],[0.887],[0.537],[0.91],[0.877],[0.92],[0.662],[0.736],[0.347],[0.149],[0.93],[0.865],[0.048],[0.247],[0.549],[0.448],[0.652],[0.747],[0.853],[0.159],[0.358],[0.944],[0.038],[0.559],[0.642],[0.757],[0.236],[0.435],[0.955],[0.368],[0.838],[0.17],[0.57],[0.027],[0.63],[0.768],[0.965],[0.224],[0.38],[0.42],[0.822],[0.182],[0.977],[0.78],[0.618],[0.014],[0.213],[0.586],[0.39],[0.811],[0.989],[0.192],[0.608],[0.407],[0.792],[0.596],[0.003],[0.999]],"nseeds":84,"executions":10,"nfe":1500,"gps":[[0.1]],"lps":[[0.302],[0.498],[0.7],[0.897]],"fps":[[0.113],[0.087],[0.292],[0.313],[0.282],[0.486],[0.512],[0.125],[0.324],[0.072],[0.271],[0.522],[0.475],[0.711],[0.684],[0.136],[0.336],[0.723],[0.261],[0.673],[0.464],[0.059],[0.887],[0.537],[0.91],[0.877],[0.92],[0.662],[0.736],[0.347],[0.149],[0.93],[0.865],[0.048],[0.247],[0.549],[0.448],[0.652],[0.747],[0.853],[0.159],[0.358],[0.944],[0.038],[0.559],[0.642],[0.757],[0.236],[0.435],[0.955],[0.368],[0.838],[0.17],[0.57],[0.027],[0.63],[0.768],[0.965],[0.224],[0.38],[0.42],[0.822],[0.182],[0.977],[0.78],[0.618],[0.014],[0.213],[0.586],[0.39],[0.811],[0.989],[0.192],[0.608],[0.407],[0.792],[0.596],[0.003],[0.999]],"np":5,"gp":1,"pr":0.05952380952380952,"gpr":1,"lp":4,"lpr":1,"fpr":0.9404761904761905,"reason":"statistic"}