{"avgHealth":0.873853104442968,"seeds":[[0.1],[0.09],[0.299],[0.112],[0.289],[0.311],[0.501],[0.511],[0.276],[0.073],[0.328],[0.699],[0.689],[0.71],[0.266],[0.72],[0.672],[0.34],[0.892],[0.914],[0.256],[0.732],[0.662],[0.924],[0.451],[0.352],[0.855],[0.042],[0.945],[0.645],[0.367],[0.973],[0.215],[0.813],[0.987],[0.201],[0.999],[1.012],[1.023]],"nseeds":39,"executions":92,"nfe":9700,"gps":[[0.1]],"lps":[[0.299],[0.501],[0.699],[0.892]],"fps":[[0.09],[0.112],[0.289],[0.311],[0.511],[0.276],[0.073],[0.328],[0.689],[0.71],[0.266],[0.72],[0.672],[0.34],[0.914],[0.256],[0.732],[0.662],[0.924],[0.451],[0.352],[0.855],[0.042],[0.945],[0.645],[0.367],[0.973],[0.215],[0.813],[0.987],[0.201],[0.999],[1.012],[1.023]],"np":5,"gp":1,"pr":0.1282051282051282,"gpr":1,"lp":4,"lpr":1,"fpr":0.8717948717948718,"reason":"statistic"}