{"avgHealth":0.83965114622029,"seeds":[[0.1],[0.299],[0.111],[0.088],[0.309],[0.289],[0.319],[0.077],[0.278],[0.127],[0.7],[0.268],[0.688],[0.711],[0.063],[0.721],[0.534],[0.888],[0.667],[0.256],[0.458],[0.053],[0.151],[0.742],[0.654],[0.244],[0.036],[0.564],[0.167],[0.233],[0.433],[0.763],[0.372],[0.222],[0.18],[0.817],[0.212],[0.191],[0.201]],"nseeds":39,"executions":162,"nfe":16700,"gps":[[0.1]],"lps":[[0.299],[0.7]],"fps":[[0.111],[0.088],[0.309],[0.289],[0.319],[0.077],[0.278],[0.127],[0.268],[0.688],[0.711],[0.063],[0.721],[0.534],[0.888],[0.667],[0.256],[0.458],[0.053],[0.151],[0.742],[0.654],[0.244],[0.036],[0.564],[0.167],[0.233],[0.433],[0.763],[0.372],[0.222],[0.18],[0.817],[0.212],[0.191],[0.201]],"np":3,"gp":1,"pr":0.07692307692307693,"gpr":1,"lp":2,"lpr":0.5,"fpr":0.9230769230769231,"reason":"statistic"}