{"avgHealth":113.5072898355819,"seeds":[[0.1],[0.09],[0.3],[0.111],[0.29],[0.313],[0.499],[0.123],[0.077],[0.488],[0.278],[0.51],[0.323],[0.477],[0.521],[0.698],[0.709],[0.687],[0.134],[0.066],[0.334],[0.264],[0.677],[0.72],[0.464],[0.534],[0.897],[0.911],[0.667],[0.73],[0.056],[0.877],[0.146],[0.346],[0.923],[0.453],[0.867],[0.74],[0.657],[0.547],[0.246],[0.045],[0.938],[0.856],[0.356],[0.75],[0.159],[0.443],[0.644],[0.948],[0.559],[0.844],[0.762],[0.958],[0.368],[0.634],[0.229],[0.429],[0.834],[0.173],[0.573],[0.773],[0.971],[0.379],[0.622],[0.183],[0.82],[0.417],[0.583],[0.783],[0.611],[0.39],[0.407],[0.593],[0.993],[0.805],[0.196],[0.004]],"nseeds":78,"executions":15,"nfe":2000,"gps":[[0.1]],"lps":[[0.3],[0.499],[0.698],[0.897]],"fps":[[0.09],[0.111],[0.29],[0.313],[0.123],[0.077],[0.488],[0.278],[0.51],[0.323],[0.477],[0.521],[0.709],[0.687],[0.134],[0.066],[0.334],[0.264],[0.677],[0.72],[0.464],[0.534],[0.911],[0.667],[0.73],[0.056],[0.877],[0.146],[0.346],[0.923],[0.453],[0.867],[0.74],[0.657],[0.547],[0.246],[0.045],[0.938],[0.856],[0.356],[0.75],[0.159],[0.443],[0.644],[0.948],[0.559],[0.844],[0.762],[0.958],[0.368],[0.634],[0.229],[0.429],[0.834],[0.173],[0.573],[0.773],[0.971],[0.379],[0.622],[0.183],[0.82],[0.417],[0.583],[0.783],[0.611],[0.39],[0.407],[0.593],[0.993],[0.805],[0.196],[0.004]],"np":5,"gp":1,"pr":0.0641025641025641,"gpr":1,"lp":4,"lpr":1,"fpr":0.9358974358974359,"reason":"statistic"}