{"avgHealth":0.8312072466927382,"seeds":[[0.1],[0.3],[0.111],[0.088],[0.29],[0.31],[0.5],[0.49],[0.323],[0.074],[0.698],[0.708],[0.688],[0.136],[0.264],[0.335],[0.063],[0.719],[0.536],[0.888],[0.457],[0.053],[0.252],[0.349],[0.151],[0.042],[0.241],[0.361],[0.642],[0.759],[0.169],[0.23],[0.375],[0.024],[0.22],[0.823],[0.186],[0.008],[0.208],[0.407],[0.196]],"nseeds":41,"executions":192,"nfe":19700,"gps":[[0.1]],"lps":[[0.3],[0.5],[0.698]],"fps":[[0.111],[0.088],[0.29],[0.31],[0.49],[0.323],[0.074],[0.708],[0.688],[0.136],[0.264],[0.335],[0.063],[0.719],[0.536],[0.888],[0.457],[0.053],[0.252],[0.349],[0.151],[0.042],[0.241],[0.361],[0.642],[0.759],[0.169],[0.23],[0.375],[0.024],[0.22],[0.823],[0.186],[0.008],[0.208],[0.407],[0.196]],"np":4,"gp":1,"pr":0.0975609756097561,"gpr":1,"lp":3,"lpr":0.75,"fpr":0.9024390243902439,"reason":"statistic"}