{"avgHealth":0.8489130115340096,"seeds":[[0.1],[0.299],[0.088],[0.309],[0.119],[0.499],[0.075],[0.521],[0.7],[0.267],[0.712],[0.722],[0.056],[0.147],[0.456],[0.74],[0.248],[0.647],[0.159],[0.041],[0.238],[0.227],[0.833],[0.378],[0.019],[0.977],[0.184],[0.215],[0.586],[0.194],[0.205]],"nseeds":31,"executions":139,"nfe":14400,"gps":[[0.1]],"lps":[[0.299],[0.499],[0.7]],"fps":[[0.088],[0.309],[0.119],[0.075],[0.521],[0.267],[0.712],[0.722],[0.056],[0.147],[0.456],[0.74],[0.248],[0.647],[0.159],[0.041],[0.238],[0.227],[0.833],[0.378],[0.019],[0.977],[0.184],[0.215],[0.586],[0.194],[0.205]],"np":4,"gp":1,"pr":0.12903225806451613,"gpr":1,"lp":3,"lpr":0.75,"fpr":0.8709677419354839,"reason":"statistic"}