{"avgHealth":102.24376621671584,"seeds":[[0.101],[0.299],[0.089],[0.113],[0.289],[0.31],[0.5],[0.077],[0.124],[0.321],[0.51],[0.277],[0.482],[0.522],[0.7],[0.69],[0.267],[0.47],[0.716],[0.334],[0.679],[0.063],[0.139],[0.897],[0.536],[0.669],[0.885],[0.914],[0.458],[0.733],[0.254],[0.874],[0.053],[0.348],[0.658],[0.929],[0.547],[0.864],[0.743],[0.154],[0.244],[0.94],[0.445],[0.358],[0.646],[0.557],[0.038],[0.848],[0.755],[0.95],[0.166],[0.435],[0.635],[0.837],[0.23],[0.568],[0.961],[0.766],[0.372],[0.027],[0.827],[0.422],[0.623],[0.22],[0.974],[0.579],[0.182],[0.016],[0.783],[0.387],[0.984],[0.814],[0.412],[0.612],[0.21],[0.591],[0.193],[0.793],[0.005],[0.994],[0.803],[0.399]],"nseeds":82,"executions":9,"nfe":1400,"gps":[[0.101]],"lps":[[0.299],[0.5],[0.7],[0.897]],"fps":[[0.089],[0.113],[0.289],[0.31],[0.077],[0.124],[0.321],[0.51],[0.277],[0.482],[0.522],[0.69],[0.267],[0.47],[0.716],[0.334],[0.679],[0.063],[0.139],[0.536],[0.669],[0.885],[0.914],[0.458],[0.733],[0.254],[0.874],[0.053],[0.348],[0.658],[0.929],[0.547],[0.864],[0.743],[0.154],[0.244],[0.94],[0.445],[0.358],[0.646],[0.557],[0.038],[0.848],[0.755],[0.95],[0.166],[0.435],[0.635],[0.837],[0.23],[0.568],[0.961],[0.766],[0.372],[0.027],[0.827],[0.422],[0.623],[0.22],[0.974],[0.579],[0.182],[0.016],[0.783],[0.387],[0.984],[0.814],[0.412],[0.612],[0.21],[0.591],[0.193],[0.793],[0.005],[0.994],[0.803],[0.399]],"np":5,"gp":1,"pr":0.06097560975609756,"gpr":1,"lp":4,"lpr":1,"fpr":0.9390243902439024,"reason":"statistic"}