{"avgHealth":169.27752522204975,"seeds":[[0.101],[0.091],[0.298],[0.113],[0.308],[0.288],[0.318],[0.5],[0.511],[0.277],[0.486],[0.075],[0.129],[0.328],[0.521],[0.476],[0.695],[0.683],[0.266],[0.715],[0.064],[0.139],[0.672],[0.898],[0.908],[0.887],[0.256],[0.92],[0.874],[0.736],[0.151],[0.931],[0.655],[0.351],[0.857],[0.943],[0.241],[0.752],[0.162],[0.845],[0.639],[0.953],[0.367],[0.763],[0.963],[0.227],[0.833],[0.627],[0.176],[0.773],[0.577],[0.38],[0.819],[0.015],[0.415],[0.615],[0.187],[0.787],[0.591],[0.991],[0.206],[0.001],[0.399],[0.799]],"nseeds":64,"executions":18,"nfe":2300,"gps":[[0.101]],"lps":[[0.298],[0.5],[0.695],[0.898]],"fps":[[0.091],[0.113],[0.308],[0.288],[0.318],[0.511],[0.277],[0.486],[0.075],[0.129],[0.328],[0.521],[0.476],[0.683],[0.266],[0.715],[0.064],[0.139],[0.672],[0.908],[0.887],[0.256],[0.92],[0.874],[0.736],[0.151],[0.931],[0.655],[0.351],[0.857],[0.943],[0.241],[0.752],[0.162],[0.845],[0.639],[0.953],[0.367],[0.763],[0.963],[0.227],[0.833],[0.627],[0.176],[0.773],[0.577],[0.38],[0.819],[0.015],[0.415],[0.615],[0.187],[0.787],[0.591],[0.991],[0.206],[0.001],[0.399],[0.799]],"np":5,"gp":1,"pr":0.078125,"gpr":1,"lp":4,"lpr":1,"fpr":0.921875,"reason":"statistic"}