{"avgHealth":0.8619854246196247,"seeds":[[0.1],[0.299],[0.311],[0.084],[0.287],[0.497],[0.509],[0.275],[0.326],[0.697],[0.523],[0.707],[0.718],[0.264],[0.137],[0.462],[0.728],[0.886],[0.055],[0.253],[0.149],[0.739],[0.654],[0.16],[0.237],[0.839],[0.224],[0.977],[0.213],[0.192]],"nseeds":30,"executions":130,"nfe":13500,"gps":[[0.1]],"lps":[[0.299],[0.497],[0.697]],"fps":[[0.311],[0.084],[0.287],[0.509],[0.275],[0.326],[0.523],[0.707],[0.718],[0.264],[0.137],[0.462],[0.728],[0.886],[0.055],[0.253],[0.149],[0.739],[0.654],[0.16],[0.237],[0.839],[0.224],[0.977],[0.213],[0.192]],"np":4,"gp":1,"pr":0.13333333333333333,"gpr":1,"lp":3,"lpr":0.75,"fpr":0.8666666666666667,"reason":"statistic"}