{"avgHealth":0.7444155329397666,"seeds":[[0.1],[0.299],[0.111],[0.089],[0.311],[0.498],[0.508],[0.124],[0.277],[0.486],[0.518],[0.068],[0.706],[0.331],[0.266],[0.716],[0.529],[0.727],[0.908],[0.885],[0.055],[0.921],[0.661],[0.871],[0.151],[0.936],[0.857],[0.749],[0.042],[0.358],[0.557],[0.642],[0.168],[0.232],[0.763],[0.028],[0.964],[0.573],[0.827],[0.182],[0.018],[0.218],[0.977],[0.616],[0.815],[0.388],[0.789],[0.988],[0.192],[0.004],[0.203],[1.012],[1.022],[1.002]],"nseeds":54,"executions":310,"nfe":31500,"gps":[[0.1]],"lps":[[0.299],[0.498]],"fps":[[0.111],[0.089],[0.311],[0.508],[0.124],[0.277],[0.486],[0.518],[0.068],[0.706],[0.331],[0.266],[0.716],[0.529],[0.727],[0.908],[0.885],[0.055],[0.921],[0.661],[0.871],[0.151],[0.936],[0.857],[0.749],[0.042],[0.358],[0.557],[0.642],[0.168],[0.232],[0.763],[0.028],[0.964],[0.573],[0.827],[0.182],[0.018],[0.218],[0.977],[0.616],[0.815],[0.388],[0.789],[0.988],[0.192],[0.004],[0.203],[1.012],[1.022],[1.002]],"np":3,"gp":1,"pr":0.05555555555555555,"gpr":1,"lp":2,"lpr":0.5,"fpr":0.9444444444444444,"reason":"statistic"}