{"avgHealth":107.7067473974101,"seeds":[[0.1],[0.3],[0.087],[0.31],[0.286],[0.12],[0.498],[0.32],[0.488],[0.076],[0.511],[0.273],[0.477],[0.522],[0.696],[0.33],[0.706],[0.134],[0.685],[0.717],[0.062],[0.675],[0.262],[0.532],[0.9],[0.34],[0.888],[0.728],[0.916],[0.664],[0.146],[0.457],[0.874],[0.542],[0.052],[0.738],[0.927],[0.654],[0.862],[0.447],[0.552],[0.94],[0.75],[0.241],[0.04],[0.95],[0.76],[0.366],[0.637],[0.84],[0.566],[0.432],[0.03],[0.96],[0.77],[0.828],[0.223],[0.422],[0.577],[0.974],[0.182],[0.619],[0.781],[0.384],[0.014],[0.984],[0.587],[0.814],[0.609],[0.208],[0.194],[0.395],[0.994],[0.003],[0.599],[0.8]],"nseeds":76,"executions":10,"nfe":1500,"gps":[[0.1]],"lps":[[0.3],[0.498],[0.696],[0.9]],"fps":[[0.087],[0.31],[0.286],[0.12],[0.32],[0.488],[0.076],[0.511],[0.273],[0.477],[0.522],[0.33],[0.706],[0.134],[0.685],[0.717],[0.062],[0.675],[0.262],[0.532],[0.34],[0.888],[0.728],[0.916],[0.664],[0.146],[0.457],[0.874],[0.542],[0.052],[0.738],[0.927],[0.654],[0.862],[0.447],[0.552],[0.94],[0.75],[0.241],[0.04],[0.95],[0.76],[0.366],[0.637],[0.84],[0.566],[0.432],[0.03],[0.96],[0.77],[0.828],[0.223],[0.422],[0.577],[0.974],[0.182],[0.619],[0.781],[0.384],[0.014],[0.984],[0.587],[0.814],[0.609],[0.208],[0.194],[0.395],[0.994],[0.003],[0.599],[0.8]],"np":5,"gp":1,"pr":0.06578947368421052,"gpr":1,"lp":4,"lpr":1,"fpr":0.9342105263157895,"reason":"statistic"}