{"avgHealth":0.8312319864335964,"seeds":[[0.1],[0.299],[0.309],[0.115],[0.288],[0.499],[0.319],[0.074],[0.479],[0.271],[0.697],[0.712],[0.684],[0.722],[0.672],[0.339],[0.891],[0.258],[0.461],[0.055],[0.732],[0.662],[0.151],[0.931],[0.651],[0.747],[0.243],[0.846],[0.951],[0.365],[0.76],[0.232],[0.432],[0.376],[0.222],[0.818],[0.212],[0.011],[0.192]],"nseeds":39,"executions":149,"nfe":15400,"gps":[[0.1]],"lps":[[0.299],[0.499],[0.697],[0.891]],"fps":[[0.309],[0.115],[0.288],[0.319],[0.074],[0.479],[0.271],[0.712],[0.684],[0.722],[0.672],[0.339],[0.258],[0.461],[0.055],[0.732],[0.662],[0.151],[0.931],[0.651],[0.747],[0.243],[0.846],[0.951],[0.365],[0.76],[0.232],[0.432],[0.376],[0.222],[0.818],[0.212],[0.011],[0.192]],"np":5,"gp":1,"pr":0.1282051282051282,"gpr":1,"lp":4,"lpr":1,"fpr":0.8717948717948718,"reason":"statistic"}