{"avgHealth":120.8274001974275,"seeds":[[0.101],[0.301],[0.088],[0.291],[0.116],[0.312],[0.503],[0.493],[0.077],[0.279],[0.513],[0.323],[0.127],[0.478],[0.698],[0.269],[0.525],[0.687],[0.711],[0.066],[0.333],[0.137],[0.677],[0.722],[0.535],[0.259],[0.902],[0.892],[0.462],[0.882],[0.914],[0.664],[0.733],[0.345],[0.053],[0.148],[0.925],[0.87],[0.545],[0.452],[0.743],[0.653],[0.939],[0.355],[0.159],[0.241],[0.85],[0.559],[0.755],[0.641],[0.951],[0.366],[0.84],[0.23],[0.43],[0.767],[0.173],[0.83],[0.627],[0.377],[0.022],[0.577],[0.973],[0.78],[0.819],[0.617],[0.215],[0.415],[0.983],[0.59],[0.79],[0.393],[0.808],[0.607],[0.997],[0.201]],"nseeds":76,"executions":13,"nfe":1800,"gps":[[0.101]],"lps":[[0.301],[0.503],[0.698],[0.902],[0.892]],"fps":[[0.088],[0.291],[0.116],[0.312],[0.493],[0.077],[0.279],[0.513],[0.323],[0.127],[0.478],[0.269],[0.525],[0.687],[0.711],[0.066],[0.333],[0.137],[0.677],[0.722],[0.535],[0.259],[0.462],[0.882],[0.914],[0.664],[0.733],[0.345],[0.053],[0.148],[0.925],[0.87],[0.545],[0.452],[0.743],[0.653],[0.939],[0.355],[0.159],[0.241],[0.85],[0.559],[0.755],[0.641],[0.951],[0.366],[0.84],[0.23],[0.43],[0.767],[0.173],[0.83],[0.627],[0.377],[0.022],[0.577],[0.973],[0.78],[0.819],[0.617],[0.215],[0.415],[0.983],[0.59],[0.79],[0.393],[0.808],[0.607],[0.997],[0.201]],"np":6,"gp":1,"pr":0.07894736842105263,"gpr":1,"lp":5,"lpr":1.25,"fpr":0.9210526315789473,"reason":"statistic"}