{"avgHealth":0.785955293677044,"seeds":[[0.1],[0.299],[0.089],[0.309],[0.288],[0.116],[0.502],[0.492],[0.075],[0.326],[0.271],[0.524],[0.708],[0.136],[0.725],[0.343],[0.055],[0.457],[0.254],[0.921],[0.87],[0.545],[0.15],[0.355],[0.855],[0.242],[0.16],[0.039],[0.561],[0.761],[0.368],[0.231],[0.838],[0.572],[0.968],[0.023],[0.827],[0.624],[0.179],[0.221],[0.412],[0.21],[0.811],[0.61],[0.193],[0.793]],"nseeds":46,"executions":247,"nfe":25200,"gps":[[0.1]],"lps":[[0.299],[0.502]],"fps":[[0.089],[0.309],[0.288],[0.116],[0.492],[0.075],[0.326],[0.271],[0.524],[0.708],[0.136],[0.725],[0.343],[0.055],[0.457],[0.254],[0.921],[0.87],[0.545],[0.15],[0.355],[0.855],[0.242],[0.16],[0.039],[0.561],[0.761],[0.368],[0.231],[0.838],[0.572],[0.968],[0.023],[0.827],[0.624],[0.179],[0.221],[0.412],[0.21],[0.811],[0.61],[0.193],[0.793]],"np":3,"gp":1,"pr":0.06521739130434782,"gpr":1,"lp":2,"lpr":0.5,"fpr":0.9347826086956522,"reason":"statistic"}