{"avgHealth":0.7973137274421015,"seeds":[[0.1],[0.299],[0.111],[0.289],[0.311],[0.08],[0.502],[0.513],[0.323],[0.479],[0.271],[0.699],[0.71],[0.063],[0.72],[0.673],[0.26],[0.895],[0.885],[0.144],[0.731],[0.919],[0.541],[0.872],[0.047],[0.352],[0.154],[0.552],[0.939],[0.648],[0.852],[0.036],[0.562],[0.957],[0.232],[0.835],[0.025],[0.222],[0.777],[0.823],[0.813],[0.991],[0.792],[0.802],[0.201]],"nseeds":45,"executions":220,"nfe":22500,"gps":[[0.1]],"lps":[[0.299],[0.502],[0.699],[0.895]],"fps":[[0.111],[0.289],[0.311],[0.08],[0.513],[0.323],[0.479],[0.271],[0.71],[0.063],[0.72],[0.673],[0.26],[0.885],[0.144],[0.731],[0.919],[0.541],[0.872],[0.047],[0.352],[0.154],[0.552],[0.939],[0.648],[0.852],[0.036],[0.562],[0.957],[0.232],[0.835],[0.025],[0.222],[0.777],[0.823],[0.813],[0.991],[0.792],[0.802],[0.201]],"np":5,"gp":1,"pr":0.1111111111111111,"gpr":1,"lp":4,"lpr":1,"fpr":0.8888888888888888,"reason":"statistic"}