{"avgHealth":175.8764518402595,"seeds":[[0.102],[0.091],[0.299],[0.114],[0.309],[0.289],[0.079],[0.498],[0.319],[0.488],[0.277],[0.513],[0.126],[0.478],[0.699],[0.331],[0.711],[0.267],[0.533],[0.059],[0.67],[0.903],[0.89],[0.729],[0.915],[0.878],[0.455],[0.925],[0.868],[0.15],[0.74],[0.249],[0.549],[0.935],[0.046],[0.858],[0.647],[0.358],[0.751],[0.239],[0.559],[0.952],[0.035],[0.763],[0.962],[0.63],[0.571],[0.226],[0.831],[0.025],[0.423],[0.974],[0.216],[0.583],[0.782],[0.616],[0.985],[0.411],[0.01],[0.391],[0.808],[0.793],[0.606],[0.995]],"nseeds":64,"executions":12,"nfe":1700,"gps":[[0.102]],"lps":[[0.299],[0.498],[0.699],[0.903]],"fps":[[0.091],[0.114],[0.309],[0.289],[0.079],[0.319],[0.488],[0.277],[0.513],[0.126],[0.478],[0.331],[0.711],[0.267],[0.533],[0.059],[0.67],[0.89],[0.729],[0.915],[0.878],[0.455],[0.925],[0.868],[0.15],[0.74],[0.249],[0.549],[0.935],[0.046],[0.858],[0.647],[0.358],[0.751],[0.239],[0.559],[0.952],[0.035],[0.763],[0.962],[0.63],[0.571],[0.226],[0.831],[0.025],[0.423],[0.974],[0.216],[0.583],[0.782],[0.616],[0.985],[0.411],[0.01],[0.391],[0.808],[0.793],[0.606],[0.995]],"np":5,"gp":1,"pr":0.078125,"gpr":1,"lp":4,"lpr":1,"fpr":0.921875,"reason":"statistic"}