{"avgHealth":0.7472811946173518,"seeds":[[3.141592653589793],[3.1541590242041515],[3.1164599123610746],[3.1667253948185117],[3.1918581360472302],[3.2044245066615886],[3.216990877275949],[3.2421236185046673],[3.2546899891190257],[3.015928947446202],[3.2798227303477443],[3.003362576831842],[2.9907962062174835],[3.2923891009621027],[3.304955471576463],[2.9782298356031234],[3.3175218421908212],[3.3300882128051814],[3.34265458341954],[2.9279643531456863],[3.3552209540339],[3.3677873246482584],[2.915397982531328],[2.9028316119169695],[3.3803536952626168],[3.392920065876977],[3.4054864364913353],[3.4180528071056955],[3.430619177720054],[3.5060174014062095],[3.581415625092365],[3.5939819957067236],[3.6065483663210838],[2.6012387171723486],[3.694512960621598],[2.5886723465579884],[3.7070793312359562],[3.7196457018503164],[3.732212072464675],[2.525840493486193],[2.5132741228718345],[2.5007077522574743],[3.7950439255364703],[3.8076102961508305],[3.820176666765189],[2.400176787342602],[3.908141261065703],[2.3499113048851665],[2.3373449342708064],[2.312212193042088],[2.2116812281272153],[4.084070449666731],[2.199114857512855],[2.186548486898497],[4.259999638267759],[4.347964232568273],[1.847256480310799],[4.511327050554943],[1.7718582566246432],[4.523893421169301],[1.7467255153959247],[1.7215927741672061],[1.7090264035528477],[1.6838936623241292],[1.67132729170977],[1.6461945504810513],[1.633628179866692],[1.6084954386379744],[4.687256239155971],[-1.809557368467721],[-1.5959290680236151],[-2.136283004441059],[-3.9081412610657025],[-4.511327050554943],[-4.54902616239802],[-4.561592533012379],[-6.182654342264713],[-6.132388859807276],[-5.843362335677015],[-5.793096853219579],[-5.7805304826052195],[-5.654866776461628],[-5.642300405847268],[-5.541769440932395],[-5.504070329089318],[-5.491503958474958],[-5.453804846631881],[-5.340707511102648],[-5.290442028645211],[-0.6031857894892401],[-0.5906194188748808],[-0.4523893421169296],[-0.389557489045135],[6.283185307179586],[6.270618936565228],[6.220353454107791],[0.16336281798666974],[0.17592918860102813],[0.1884955592153874],[0.2010619298297467],[6.0821233773498395],[0.21362830044410597],[0.22619467105846525],[0.2513274122871838],[0.2638937829015431],[0.30159289474462003],[0.3141592653589793],[0.3267256359733386],[5.956459671206247],[0.33929200658769787],[0.35185837720205715],[0.36442474781641643],[0.3769911184307757],[0.42725660088821193],[0.46495571273128977],[0.47752208334564905],[0.5026548245743676],[5.76796411199086],[0.5152211951887269],[0.5277875658030853],[0.5403539364174446],[1.5582299561805373],[0.603185789489241],[0.6157521601036002],[0.6785840131753957],[0.691150383789755],[1.545663585566178],[0.7037167544041143],[5.554335811546753],[0.7414158662471921],[5.529203070318035],[1.5330972149518187],[0.8042477193189868],[0.8168140899333451],[5.453804846631881],[5.4412384760175225],[0.854513201776423],[1.5205308443374594],[5.416105734788804],[5.403539364174446],[0.9173450548482194],[1.507964473723101],[5.32814114048829],[0.9801769079200149],[1.0053096491487334],[1.0178760197630927],[1.030442390377452],[5.240176546187776],[1.0430087609918113],[1.068141502220529],[5.189911063730339],[1.0932742434492475],[1.1058406140636068],[5.152211951887262],[1.1686724671354023],[1.4074335088082268],[1.1812388377497616],[1.2063715789784801],[5.026548245743669],[1.3446016557364313],[4.951150022057513],[1.332035285122072],[1.281769802664635],[1.3194689145077128],[1.2943361732789942],[1.3069025438933535]],"nseeds":166,"executions":814,"nfe":81900,"gps":[[3.141592653589793]],"lps":[],"fps":[[3.1541590242041515],[3.1164599123610746],[3.1667253948185117],[3.1918581360472302],[3.2044245066615886],[3.216990877275949],[3.2421236185046673],[3.2546899891190257],[3.015928947446202],[3.2798227303477443],[3.003362576831842],[2.9907962062174835],[3.2923891009621027],[3.304955471576463],[2.9782298356031234],[3.3175218421908212],[3.3300882128051814],[3.34265458341954],[2.9279643531456863],[3.3552209540339],[3.3677873246482584],[2.915397982531328],[2.9028316119169695],[3.3803536952626168],[3.392920065876977],[3.4054864364913353],[3.4180528071056955],[3.430619177720054],[3.5060174014062095],[3.581415625092365],[3.5939819957067236],[3.6065483663210838],[2.6012387171723486],[3.694512960621598],[2.5886723465579884],[3.7070793312359562],[3.7196457018503164],[3.732212072464675],[2.525840493486193],[2.5132741228718345],[2.5007077522574743],[3.7950439255364703],[3.8076102961508305],[3.820176666765189],[2.400176787342602],[3.908141261065703],[2.3499113048851665],[2.3373449342708064],[2.312212193042088],[2.2116812281272153],[4.084070449666731],[2.199114857512855],[2.186548486898497],[4.259999638267759],[4.347964232568273],[1.847256480310799],[4.511327050554943],[1.7718582566246432],[4.523893421169301],[1.7467255153959247],[1.7215927741672061],[1.7090264035528477],[1.6838936623241292],[1.67132729170977],[1.6461945504810513],[1.633628179866692],[1.6084954386379744],[4.687256239155971],[-1.809557368467721],[-1.5959290680236151],[-2.136283004441059],[-3.9081412610657025],[-4.511327050554943],[-4.54902616239802],[-4.561592533012379],[-6.182654342264713],[-6.132388859807276],[-5.843362335677015],[-5.793096853219579],[-5.7805304826052195],[-5.654866776461628],[-5.642300405847268],[-5.541769440932395],[-5.504070329089318],[-5.491503958474958],[-5.453804846631881],[-5.340707511102648],[-5.290442028645211],[-0.6031857894892401],[-0.5906194188748808],[-0.4523893421169296],[-0.389557489045135],[6.283185307179586],[6.270618936565228],[6.220353454107791],[0.16336281798666974],[0.17592918860102813],[0.1884955592153874],[0.2010619298297467],[6.0821233773498395],[0.21362830044410597],[0.22619467105846525],[0.2513274122871838],[0.2638937829015431],[0.30159289474462003],[0.3141592653589793],[0.3267256359733386],[5.956459671206247],[0.33929200658769787],[0.35185837720205715],[0.36442474781641643],[0.3769911184307757],[0.42725660088821193],[0.46495571273128977],[0.47752208334564905],[0.5026548245743676],[5.76796411199086],[0.5152211951887269],[0.5277875658030853],[0.5403539364174446],[1.5582299561805373],[0.603185789489241],[0.6157521601036002],[0.6785840131753957],[0.691150383789755],[1.545663585566178],[0.7037167544041143],[5.554335811546753],[0.7414158662471921],[5.529203070318035],[1.5330972149518187],[0.8042477193189868],[0.8168140899333451],[5.453804846631881],[5.4412384760175225],[0.854513201776423],[1.5205308443374594],[5.416105734788804],[5.403539364174446],[0.9173450548482194],[1.507964473723101],[5.32814114048829],[0.9801769079200149],[1.0053096491487334],[1.0178760197630927],[1.030442390377452],[5.240176546187776],[1.0430087609918113],[1.068141502220529],[5.189911063730339],[1.0932742434492475],[1.1058406140636068],[5.152211951887262],[1.1686724671354023],[1.4074335088082268],[1.1812388377497616],[1.2063715789784801],[5.026548245743669],[1.3446016557364313],[4.951150022057513],[1.332035285122072],[1.281769802664635],[1.3194689145077128],[1.2943361732789942],[1.3069025438933535]],"np":1,"gp":1,"pr":0.006024096385542169,"gpr":1,"fpr":0.9939759036144579,"reason":"statistic"}