{"avgHealth":0.7403818129069284,"seeds":[[3.141592653589793],[3.1541590242041515],[3.1164599123610746],[3.103893541746716],[3.2044245066615886],[3.053628059289279],[3.229557247890307],[3.015928947446202],[3.003362576831842],[2.9907962062174835],[3.2923891009621027],[3.304955471576463],[2.965663464988765],[3.3175218421908212],[3.3300882128051814],[2.953097094374405],[2.9279643531456863],[3.3552209540339],[2.915397982531328],[2.9028316119169695],[3.392920065876977],[3.4054864364913353],[3.4180528071056955],[2.8525661294595324],[3.430619177720054],[2.839999758845172],[2.8023006470020952],[3.6693802193928793],[2.6012387171723486],[2.5886723465579884],[3.7070793312359562],[3.7196457018503164],[3.732212072464675],[2.525840493486193],[3.7699111843077517],[2.5132741228718345],[2.5007077522574743],[3.7950439255364703],[2.488141381643116],[3.8076102961508305],[3.820176666765189],[3.908141261065703],[3.920707631680063],[3.9332740022944197],[2.3373449342708064],[2.312212193042088],[2.2996458224277294],[2.236813969355934],[2.2242475987415737],[2.2116812281272153],[2.199114857512855],[2.1739821162841366],[2.1614157456697782],[1.8723892215395175],[1.8346901096964388],[4.511327050554943],[4.523893421169301],[4.5364597917836615],[1.7467255153959247],[4.54902616239802],[1.7215927741672061],[1.6964600329384885],[4.586725274241099],[1.6838936623241292],[1.633628179866692],[-2.111150263212341],[-3.7573448136933925],[-3.807610296150829],[-3.870442149222625],[-3.8830085198369844],[-3.958406743523139],[-3.9835394847518577],[-3.996105855366217],[-4.121769561509809],[-4.197167785195964],[-4.39822971502571],[-4.4484951974831475],[-4.461061568097506],[-4.561592533012379],[-4.611858015469816],[-6.270618936565227],[-6.019291524278044],[-6.006725153663685],[-5.969026041820607],[-5.805663223833938],[-5.755397741376501],[-5.730265000147782],[-5.705132258919065],[-5.6925658883047054],[-5.667433147075987],[-5.642300405847268],[-5.529203070318036],[-5.504070329089318],[-5.491503958474958],[-5.453804846631881],[-5.441238476017522],[-5.416105734788803],[-5.390972993560085],[-5.340707511102648],[-5.2653092874164935],[-5.1773446931159794],[-5.064247357586746],[-4.724955350999049],[-4.737521721613408],[-0.5403539364174446],[-0.5277875658030853],[-0.5026548245743667],[6.144955230421635],[0.15079644737231046],[0.16336281798666974],[0.1884955592153874],[0.2010619298297467],[0.21362830044410597],[0.23876104167282453],[0.27646015351590236],[0.28902652413026164],[5.943893300591888],[0.36442474781641643],[0.40212385965949426],[0.41469023027385266],[0.4523893421169305],[0.47752208334564905],[0.49008845396000833],[0.5152211951887269],[0.5654866776461631],[0.5906194188748817],[0.603185789489241],[0.6534512719466772],[0.6660176425610365],[1.545663585566178],[0.7037167544041143],[0.7162831250184736],[5.554335811546753],[1.5330972149518187],[5.416105734788804],[0.8922123136195008],[0.9173450548482194],[1.507964473723101],[0.9801769079200149],[0.9927432785343742],[1.0053096491487334],[5.227610175573416],[1.0807078728348882],[5.189911063730339],[1.4451326206513047],[5.16477832250162],[1.1435397259066846],[1.419999879422586],[1.156106096521044],[1.1686724671354023],[1.3948671381938684],[1.1938052083641209],[1.2063715789784801],[1.3823007675795091],[1.3446016557364313],[1.2692034320502765],[1.332035285122072],[1.281769802664635],[1.3194689145077128],[1.3069025438933535]],"nseeds":160,"executions":766,"nfe":77100,"gps":[[3.141592653589793]],"lps":[],"fps":[[3.1541590242041515],[3.1164599123610746],[3.103893541746716],[3.2044245066615886],[3.053628059289279],[3.229557247890307],[3.015928947446202],[3.003362576831842],[2.9907962062174835],[3.2923891009621027],[3.304955471576463],[2.965663464988765],[3.3175218421908212],[3.3300882128051814],[2.953097094374405],[2.9279643531456863],[3.3552209540339],[2.915397982531328],[2.9028316119169695],[3.392920065876977],[3.4054864364913353],[3.4180528071056955],[2.8525661294595324],[3.430619177720054],[2.839999758845172],[2.8023006470020952],[3.6693802193928793],[2.6012387171723486],[2.5886723465579884],[3.7070793312359562],[3.7196457018503164],[3.732212072464675],[2.525840493486193],[3.7699111843077517],[2.5132741228718345],[2.5007077522574743],[3.7950439255364703],[2.488141381643116],[3.8076102961508305],[3.820176666765189],[3.908141261065703],[3.920707631680063],[3.9332740022944197],[2.3373449342708064],[2.312212193042088],[2.2996458224277294],[2.236813969355934],[2.2242475987415737],[2.2116812281272153],[2.199114857512855],[2.1739821162841366],[2.1614157456697782],[1.8723892215395175],[1.8346901096964388],[4.511327050554943],[4.523893421169301],[4.5364597917836615],[1.7467255153959247],[4.54902616239802],[1.7215927741672061],[1.6964600329384885],[4.586725274241099],[1.6838936623241292],[1.633628179866692],[-2.111150263212341],[-3.7573448136933925],[-3.807610296150829],[-3.870442149222625],[-3.8830085198369844],[-3.958406743523139],[-3.9835394847518577],[-3.996105855366217],[-4.121769561509809],[-4.197167785195964],[-4.39822971502571],[-4.4484951974831475],[-4.461061568097506],[-4.561592533012379],[-4.611858015469816],[-6.270618936565227],[-6.019291524278044],[-6.006725153663685],[-5.969026041820607],[-5.805663223833938],[-5.755397741376501],[-5.730265000147782],[-5.705132258919065],[-5.6925658883047054],[-5.667433147075987],[-5.642300405847268],[-5.529203070318036],[-5.504070329089318],[-5.491503958474958],[-5.453804846631881],[-5.441238476017522],[-5.416105734788803],[-5.390972993560085],[-5.340707511102648],[-5.2653092874164935],[-5.1773446931159794],[-5.064247357586746],[-4.724955350999049],[-4.737521721613408],[-0.5403539364174446],[-0.5277875658030853],[-0.5026548245743667],[6.144955230421635],[0.15079644737231046],[0.16336281798666974],[0.1884955592153874],[0.2010619298297467],[0.21362830044410597],[0.23876104167282453],[0.27646015351590236],[0.28902652413026164],[5.943893300591888],[0.36442474781641643],[0.40212385965949426],[0.41469023027385266],[0.4523893421169305],[0.47752208334564905],[0.49008845396000833],[0.5152211951887269],[0.5654866776461631],[0.5906194188748817],[0.603185789489241],[0.6534512719466772],[0.6660176425610365],[1.545663585566178],[0.7037167544041143],[0.7162831250184736],[5.554335811546753],[1.5330972149518187],[5.416105734788804],[0.8922123136195008],[0.9173450548482194],[1.507964473723101],[0.9801769079200149],[0.9927432785343742],[1.0053096491487334],[5.227610175573416],[1.0807078728348882],[5.189911063730339],[1.4451326206513047],[5.16477832250162],[1.1435397259066846],[1.419999879422586],[1.156106096521044],[1.1686724671354023],[1.3948671381938684],[1.1938052083641209],[1.2063715789784801],[1.3823007675795091],[1.3446016557364313],[1.2692034320502765],[1.332035285122072],[1.281769802664635],[1.3194689145077128],[1.3069025438933535]],"np":1,"gp":1,"pr":0.00625,"gpr":1,"fpr":0.99375,"reason":"statistic"}