{"avgHealth":0.7326347438209465,"seeds":[[3.141592653589793],[3.1541590242041515],[3.1164599123610746],[3.103893541746716],[3.216990877275949],[3.041061688674919],[3.2421236185046673],[3.2546899891190257],[3.015928947446202],[3.003362576831842],[2.9907962062174835],[3.304955471576463],[2.965663464988765],[3.3175218421908212],[2.953097094374405],[2.9279643531456863],[2.915397982531328],[3.3677873246482584],[2.9028316119169695],[3.4054864364913353],[2.877698870688251],[3.5562828838636467],[3.581415625092365],[3.6065483663210838],[3.619114736935442],[2.6515041996297857],[3.656813848778519],[2.613805087786707],[2.6012387171723486],[2.5886723465579884],[3.7070793312359562],[3.7196457018503164],[2.5007077522574743],[3.7950439255364703],[3.8076102961508305],[2.400176787342602],[2.3876104167282417],[3.9332740022944197],[2.3499113048851665],[3.9584067435231383],[2.324778563656448],[2.312212193042088],[2.236813969355934],[2.2116812281272153],[2.199114857512855],[2.186548486898497],[2.1739821162841366],[4.121769561509808],[2.1614157456697782],[4.511327050554943],[4.523893421169301],[1.7467255153959247],[4.56159253301238],[1.6964600329384885],[1.6838936623241292],[1.6461945504810513],[1.633628179866692],[-1.9603538158400315],[-3.7699111843077517],[-3.9207076316800618],[-3.958406743523139],[-4.0212385965949355],[-4.033804967209294],[-4.0589377084380125],[-4.071504079052373],[-4.084070449666731],[-4.10920319089545],[-4.172035043967245],[-4.184601414581604],[-4.322831491339556],[-4.373096973796992],[-4.39822971502571],[-4.435928826868788],[-4.461061568097506],[-4.523893421169301],[-5.642300405847268],[-5.61716766461855],[-5.6046012940041905],[-5.529203070318036],[-5.441238476017522],[-5.416105734788803],[-5.365840252331367],[-5.353273881717008],[-5.328141140488289],[-5.252742916802134],[-5.202477434344697],[-1.332035285122072],[6.283185307179586],[6.258052565950868],[6.182654342264712],[6.132388859807277],[0.15079644737231046],[0.17592918860102813],[0.1884955592153874],[0.2010619298297467],[0.21362830044410597],[0.23876104167282453],[0.2513274122871838],[0.2638937829015431],[0.30159289474462003],[0.3141592653589793],[0.33929200658769787],[0.36442474781641643],[5.906194188748811],[0.3769911184307757],[0.4398229715025712],[0.4523893421169305],[0.46495571273128977],[0.47752208334564905],[0.5026548245743676],[0.5152211951887269],[5.717698629533423],[0.5780530482605224],[0.6408849013323188],[0.6660176425610365],[1.545663585566178],[5.554335811546753],[0.7414158662471921],[5.529203070318035],[5.516636699703676],[0.7665486074759098],[0.7791149780902691],[5.504070329089316],[0.7916813487046275],[1.5330972149518187],[5.416105734788804],[0.8670795723907823],[5.403539364174446],[5.390972993560085],[0.8922123136195008],[0.9047786842338601],[1.507964473723101],[0.9550441666912963],[1.4953981031087418],[0.9801769079200149],[0.9927432785343742],[1.4828317324943825],[1.0430087609918113],[1.0555751316061697],[5.189911063730339],[1.0932742434492475],[5.16477832250162],[1.118406984677966],[1.4325662500369454],[1.1309733552923253],[1.1435397259066846],[1.156106096521044],[1.1686724671354023],[5.114512840044183],[1.1812388377497616],[1.2063715789784801],[1.3823007675795091],[1.2315043202071987],[1.244070690821558],[1.3571680263507906],[1.2566370614359172],[1.2692034320502765],[1.332035285122072],[1.3194689145077128],[1.3069025438933535]],"nseeds":160,"executions":642,"nfe":64700,"gps":[[3.141592653589793]],"lps":[],"fps":[[3.1541590242041515],[3.1164599123610746],[3.103893541746716],[3.216990877275949],[3.041061688674919],[3.2421236185046673],[3.2546899891190257],[3.015928947446202],[3.003362576831842],[2.9907962062174835],[3.304955471576463],[2.965663464988765],[3.3175218421908212],[2.953097094374405],[2.9279643531456863],[2.915397982531328],[3.3677873246482584],[2.9028316119169695],[3.4054864364913353],[2.877698870688251],[3.5562828838636467],[3.581415625092365],[3.6065483663210838],[3.619114736935442],[2.6515041996297857],[3.656813848778519],[2.613805087786707],[2.6012387171723486],[2.5886723465579884],[3.7070793312359562],[3.7196457018503164],[2.5007077522574743],[3.7950439255364703],[3.8076102961508305],[2.400176787342602],[2.3876104167282417],[3.9332740022944197],[2.3499113048851665],[3.9584067435231383],[2.324778563656448],[2.312212193042088],[2.236813969355934],[2.2116812281272153],[2.199114857512855],[2.186548486898497],[2.1739821162841366],[4.121769561509808],[2.1614157456697782],[4.511327050554943],[4.523893421169301],[1.7467255153959247],[4.56159253301238],[1.6964600329384885],[1.6838936623241292],[1.6461945504810513],[1.633628179866692],[-1.9603538158400315],[-3.7699111843077517],[-3.9207076316800618],[-3.958406743523139],[-4.0212385965949355],[-4.033804967209294],[-4.0589377084380125],[-4.071504079052373],[-4.084070449666731],[-4.10920319089545],[-4.172035043967245],[-4.184601414581604],[-4.322831491339556],[-4.373096973796992],[-4.39822971502571],[-4.435928826868788],[-4.461061568097506],[-4.523893421169301],[-5.642300405847268],[-5.61716766461855],[-5.6046012940041905],[-5.529203070318036],[-5.441238476017522],[-5.416105734788803],[-5.365840252331367],[-5.353273881717008],[-5.328141140488289],[-5.252742916802134],[-5.202477434344697],[-1.332035285122072],[6.283185307179586],[6.258052565950868],[6.182654342264712],[6.132388859807277],[0.15079644737231046],[0.17592918860102813],[0.1884955592153874],[0.2010619298297467],[0.21362830044410597],[0.23876104167282453],[0.2513274122871838],[0.2638937829015431],[0.30159289474462003],[0.3141592653589793],[0.33929200658769787],[0.36442474781641643],[5.906194188748811],[0.3769911184307757],[0.4398229715025712],[0.4523893421169305],[0.46495571273128977],[0.47752208334564905],[0.5026548245743676],[0.5152211951887269],[5.717698629533423],[0.5780530482605224],[0.6408849013323188],[0.6660176425610365],[1.545663585566178],[5.554335811546753],[0.7414158662471921],[5.529203070318035],[5.516636699703676],[0.7665486074759098],[0.7791149780902691],[5.504070329089316],[0.7916813487046275],[1.5330972149518187],[5.416105734788804],[0.8670795723907823],[5.403539364174446],[5.390972993560085],[0.8922123136195008],[0.9047786842338601],[1.507964473723101],[0.9550441666912963],[1.4953981031087418],[0.9801769079200149],[0.9927432785343742],[1.4828317324943825],[1.0430087609918113],[1.0555751316061697],[5.189911063730339],[1.0932742434492475],[5.16477832250162],[1.118406984677966],[1.4325662500369454],[1.1309733552923253],[1.1435397259066846],[1.156106096521044],[1.1686724671354023],[5.114512840044183],[1.1812388377497616],[1.2063715789784801],[1.3823007675795091],[1.2315043202071987],[1.244070690821558],[1.3571680263507906],[1.2566370614359172],[1.2692034320502765],[1.332035285122072],[1.3194689145077128],[1.3069025438933535]],"np":1,"gp":1,"pr":0.00625,"gpr":1,"fpr":0.99375,"reason":"statistic"}