{"avgHealth":0.7447707787905045,"seeds":[[3.141592653589793],[3.1290262829754347],[3.1541590242041515],[3.1164599123610746],[3.1667253948185117],[3.103893541746716],[3.2044245066615886],[3.216990877275949],[3.267256359733384],[2.965663464988765],[3.3175218421908212],[3.34265458341954],[3.3552209540339],[3.3677873246482584],[3.3803536952626168],[3.392920065876977],[3.4683182895631326],[3.480884660177491],[3.4934510307918494],[3.5060174014062095],[3.518583772020568],[3.5437165132492865],[3.5562828838636467],[3.568849254478005],[3.581415625092365],[3.5939819957067236],[3.656813848778519],[3.6693802193928793],[3.694512960621598],[3.7070793312359562],[3.7196457018503164],[3.7573448136933933],[3.7699111843077517],[3.782477554922112],[3.8076102961508305],[3.857875778608266],[3.908141261065703],[3.9709731141374984],[3.983539484751857],[3.996105855366217],[4.0589377084380125],[2.1614157456697782],[4.146902302738527],[4.159468673352885],[4.172035043967245],[4.222300526424682],[1.9980529276831085],[4.310265120725196],[1.9477874452256714],[1.935221074611313],[1.897521962768236],[1.8723892215395175],[4.423362456254429],[1.847256480310799],[1.8221237390820804],[1.7969909978533618],[1.7718582566246432],[1.7592918860102849],[1.7467255153959247],[1.7341591447815663],[1.7215927741672061],[1.7090264035528477],[1.6964600329384885],[4.586725274241099],[1.67132729170977],[4.624424386084176],[1.5833626974092558],[-1.7341591447815663],[-1.7718582566246432],[-1.7844246272390025],[-2.2116812281272145],[4.71238898038469],[-3.8955748904513436],[-3.9081412610657025],[-4.084070449666731],[-4.121769561509809],[-4.385663344411351],[-4.423362456254429],[-5.805663223833938],[-5.642300405847268],[-5.554335811546754],[-5.516636699703676],[-5.416105734788803],[-5.403539364174444],[-5.277875658030853],[-5.189911063730339],[-5.16477832250162],[-5.152211951887261],[-5.139645581272902],[-0.9173450548482194],[-0.8796459430051424],[-0.816814089933346],[-0.552920307031803],[-0.13823007675795118],[6.283185307179586],[6.245486195336509],[6.232919824722149],[6.220353454107791],[6.0821233773498395],[0.27646015351590236],[0.28902652413026164],[5.969026041820607],[0.33929200658769787],[0.3769911184307757],[5.868495076905733],[0.42725660088821193],[0.46495571273128977],[0.49008845396000833],[5.780530482605219],[4.724955350999048],[5.717698629533423],[0.5906194188748817],[5.516636699703676],[4.750088092227767],[4.762654462842127],[5.416105734788804],[5.390972993560085],[5.378406622945727],[4.775220833456485],[0.9550441666912963],[5.303008399259571],[5.277875658030853],[4.800353574685204],[5.265309287416494],[5.227610175573416],[5.215043804959057],[4.825486315913922],[5.202477434344697],[5.189911063730339],[5.17734469311598],[5.16477832250162],[5.152211951887262],[5.139645581272902],[5.127079210658543],[1.1686724671354023],[4.875751798371359],[5.101946469429825],[4.888318168985718],[5.076813728201106],[4.900884539600078],[1.244070690821558],[5.013981875129311],[5.00141550451495],[4.988849133900592],[4.976282763286232]],"nseeds":145,"executions":341,"nfe":34600,"gps":[[3.141592653589793]],"lps":[],"fps":[[3.1290262829754347],[3.1541590242041515],[3.1164599123610746],[3.1667253948185117],[3.103893541746716],[3.2044245066615886],[3.216990877275949],[3.267256359733384],[2.965663464988765],[3.3175218421908212],[3.34265458341954],[3.3552209540339],[3.3677873246482584],[3.3803536952626168],[3.392920065876977],[3.4683182895631326],[3.480884660177491],[3.4934510307918494],[3.5060174014062095],[3.518583772020568],[3.5437165132492865],[3.5562828838636467],[3.568849254478005],[3.581415625092365],[3.5939819957067236],[3.656813848778519],[3.6693802193928793],[3.694512960621598],[3.7070793312359562],[3.7196457018503164],[3.7573448136933933],[3.7699111843077517],[3.782477554922112],[3.8076102961508305],[3.857875778608266],[3.908141261065703],[3.9709731141374984],[3.983539484751857],[3.996105855366217],[4.0589377084380125],[2.1614157456697782],[4.146902302738527],[4.159468673352885],[4.172035043967245],[4.222300526424682],[1.9980529276831085],[4.310265120725196],[1.9477874452256714],[1.935221074611313],[1.897521962768236],[1.8723892215395175],[4.423362456254429],[1.847256480310799],[1.8221237390820804],[1.7969909978533618],[1.7718582566246432],[1.7592918860102849],[1.7467255153959247],[1.7341591447815663],[1.7215927741672061],[1.7090264035528477],[1.6964600329384885],[4.586725274241099],[1.67132729170977],[4.624424386084176],[1.5833626974092558],[-1.7341591447815663],[-1.7718582566246432],[-1.7844246272390025],[-2.2116812281272145],[4.71238898038469],[-3.8955748904513436],[-3.9081412610657025],[-4.084070449666731],[-4.121769561509809],[-4.385663344411351],[-4.423362456254429],[-5.805663223833938],[-5.642300405847268],[-5.554335811546754],[-5.516636699703676],[-5.416105734788803],[-5.403539364174444],[-5.277875658030853],[-5.189911063730339],[-5.16477832250162],[-5.152211951887261],[-5.139645581272902],[-0.9173450548482194],[-0.8796459430051424],[-0.816814089933346],[-0.552920307031803],[-0.13823007675795118],[6.283185307179586],[6.245486195336509],[6.232919824722149],[6.220353454107791],[6.0821233773498395],[0.27646015351590236],[0.28902652413026164],[5.969026041820607],[0.33929200658769787],[0.3769911184307757],[5.868495076905733],[0.42725660088821193],[0.46495571273128977],[0.49008845396000833],[5.780530482605219],[4.724955350999048],[5.717698629533423],[0.5906194188748817],[5.516636699703676],[4.750088092227767],[4.762654462842127],[5.416105734788804],[5.390972993560085],[5.378406622945727],[4.775220833456485],[0.9550441666912963],[5.303008399259571],[5.277875658030853],[4.800353574685204],[5.265309287416494],[5.227610175573416],[5.215043804959057],[4.825486315913922],[5.202477434344697],[5.189911063730339],[5.17734469311598],[5.16477832250162],[5.152211951887262],[5.139645581272902],[5.127079210658543],[1.1686724671354023],[4.875751798371359],[5.101946469429825],[4.888318168985718],[5.076813728201106],[4.900884539600078],[1.244070690821558],[5.013981875129311],[5.00141550451495],[4.988849133900592],[4.976282763286232]],"np":1,"gp":1,"pr":0.006896551724137931,"gpr":1,"fpr":0.993103448275862,"reason":"statistic"}