{"avgHealth":0.7323371989967604,"seeds":[[3.141592653589793],[3.1541590242041515],[3.1164599123610746],[3.1667253948185117],[3.2044245066615886],[3.216990877275949],[3.0661944299036374],[3.229557247890307],[3.267256359733384],[3.003362576831842],[3.2923891009621027],[3.304955471576463],[3.3175218421908212],[3.3300882128051814],[2.953097094374405],[2.915397982531328],[2.9028316119169695],[3.392920065876977],[3.4054864364913353],[3.4180528071056955],[2.8525661294595324],[2.8148670176164536],[2.8023006470020952],[3.518583772020568],[3.5562828838636467],[3.568849254478005],[3.581415625092365],[2.6012387171723486],[2.5886723465579884],[3.7070793312359562],[3.7196457018503164],[3.744778443079033],[3.7573448136933933],[2.5132741228718345],[3.8076102961508305],[3.820176666765189],[3.832743037379549],[3.908141261065703],[3.920707631680063],[2.3499113048851665],[2.2116812281272153],[2.199114857512855],[2.186548486898497],[2.14884937505542],[2.111150263212341],[2.0985838925979827],[1.97292018645439],[4.322831491339555],[4.410796085640069],[1.8095573684677202],[4.511327050554943],[1.7718582566246432],[4.523893421169301],[1.7592918860102849],[1.7467255153959247],[1.7215927741672061],[1.7090264035528477],[1.6964600329384885],[1.6838936623241292],[1.67132729170977],[4.649557127312894],[1.6210618092523337],[-1.7718582566246432],[-1.8346901096964396],[-2.1237166338266995],[-3.958406743523139],[-3.9709731141374984],[-4.297698750110837],[-4.347964232568273],[-4.473627938711866],[-5.805663223833938],[-5.76796411199086],[-5.6925658883047054],[-5.667433147075987],[-5.6046012940041905],[-5.4789375878605995],[-5.46637121724624],[-5.403539364174444],[-5.390972993560085],[-5.340707511102648],[-5.328141140488289],[-0.8545132017764239],[6.283185307179586],[6.258052565950868],[6.245486195336509],[0.15079644737231046],[0.17592918860102813],[0.1884955592153874],[0.2010619298297467],[0.21362830044410597],[0.22619467105846525],[0.23876104167282453],[0.27646015351590236],[0.28902652413026164],[0.30159289474462003],[0.3267256359733386],[0.33929200658769787],[0.35185837720205715],[0.36442474781641643],[0.3769911184307757],[0.389557489045135],[0.40212385965949426],[0.4398229715025712],[0.46495571273128977],[0.49008845396000833],[0.5026548245743676],[0.5277875658030853],[0.5403539364174446],[1.5582299561805373],[0.5529203070318038],[0.5654866776461631],[0.603185789489241],[0.6157521601036002],[0.6534512719466772],[1.545663585566178],[5.554335811546753],[5.541769440932395],[0.7791149780902691],[0.7916813487046275],[1.5330972149518187],[5.416105734788804],[5.403539364174446],[5.378406622945727],[0.9173450548482194],[1.507964473723101],[1.4953981031087418],[5.31557476987393],[0.9801769079200149],[0.9927432785343742],[1.0053096491487334],[1.4828317324943825],[5.265309287416494],[1.0178760197630927],[1.457698991265664],[1.0807078728348882],[5.189911063730339],[1.0932742434492475],[5.17734469311598],[1.1058406140636068],[1.1309733552923253],[1.1435397259066846],[1.156106096521044],[1.1686724671354023],[1.4074335088082268],[5.101946469429825],[1.3948671381938684],[1.1938052083641209],[5.0893800988154645],[1.2063715789784801],[1.3823007675795091],[1.2189379495928394],[1.3571680263507906],[1.2566370614359172],[1.3446016557364313],[1.2692034320502765],[1.332035285122072],[1.281769802664635],[1.3194689145077128],[1.2943361732789942],[1.3069025438933535]],"nseeds":160,"executions":868,"nfe":87300,"gps":[[3.141592653589793]],"lps":[],"fps":[[3.1541590242041515],[3.1164599123610746],[3.1667253948185117],[3.2044245066615886],[3.216990877275949],[3.0661944299036374],[3.229557247890307],[3.267256359733384],[3.003362576831842],[3.2923891009621027],[3.304955471576463],[3.3175218421908212],[3.3300882128051814],[2.953097094374405],[2.915397982531328],[2.9028316119169695],[3.392920065876977],[3.4054864364913353],[3.4180528071056955],[2.8525661294595324],[2.8148670176164536],[2.8023006470020952],[3.518583772020568],[3.5562828838636467],[3.568849254478005],[3.581415625092365],[2.6012387171723486],[2.5886723465579884],[3.7070793312359562],[3.7196457018503164],[3.744778443079033],[3.7573448136933933],[2.5132741228718345],[3.8076102961508305],[3.820176666765189],[3.832743037379549],[3.908141261065703],[3.920707631680063],[2.3499113048851665],[2.2116812281272153],[2.199114857512855],[2.186548486898497],[2.14884937505542],[2.111150263212341],[2.0985838925979827],[1.97292018645439],[4.322831491339555],[4.410796085640069],[1.8095573684677202],[4.511327050554943],[1.7718582566246432],[4.523893421169301],[1.7592918860102849],[1.7467255153959247],[1.7215927741672061],[1.7090264035528477],[1.6964600329384885],[1.6838936623241292],[1.67132729170977],[4.649557127312894],[1.6210618092523337],[-1.7718582566246432],[-1.8346901096964396],[-2.1237166338266995],[-3.958406743523139],[-3.9709731141374984],[-4.297698750110837],[-4.347964232568273],[-4.473627938711866],[-5.805663223833938],[-5.76796411199086],[-5.6925658883047054],[-5.667433147075987],[-5.6046012940041905],[-5.4789375878605995],[-5.46637121724624],[-5.403539364174444],[-5.390972993560085],[-5.340707511102648],[-5.328141140488289],[-0.8545132017764239],[6.283185307179586],[6.258052565950868],[6.245486195336509],[0.15079644737231046],[0.17592918860102813],[0.1884955592153874],[0.2010619298297467],[0.21362830044410597],[0.22619467105846525],[0.23876104167282453],[0.27646015351590236],[0.28902652413026164],[0.30159289474462003],[0.3267256359733386],[0.33929200658769787],[0.35185837720205715],[0.36442474781641643],[0.3769911184307757],[0.389557489045135],[0.40212385965949426],[0.4398229715025712],[0.46495571273128977],[0.49008845396000833],[0.5026548245743676],[0.5277875658030853],[0.5403539364174446],[1.5582299561805373],[0.5529203070318038],[0.5654866776461631],[0.603185789489241],[0.6157521601036002],[0.6534512719466772],[1.545663585566178],[5.554335811546753],[5.541769440932395],[0.7791149780902691],[0.7916813487046275],[1.5330972149518187],[5.416105734788804],[5.403539364174446],[5.378406622945727],[0.9173450548482194],[1.507964473723101],[1.4953981031087418],[5.31557476987393],[0.9801769079200149],[0.9927432785343742],[1.0053096491487334],[1.4828317324943825],[5.265309287416494],[1.0178760197630927],[1.457698991265664],[1.0807078728348882],[5.189911063730339],[1.0932742434492475],[5.17734469311598],[1.1058406140636068],[1.1309733552923253],[1.1435397259066846],[1.156106096521044],[1.1686724671354023],[1.4074335088082268],[5.101946469429825],[1.3948671381938684],[1.1938052083641209],[5.0893800988154645],[1.2063715789784801],[1.3823007675795091],[1.2189379495928394],[1.3571680263507906],[1.2566370614359172],[1.3446016557364313],[1.2692034320502765],[1.332035285122072],[1.281769802664635],[1.3194689145077128],[1.2943361732789942],[1.3069025438933535]],"np":1,"gp":1,"pr":0.00625,"gpr":1,"fpr":0.99375,"reason":"statistic"}