{"avgHealth":0.7446775755379024,"seeds":[[3.141592653589793],[3.1541590242041515],[3.1667253948185117],[3.1164599123610746],[3.0661944299036374],[3.2421236185046673],[3.0284953180605605],[3.2546899891190257],[3.015928947446202],[3.003362576831842],[3.304955471576463],[2.965663464988765],[3.3175218421908212],[3.3300882128051814],[2.9279643531456863],[3.3552209540339],[2.915397982531328],[2.9028316119169695],[2.8902652413026093],[2.877698870688251],[3.4054864364913353],[3.4180528071056955],[2.8651325000738908],[2.8525661294595324],[3.4683182895631326],[3.5060174014062095],[3.518583772020568],[3.568849254478005],[3.6065483663210838],[3.619114736935442],[3.6693802193928793],[3.694512960621598],[3.7070793312359562],[3.7196457018503164],[2.5509732347149114],[2.538406864100553],[3.7573448136933933],[2.5132741228718345],[3.7699111843077517],[2.5007077522574743],[3.7950439255364703],[3.8076102961508305],[3.820176666765189],[3.8453094079939074],[3.857875778608266],[3.870442149222626],[3.920707631680063],[3.9332740022944197],[2.3499113048851665],[3.9584067435231383],[2.2242475987415737],[2.2116812281272153],[2.199114857512855],[2.186548486898497],[2.1739821162841366],[2.1614157456697782],[2.111150263212341],[4.222300526424682],[1.97292018645439],[4.511327050554943],[4.523893421169301],[1.7215927741672061],[1.6964600329384885],[1.6838936623241292],[1.6587609210954106],[1.6461945504810513],[1.633628179866692],[4.662123497927253],[1.6084954386379744],[-1.7341591447815663],[-1.7844246272390025],[-1.5959290680236151],[-1.9854865570687492],[-2.0734511513692633],[-4.259999638267759],[-4.335397861953915],[-4.360530603182633],[-4.385663344411351],[-4.511327050554943],[-4.624424386084176],[-6.031857894892402],[-5.830795965062656],[-5.579468552775473],[-5.541769440932395],[-5.504070329089318],[-5.491503958474958],[-0.8042477193189868],[-0.7539822368615505],[-0.5654866776461622],[-0.515221195188726],[-0.5026548245743667],[6.283185307179586],[6.270618936565228],[6.207787083493431],[0.16336281798666974],[0.17592918860102813],[0.1884955592153874],[0.2010619298297467],[0.21362830044410597],[0.22619467105846525],[0.2513274122871838],[0.2638937829015431],[0.28902652413026164],[0.30159289474462003],[0.33929200658769787],[0.35185837720205715],[0.36442474781641643],[0.389557489045135],[0.40212385965949426],[0.4398229715025712],[0.4523893421169305],[0.46495571273128977],[0.47752208334564905],[0.5026548245743676],[0.5152211951887269],[0.5403539364174446],[1.5582299561805373],[0.5780530482605224],[0.6157521601036002],[0.6283185307179595],[0.6408849013323188],[0.6534512719466772],[5.617167664618549],[0.691150383789755],[1.545663585566178],[0.7162831250184736],[5.554335811546753],[0.7288494956328329],[1.5330972149518187],[1.5205308443374594],[5.416105734788804],[5.403539364174446],[5.390972993560085],[0.8922123136195008],[0.9173450548482194],[1.507964473723101],[1.4953981031087418],[0.9676105373056556],[0.9801769079200149],[0.9927432785343742],[1.0053096491487334],[1.4828317324943825],[1.068141502220529],[5.189911063730339],[1.0932742434492475],[1.4451326206513047],[5.16477832250162],[1.4325662500369454],[1.1435397259066846],[1.156106096521044],[1.1686724671354023],[1.4074335088082268],[1.1812388377497616],[5.0893800988154645],[1.2063715789784801],[1.2315043202071987],[1.244070690821558],[1.3571680263507906],[1.2566370614359172],[1.3446016557364313],[1.2692034320502765],[1.332035285122072],[1.281769802664635],[1.3194689145077128],[1.2943361732789942],[1.3069025438933535]],"nseeds":166,"executions":1127,"nfe":113200,"gps":[[3.141592653589793]],"lps":[],"fps":[[3.1541590242041515],[3.1667253948185117],[3.1164599123610746],[3.0661944299036374],[3.2421236185046673],[3.0284953180605605],[3.2546899891190257],[3.015928947446202],[3.003362576831842],[3.304955471576463],[2.965663464988765],[3.3175218421908212],[3.3300882128051814],[2.9279643531456863],[3.3552209540339],[2.915397982531328],[2.9028316119169695],[2.8902652413026093],[2.877698870688251],[3.4054864364913353],[3.4180528071056955],[2.8651325000738908],[2.8525661294595324],[3.4683182895631326],[3.5060174014062095],[3.518583772020568],[3.568849254478005],[3.6065483663210838],[3.619114736935442],[3.6693802193928793],[3.694512960621598],[3.7070793312359562],[3.7196457018503164],[2.5509732347149114],[2.538406864100553],[3.7573448136933933],[2.5132741228718345],[3.7699111843077517],[2.5007077522574743],[3.7950439255364703],[3.8076102961508305],[3.820176666765189],[3.8453094079939074],[3.857875778608266],[3.870442149222626],[3.920707631680063],[3.9332740022944197],[2.3499113048851665],[3.9584067435231383],[2.2242475987415737],[2.2116812281272153],[2.199114857512855],[2.186548486898497],[2.1739821162841366],[2.1614157456697782],[2.111150263212341],[4.222300526424682],[1.97292018645439],[4.511327050554943],[4.523893421169301],[1.7215927741672061],[1.6964600329384885],[1.6838936623241292],[1.6587609210954106],[1.6461945504810513],[1.633628179866692],[4.662123497927253],[1.6084954386379744],[-1.7341591447815663],[-1.7844246272390025],[-1.5959290680236151],[-1.9854865570687492],[-2.0734511513692633],[-4.259999638267759],[-4.335397861953915],[-4.360530603182633],[-4.385663344411351],[-4.511327050554943],[-4.624424386084176],[-6.031857894892402],[-5.830795965062656],[-5.579468552775473],[-5.541769440932395],[-5.504070329089318],[-5.491503958474958],[-0.8042477193189868],[-0.7539822368615505],[-0.5654866776461622],[-0.515221195188726],[-0.5026548245743667],[6.283185307179586],[6.270618936565228],[6.207787083493431],[0.16336281798666974],[0.17592918860102813],[0.1884955592153874],[0.2010619298297467],[0.21362830044410597],[0.22619467105846525],[0.2513274122871838],[0.2638937829015431],[0.28902652413026164],[0.30159289474462003],[0.33929200658769787],[0.35185837720205715],[0.36442474781641643],[0.389557489045135],[0.40212385965949426],[0.4398229715025712],[0.4523893421169305],[0.46495571273128977],[0.47752208334564905],[0.5026548245743676],[0.5152211951887269],[0.5403539364174446],[1.5582299561805373],[0.5780530482605224],[0.6157521601036002],[0.6283185307179595],[0.6408849013323188],[0.6534512719466772],[5.617167664618549],[0.691150383789755],[1.545663585566178],[0.7162831250184736],[5.554335811546753],[0.7288494956328329],[1.5330972149518187],[1.5205308443374594],[5.416105734788804],[5.403539364174446],[5.390972993560085],[0.8922123136195008],[0.9173450548482194],[1.507964473723101],[1.4953981031087418],[0.9676105373056556],[0.9801769079200149],[0.9927432785343742],[1.0053096491487334],[1.4828317324943825],[1.068141502220529],[5.189911063730339],[1.0932742434492475],[1.4451326206513047],[5.16477832250162],[1.4325662500369454],[1.1435397259066846],[1.156106096521044],[1.1686724671354023],[1.4074335088082268],[1.1812388377497616],[5.0893800988154645],[1.2063715789784801],[1.2315043202071987],[1.244070690821558],[1.3571680263507906],[1.2566370614359172],[1.3446016557364313],[1.2692034320502765],[1.332035285122072],[1.281769802664635],[1.3194689145077128],[1.2943361732789942],[1.3069025438933535]],"np":1,"gp":1,"pr":0.006024096385542169,"gpr":1,"fpr":0.9939759036144579,"reason":"statistic"}