{"avgHealth":0.7458149021721131,"seeds":[[3.141592653589793],[3.1541590242041515],[3.1667253948185117],[3.1164599123610746],[3.103893541746716],[3.216990877275949],[3.0661944299036374],[3.053628059289279],[3.041061688674919],[3.0284953180605605],[3.015928947446202],[3.003362576831842],[3.2923891009621027],[2.9907962062174835],[3.304955471576463],[3.3175218421908212],[2.953097094374405],[2.9405307237600464],[2.9279643531456863],[2.915397982531328],[3.3677873246482584],[2.9028316119169695],[2.8902652413026093],[3.4054864364913353],[3.4180528071056955],[2.8651325000738908],[3.430619177720054],[2.8023006470020952],[3.6065483663210838],[3.619114736935442],[3.6316811075498006],[2.613805087786707],[3.6693802193928793],[3.694512960621598],[3.7070793312359562],[3.7196457018503164],[3.732212072464675],[3.7699111843077517],[2.5132741228718345],[3.8076102961508305],[3.820176666765189],[3.832743037379549],[2.400176787342602],[3.920707631680063],[2.312212193042088],[4.008672225980575],[4.021238596594934],[4.033804967209294],[2.2116812281272153],[2.199114857512855],[4.10920319089545],[4.159468673352885],[2.111150263212341],[2.0985838925979827],[4.222300526424682],[1.9980529276831085],[1.98548655706875],[1.97292018645439],[1.9477874452256714],[4.486194309326224],[4.498760679940583],[4.511327050554943],[4.523893421169301],[4.5364597917836615],[1.7467255153959247],[1.7090264035528477],[1.6964600329384885],[1.6838936623241292],[1.67132729170977],[1.5959290680236151],[-1.7467255153959247],[-1.7844246272390025],[-1.5959290680236151],[-3.958406743523139],[-3.9835394847518577],[-3.996105855366217],[-4.084070449666731],[-4.10920319089545],[-4.285132379496478],[-4.360530603182633],[-4.511327050554943],[-6.2077870834934314],[-6.107256118578558],[-6.044424265506762],[-5.931326929977529],[-5.843362335677015],[-5.793096853219579],[-5.742831370762142],[-5.654866776461628],[-5.6046012940041905],[-5.592034923389832],[-5.5669021821611135],[-5.4789375878605995],[-5.403539364174444],[-5.215043804959056],[-5.202477434344697],[-5.189911063730339],[-5.114512840044183],[-4.9637163926718735],[-4.926017280828796],[-4.863185427756999],[-4.800353574685204],[-1.3571680263507906],[-1.1309733552923262],[6.283185307179586],[0.15079644737231046],[0.17592918860102813],[0.1884955592153874],[0.2010619298297467],[0.21362830044410597],[0.23876104167282453],[0.28902652413026164],[0.33929200658769787],[0.36442474781641643],[0.3769911184307757],[0.389557489045135],[0.40212385965949426],[0.4523893421169305],[0.46495571273128977],[0.47752208334564905],[0.49008845396000833],[0.5026548245743676],[0.5403539364174446],[0.5529203070318038],[0.5780530482605224],[0.6157521601036002],[1.545663585566178],[0.7162831250184736],[5.554335811546753],[0.7414158662471921],[5.516636699703676],[1.5330972149518187],[0.8168140899333451],[5.428672105403162],[1.5205308443374594],[5.403539364174446],[5.390972993560085],[0.9550441666912963],[1.4953981031087418],[0.9927432785343742],[1.0053096491487334],[1.457698991265664],[1.0807078728348882],[5.202477434344697],[5.189911063730339],[1.4451326206513047],[1.1058406140636068],[1.4325662500369454],[1.1435397259066846],[1.156106096521044],[1.1686724671354023],[1.4074335088082268],[1.1812388377497616],[1.1938052083641209],[1.3823007675795091],[1.2566370614359172],[1.3446016557364313],[1.332035285122072],[1.281769802664635],[1.3194689145077128],[1.3069025438933535]],"nseeds":161,"executions":578,"nfe":58300,"gps":[[3.141592653589793]],"lps":[],"fps":[[3.1541590242041515],[3.1667253948185117],[3.1164599123610746],[3.103893541746716],[3.216990877275949],[3.0661944299036374],[3.053628059289279],[3.041061688674919],[3.0284953180605605],[3.015928947446202],[3.003362576831842],[3.2923891009621027],[2.9907962062174835],[3.304955471576463],[3.3175218421908212],[2.953097094374405],[2.9405307237600464],[2.9279643531456863],[2.915397982531328],[3.3677873246482584],[2.9028316119169695],[2.8902652413026093],[3.4054864364913353],[3.4180528071056955],[2.8651325000738908],[3.430619177720054],[2.8023006470020952],[3.6065483663210838],[3.619114736935442],[3.6316811075498006],[2.613805087786707],[3.6693802193928793],[3.694512960621598],[3.7070793312359562],[3.7196457018503164],[3.732212072464675],[3.7699111843077517],[2.5132741228718345],[3.8076102961508305],[3.820176666765189],[3.832743037379549],[2.400176787342602],[3.920707631680063],[2.312212193042088],[4.008672225980575],[4.021238596594934],[4.033804967209294],[2.2116812281272153],[2.199114857512855],[4.10920319089545],[4.159468673352885],[2.111150263212341],[2.0985838925979827],[4.222300526424682],[1.9980529276831085],[1.98548655706875],[1.97292018645439],[1.9477874452256714],[4.486194309326224],[4.498760679940583],[4.511327050554943],[4.523893421169301],[4.5364597917836615],[1.7467255153959247],[1.7090264035528477],[1.6964600329384885],[1.6838936623241292],[1.67132729170977],[1.5959290680236151],[-1.7467255153959247],[-1.7844246272390025],[-1.5959290680236151],[-3.958406743523139],[-3.9835394847518577],[-3.996105855366217],[-4.084070449666731],[-4.10920319089545],[-4.285132379496478],[-4.360530603182633],[-4.511327050554943],[-6.2077870834934314],[-6.107256118578558],[-6.044424265506762],[-5.931326929977529],[-5.843362335677015],[-5.793096853219579],[-5.742831370762142],[-5.654866776461628],[-5.6046012940041905],[-5.592034923389832],[-5.5669021821611135],[-5.4789375878605995],[-5.403539364174444],[-5.215043804959056],[-5.202477434344697],[-5.189911063730339],[-5.114512840044183],[-4.9637163926718735],[-4.926017280828796],[-4.863185427756999],[-4.800353574685204],[-1.3571680263507906],[-1.1309733552923262],[6.283185307179586],[0.15079644737231046],[0.17592918860102813],[0.1884955592153874],[0.2010619298297467],[0.21362830044410597],[0.23876104167282453],[0.28902652413026164],[0.33929200658769787],[0.36442474781641643],[0.3769911184307757],[0.389557489045135],[0.40212385965949426],[0.4523893421169305],[0.46495571273128977],[0.47752208334564905],[0.49008845396000833],[0.5026548245743676],[0.5403539364174446],[0.5529203070318038],[0.5780530482605224],[0.6157521601036002],[1.545663585566178],[0.7162831250184736],[5.554335811546753],[0.7414158662471921],[5.516636699703676],[1.5330972149518187],[0.8168140899333451],[5.428672105403162],[1.5205308443374594],[5.403539364174446],[5.390972993560085],[0.9550441666912963],[1.4953981031087418],[0.9927432785343742],[1.0053096491487334],[1.457698991265664],[1.0807078728348882],[5.202477434344697],[5.189911063730339],[1.4451326206513047],[1.1058406140636068],[1.4325662500369454],[1.1435397259066846],[1.156106096521044],[1.1686724671354023],[1.4074335088082268],[1.1812388377497616],[1.1938052083641209],[1.3823007675795091],[1.2566370614359172],[1.3446016557364313],[1.332035285122072],[1.281769802664635],[1.3194689145077128],[1.3069025438933535]],"np":1,"gp":1,"pr":0.006211180124223602,"gpr":1,"fpr":0.9937888198757764,"reason":"statistic"}