{"avgHealth":0.735005529490621,"seeds":[[3.141592653589793],[3.1541590242041515],[3.1164599123610746],[3.0661944299036374],[3.0284953180605605],[3.015928947446202],[3.3175218421908212],[2.965663464988765],[3.34265458341954],[3.3552209540339],[3.3677873246482584],[3.3803536952626168],[3.392920065876977],[3.4054864364913353],[3.443185548334414],[3.4557519189487724],[3.5437165132492865],[3.5562828838636467],[3.568849254478005],[3.581415625092365],[3.6065483663210838],[3.6316811075498006],[2.6515041996297857],[2.6389378290154255],[3.656813848778519],[3.6693802193928793],[3.6819465900072377],[3.694512960621598],[3.7070793312359562],[2.57610597594363],[3.7196457018503164],[2.56353960532927],[2.5509732347149114],[3.744778443079033],[2.538406864100553],[3.7573448136933933],[3.7699111843077517],[3.782477554922112],[3.820176666765189],[3.832743037379549],[3.8453094079939074],[3.983539484751857],[4.071504079052371],[4.084070449666731],[4.10920319089545],[2.1739821162841366],[2.1614157456697782],[2.14884937505542],[4.146902302738527],[4.159468673352885],[4.172035043967245],[2.111150263212341],[4.1846014145816035],[4.197167785195964],[2.073451151369264],[4.247433267653399],[4.259999638267759],[2.023185668911827],[4.297698750110836],[1.98548655706875],[4.322831491339555],[1.9603538158400315],[4.335397861953915],[1.9477874452256714],[4.347964232568273],[1.935221074611313],[4.360530603182633],[1.9226547039969528],[4.373096973796992],[4.38566334441135],[1.897521962768236],[1.847256480310799],[1.8346901096964388],[1.8221237390820804],[4.473627938711866],[4.486194309326224],[1.7969909978533618],[4.498760679940583],[1.7844246272390034],[1.7718582566246432],[4.523893421169301],[1.7592918860102849],[4.599291644855457],[4.624424386084176],[4.649557127312894],[4.662123497927253],[4.674689868541613],[4.687256239155971],[4.699822609770331],[-2.0357520395261854],[-2.1237166338266995],[-2.148849375055418],[-2.199114857512855],[4.71238898038469],[-3.593981995706723],[-4.134335932124168],[-4.159468673352886],[-4.222300526424682],[-6.044424265506762],[-5.667433147075987],[-5.654866776461628],[-5.629734035232909],[-5.61716766461855],[-5.6046012940041905],[-5.5669021821611135],[-5.516636699703676],[-5.504070329089318],[-5.416105734788803],[-5.2653092874164935],[-5.240176546187775],[-5.16477832250162],[-5.101946469429824],[-5.01398187512931],[-5.00141550451495],[-4.9637163926718735],[-4.900884539600077],[-4.863185427756999],[-1.3446016557364313],[-1.2943361732789942],[-1.244070690821558],[-1.2189379495928394],[-1.2063715789784801],[-1.1686724671354032],[-1.118406984677967],[-1.0807078728348891],[-1.030442390377452],[-0.9424777960769379],[-0.8796459430051424],[-0.8545132017764239],[-0.7791149780902691],[-0.7414158662471912],[-0.728849495632832],[-0.7037167544041134],[-0.6785840131753949],[-0.5906194188748808],[-0.5403539364174446],[-0.2010619298297467],[-0.07539822368615479],[4.724955350999048],[5.529203070318035],[4.750088092227767],[5.4412384760175225],[4.762654462842127],[4.775220833456485],[4.787787204070845],[4.800353574685204],[4.812919945299564],[4.825486315913922],[4.838052686528281],[4.850619057142641],[4.863185427756999],[4.875751798371359],[4.888318168985718],[4.900884539600078],[4.913450910214436],[4.9260172808287965],[4.938583651443155],[4.951150022057513]],"nseeds":158,"executions":890,"nfe":89500,"gps":[[3.141592653589793]],"lps":[],"fps":[[3.1541590242041515],[3.1164599123610746],[3.0661944299036374],[3.0284953180605605],[3.015928947446202],[3.3175218421908212],[2.965663464988765],[3.34265458341954],[3.3552209540339],[3.3677873246482584],[3.3803536952626168],[3.392920065876977],[3.4054864364913353],[3.443185548334414],[3.4557519189487724],[3.5437165132492865],[3.5562828838636467],[3.568849254478005],[3.581415625092365],[3.6065483663210838],[3.6316811075498006],[2.6515041996297857],[2.6389378290154255],[3.656813848778519],[3.6693802193928793],[3.6819465900072377],[3.694512960621598],[3.7070793312359562],[2.57610597594363],[3.7196457018503164],[2.56353960532927],[2.5509732347149114],[3.744778443079033],[2.538406864100553],[3.7573448136933933],[3.7699111843077517],[3.782477554922112],[3.820176666765189],[3.832743037379549],[3.8453094079939074],[3.983539484751857],[4.071504079052371],[4.084070449666731],[4.10920319089545],[2.1739821162841366],[2.1614157456697782],[2.14884937505542],[4.146902302738527],[4.159468673352885],[4.172035043967245],[2.111150263212341],[4.1846014145816035],[4.197167785195964],[2.073451151369264],[4.247433267653399],[4.259999638267759],[2.023185668911827],[4.297698750110836],[1.98548655706875],[4.322831491339555],[1.9603538158400315],[4.335397861953915],[1.9477874452256714],[4.347964232568273],[1.935221074611313],[4.360530603182633],[1.9226547039969528],[4.373096973796992],[4.38566334441135],[1.897521962768236],[1.847256480310799],[1.8346901096964388],[1.8221237390820804],[4.473627938711866],[4.486194309326224],[1.7969909978533618],[4.498760679940583],[1.7844246272390034],[1.7718582566246432],[4.523893421169301],[1.7592918860102849],[4.599291644855457],[4.624424386084176],[4.649557127312894],[4.662123497927253],[4.674689868541613],[4.687256239155971],[4.699822609770331],[-2.0357520395261854],[-2.1237166338266995],[-2.148849375055418],[-2.199114857512855],[4.71238898038469],[-3.593981995706723],[-4.134335932124168],[-4.159468673352886],[-4.222300526424682],[-6.044424265506762],[-5.667433147075987],[-5.654866776461628],[-5.629734035232909],[-5.61716766461855],[-5.6046012940041905],[-5.5669021821611135],[-5.516636699703676],[-5.504070329089318],[-5.416105734788803],[-5.2653092874164935],[-5.240176546187775],[-5.16477832250162],[-5.101946469429824],[-5.01398187512931],[-5.00141550451495],[-4.9637163926718735],[-4.900884539600077],[-4.863185427756999],[-1.3446016557364313],[-1.2943361732789942],[-1.244070690821558],[-1.2189379495928394],[-1.2063715789784801],[-1.1686724671354032],[-1.118406984677967],[-1.0807078728348891],[-1.030442390377452],[-0.9424777960769379],[-0.8796459430051424],[-0.8545132017764239],[-0.7791149780902691],[-0.7414158662471912],[-0.728849495632832],[-0.7037167544041134],[-0.6785840131753949],[-0.5906194188748808],[-0.5403539364174446],[-0.2010619298297467],[-0.07539822368615479],[4.724955350999048],[5.529203070318035],[4.750088092227767],[5.4412384760175225],[4.762654462842127],[4.775220833456485],[4.787787204070845],[4.800353574685204],[4.812919945299564],[4.825486315913922],[4.838052686528281],[4.850619057142641],[4.863185427756999],[4.875751798371359],[4.888318168985718],[4.900884539600078],[4.913450910214436],[4.9260172808287965],[4.938583651443155],[4.951150022057513]],"np":1,"gp":1,"pr":0.006329113924050633,"gpr":1,"fpr":0.9936708860759493,"reason":"statistic"}