{"avgHealth":0.7499378246403303,"seeds":[[3.141592653589793],[3.1290262829754347],[3.1541590242041515],[3.1667253948185117],[3.1164599123610746],[3.103893541746716],[3.091327171132356],[3.053628059289279],[3.041061688674919],[3.267256359733384],[3.015928947446202],[3.003362576831842],[2.9907962062174835],[3.304955471576463],[3.3175218421908212],[3.3300882128051814],[2.9405307237600464],[3.34265458341954],[3.3552209540339],[2.9279643531456863],[2.915397982531328],[3.3677873246482584],[2.9028316119169695],[3.3803536952626168],[2.877698870688251],[3.4054864364913353],[3.4180528071056955],[3.5060174014062095],[3.518583772020568],[3.5437165132492865],[3.568849254478005],[3.581415625092365],[3.5939819957067236],[3.6065483663210838],[3.6819465900072377],[3.694512960621598],[3.7070793312359562],[3.7196457018503164],[3.744778443079033],[3.7573448136933933],[2.5132741228718345],[3.7699111843077517],[2.5007077522574743],[3.7950439255364703],[3.8076102961508305],[3.820176666765189],[2.400176787342602],[3.8955748904513445],[3.908141261065703],[3.920707631680063],[2.3373449342708064],[2.2870794518133692],[2.2116812281272153],[2.199114857512855],[2.186548486898497],[2.1739821162841366],[2.1614157456697782],[2.111150263212341],[1.9980529276831085],[1.97292018645439],[1.897521962768236],[1.8849555921538759],[4.423362456254429],[4.486194309326224],[4.511327050554943],[4.523893421169301],[1.7341591447815663],[1.7215927741672061],[1.7090264035528477],[1.6587609210954106],[1.6084954386379744],[1.5959290680236151],[-1.633628179866692],[-2.098583892597982],[-3.8955748904513436],[-4.0212385965949355],[-4.046371337823654],[-4.09663682028109],[-4.184601414581604],[-4.310265120725196],[-4.4484951974831475],[-4.54902616239802],[-4.599291644855457],[-6.258052565950868],[-6.132388859807276],[-6.119822489192917],[-6.107256118578558],[-6.094689747964199],[-5.868495076905734],[-5.717698629533423],[-5.61716766461855],[-5.554335811546754],[-5.504070329089318],[-5.416105734788803],[-5.277875658030853],[-5.215043804959056],[-5.1773446931159794],[-5.0516809869723875],[-5.039114616358028],[-4.976282763286232],[-4.9637163926718735],[-4.938583651443155],[-4.926017280828796],[-4.724955350999049],[-4.863185427756999],[-4.825486315913922],[-4.7500880922277675],[-1.5330972149518187],[-1.4953981031087418],[-0.5906194188748808],[-0.5780530482605215],[6.283185307179586],[0.15079644737231046],[0.16336281798666974],[0.2010619298297467],[0.23876104167282453],[0.3267256359733386],[0.33929200658769787],[0.35185837720205715],[0.36442474781641643],[0.3769911184307757],[0.389557489045135],[0.40212385965949426],[0.41469023027385266],[0.4398229715025712],[0.46495571273128977],[0.49008845396000833],[0.5026548245743676],[0.5403539364174446],[0.5654866776461631],[0.691150383789755],[1.545663585566178],[0.7037167544041143],[0.7162831250184736],[5.554335811546753],[1.5330972149518187],[1.5205308443374594],[5.416105734788804],[0.8922123136195008],[5.378406622945727],[1.507964473723101],[0.9927432785343742],[1.0053096491487334],[1.4828317324943825],[1.457698991265664],[1.4451326206513047],[1.1309733552923253],[1.1435397259066846],[1.419999879422586],[1.156106096521044],[1.1686724671354023],[1.4074335088082268],[1.1812388377497616],[1.1938052083641209],[1.2189379495928394],[1.3697343969651499],[1.2566370614359172],[1.3446016557364313],[1.2692034320502765],[1.332035285122072],[1.281769802664635],[1.3194689145077128]],"nseeds":162,"executions":469,"nfe":47400,"gps":[[3.141592653589793]],"lps":[],"fps":[[3.1290262829754347],[3.1541590242041515],[3.1667253948185117],[3.1164599123610746],[3.103893541746716],[3.091327171132356],[3.053628059289279],[3.041061688674919],[3.267256359733384],[3.015928947446202],[3.003362576831842],[2.9907962062174835],[3.304955471576463],[3.3175218421908212],[3.3300882128051814],[2.9405307237600464],[3.34265458341954],[3.3552209540339],[2.9279643531456863],[2.915397982531328],[3.3677873246482584],[2.9028316119169695],[3.3803536952626168],[2.877698870688251],[3.4054864364913353],[3.4180528071056955],[3.5060174014062095],[3.518583772020568],[3.5437165132492865],[3.568849254478005],[3.581415625092365],[3.5939819957067236],[3.6065483663210838],[3.6819465900072377],[3.694512960621598],[3.7070793312359562],[3.7196457018503164],[3.744778443079033],[3.7573448136933933],[2.5132741228718345],[3.7699111843077517],[2.5007077522574743],[3.7950439255364703],[3.8076102961508305],[3.820176666765189],[2.400176787342602],[3.8955748904513445],[3.908141261065703],[3.920707631680063],[2.3373449342708064],[2.2870794518133692],[2.2116812281272153],[2.199114857512855],[2.186548486898497],[2.1739821162841366],[2.1614157456697782],[2.111150263212341],[1.9980529276831085],[1.97292018645439],[1.897521962768236],[1.8849555921538759],[4.423362456254429],[4.486194309326224],[4.511327050554943],[4.523893421169301],[1.7341591447815663],[1.7215927741672061],[1.7090264035528477],[1.6587609210954106],[1.6084954386379744],[1.5959290680236151],[-1.633628179866692],[-2.098583892597982],[-3.8955748904513436],[-4.0212385965949355],[-4.046371337823654],[-4.09663682028109],[-4.184601414581604],[-4.310265120725196],[-4.4484951974831475],[-4.54902616239802],[-4.599291644855457],[-6.258052565950868],[-6.132388859807276],[-6.119822489192917],[-6.107256118578558],[-6.094689747964199],[-5.868495076905734],[-5.717698629533423],[-5.61716766461855],[-5.554335811546754],[-5.504070329089318],[-5.416105734788803],[-5.277875658030853],[-5.215043804959056],[-5.1773446931159794],[-5.0516809869723875],[-5.039114616358028],[-4.976282763286232],[-4.9637163926718735],[-4.938583651443155],[-4.926017280828796],[-4.724955350999049],[-4.863185427756999],[-4.825486315913922],[-4.7500880922277675],[-1.5330972149518187],[-1.4953981031087418],[-0.5906194188748808],[-0.5780530482605215],[6.283185307179586],[0.15079644737231046],[0.16336281798666974],[0.2010619298297467],[0.23876104167282453],[0.3267256359733386],[0.33929200658769787],[0.35185837720205715],[0.36442474781641643],[0.3769911184307757],[0.389557489045135],[0.40212385965949426],[0.41469023027385266],[0.4398229715025712],[0.46495571273128977],[0.49008845396000833],[0.5026548245743676],[0.5403539364174446],[0.5654866776461631],[0.691150383789755],[1.545663585566178],[0.7037167544041143],[0.7162831250184736],[5.554335811546753],[1.5330972149518187],[1.5205308443374594],[5.416105734788804],[0.8922123136195008],[5.378406622945727],[1.507964473723101],[0.9927432785343742],[1.0053096491487334],[1.4828317324943825],[1.457698991265664],[1.4451326206513047],[1.1309733552923253],[1.1435397259066846],[1.419999879422586],[1.156106096521044],[1.1686724671354023],[1.4074335088082268],[1.1812388377497616],[1.1938052083641209],[1.2189379495928394],[1.3697343969651499],[1.2566370614359172],[1.3446016557364313],[1.2692034320502765],[1.332035285122072],[1.281769802664635],[1.3194689145077128]],"np":1,"gp":1,"pr":0.006172839506172839,"gpr":1,"fpr":0.9938271604938271,"reason":"statistic"}