{"avgHealth":0.7350851306630457,"seeds":[[3.141592653589793],[3.1541590242041515],[3.1164599123610746],[3.1918581360472302],[3.2044245066615886],[3.216990877275949],[3.229557247890307],[3.0284953180605605],[3.015928947446202],[3.003362576831842],[2.9907962062174835],[3.304955471576463],[3.3175218421908212],[3.3552209540339],[2.915397982531328],[3.4054864364913353],[2.8651325000738908],[3.430619177720054],[2.8148670176164536],[3.4934510307918494],[2.789734276387737],[3.5060174014062095],[3.6065483663210838],[3.619114736935442],[2.6515041996297857],[2.6389378290154255],[2.613805087786707],[2.6012387171723486],[3.694512960621598],[2.5886723465579884],[3.7070793312359562],[3.7196457018503164],[3.7950439255364703],[3.8076102961508305],[3.820176666765189],[3.857875778608266],[3.870442149222626],[2.4127431579569603],[3.908141261065703],[3.920707631680063],[3.9332740022944197],[2.3499113048851665],[2.3373449342708064],[2.312212193042088],[2.2996458224277294],[2.236813969355934],[2.2116812281272153],[2.199114857512855],[2.186548486898497],[2.1739821162841366],[2.111150263212341],[4.197167785195964],[4.222300526424682],[2.0483184101405456],[1.97292018645439],[1.9100883333825944],[4.498760679940583],[4.511327050554943],[4.523893421169301],[1.7467255153959247],[1.7215927741672061],[1.7090264035528477],[1.6838936623241292],[1.633628179866692],[1.6084954386379744],[-1.6210618092523337],[-3.7070793312359562],[-3.719645701850315],[-3.8201766667651884],[-3.8327430373795477],[-3.870442149222625],[-3.8830085198369844],[-3.9207076316800618],[-4.033804967209294],[-4.084070449666731],[-4.09663682028109],[-4.310265120725196],[-4.335397861953915],[-4.360530603182633],[-4.498760679940584],[-5.855928706291374],[-5.76796411199086],[-5.667433147075987],[-5.592034923389832],[-5.579468552775473],[-5.5669021821611135],[-5.516636699703676],[-5.491503958474958],[-5.416105734788803],[-5.378406622945726],[-5.365840252331367],[-5.3030083992595705],[-5.064247357586746],[-5.00141550451495],[-4.976282763286232],[-0.6534512719466772],[-0.552920307031803],[-0.5026548245743667],[-0.49008845396000744],[-0.4021238596594934],[6.283185307179586],[0.15079644737231046],[0.1884955592153874],[0.2010619298297467],[0.21362830044410597],[0.22619467105846525],[0.2513274122871838],[0.35185837720205715],[0.36442474781641643],[0.389557489045135],[0.40212385965949426],[5.76796411199086],[0.5152211951887269],[5.692565888304705],[0.603185789489241],[0.6534512719466772],[0.6785840131753957],[0.691150383789755],[0.7037167544041143],[5.554335811546753],[0.7288494956328329],[1.5330972149518187],[5.4789375878605995],[5.4412384760175225],[0.854513201776423],[5.416105734788804],[0.8670795723907823],[5.403539364174446],[0.8796459430051415],[5.390972993560085],[1.507964473723101],[0.9550441666912963],[1.4953981031087418],[0.9927432785343742],[1.0053096491487334],[1.030442390377452],[1.0430087609918113],[1.0807078728348882],[5.189911063730339],[1.0932742434492475],[1.118406984677966],[1.156106096521044],[1.1686724671354023],[1.4074335088082268],[5.101946469429825],[1.1812388377497616],[1.1938052083641209],[1.2063715789784801],[1.3823007675795091],[1.2189379495928394],[1.2315043202071987],[1.244070690821558],[5.026548245743669],[1.2566370614359172],[1.3446016557364313],[1.332035285122072],[1.281769802664635],[1.3194689145077128],[1.3069025438933535]],"nseeds":159,"executions":966,"nfe":97100,"gps":[[3.141592653589793]],"lps":[],"fps":[[3.1541590242041515],[3.1164599123610746],[3.1918581360472302],[3.2044245066615886],[3.216990877275949],[3.229557247890307],[3.0284953180605605],[3.015928947446202],[3.003362576831842],[2.9907962062174835],[3.304955471576463],[3.3175218421908212],[3.3552209540339],[2.915397982531328],[3.4054864364913353],[2.8651325000738908],[3.430619177720054],[2.8148670176164536],[3.4934510307918494],[2.789734276387737],[3.5060174014062095],[3.6065483663210838],[3.619114736935442],[2.6515041996297857],[2.6389378290154255],[2.613805087786707],[2.6012387171723486],[3.694512960621598],[2.5886723465579884],[3.7070793312359562],[3.7196457018503164],[3.7950439255364703],[3.8076102961508305],[3.820176666765189],[3.857875778608266],[3.870442149222626],[2.4127431579569603],[3.908141261065703],[3.920707631680063],[3.9332740022944197],[2.3499113048851665],[2.3373449342708064],[2.312212193042088],[2.2996458224277294],[2.236813969355934],[2.2116812281272153],[2.199114857512855],[2.186548486898497],[2.1739821162841366],[2.111150263212341],[4.197167785195964],[4.222300526424682],[2.0483184101405456],[1.97292018645439],[1.9100883333825944],[4.498760679940583],[4.511327050554943],[4.523893421169301],[1.7467255153959247],[1.7215927741672061],[1.7090264035528477],[1.6838936623241292],[1.633628179866692],[1.6084954386379744],[-1.6210618092523337],[-3.7070793312359562],[-3.719645701850315],[-3.8201766667651884],[-3.8327430373795477],[-3.870442149222625],[-3.8830085198369844],[-3.9207076316800618],[-4.033804967209294],[-4.084070449666731],[-4.09663682028109],[-4.310265120725196],[-4.335397861953915],[-4.360530603182633],[-4.498760679940584],[-5.855928706291374],[-5.76796411199086],[-5.667433147075987],[-5.592034923389832],[-5.579468552775473],[-5.5669021821611135],[-5.516636699703676],[-5.491503958474958],[-5.416105734788803],[-5.378406622945726],[-5.365840252331367],[-5.3030083992595705],[-5.064247357586746],[-5.00141550451495],[-4.976282763286232],[-0.6534512719466772],[-0.552920307031803],[-0.5026548245743667],[-0.49008845396000744],[-0.4021238596594934],[6.283185307179586],[0.15079644737231046],[0.1884955592153874],[0.2010619298297467],[0.21362830044410597],[0.22619467105846525],[0.2513274122871838],[0.35185837720205715],[0.36442474781641643],[0.389557489045135],[0.40212385965949426],[5.76796411199086],[0.5152211951887269],[5.692565888304705],[0.603185789489241],[0.6534512719466772],[0.6785840131753957],[0.691150383789755],[0.7037167544041143],[5.554335811546753],[0.7288494956328329],[1.5330972149518187],[5.4789375878605995],[5.4412384760175225],[0.854513201776423],[5.416105734788804],[0.8670795723907823],[5.403539364174446],[0.8796459430051415],[5.390972993560085],[1.507964473723101],[0.9550441666912963],[1.4953981031087418],[0.9927432785343742],[1.0053096491487334],[1.030442390377452],[1.0430087609918113],[1.0807078728348882],[5.189911063730339],[1.0932742434492475],[1.118406984677966],[1.156106096521044],[1.1686724671354023],[1.4074335088082268],[5.101946469429825],[1.1812388377497616],[1.1938052083641209],[1.2063715789784801],[1.3823007675795091],[1.2189379495928394],[1.2315043202071987],[1.244070690821558],[5.026548245743669],[1.2566370614359172],[1.3446016557364313],[1.332035285122072],[1.281769802664635],[1.3194689145077128],[1.3069025438933535]],"np":1,"gp":1,"pr":0.006289308176100629,"gpr":1,"fpr":0.9937106918238994,"reason":"statistic"}