{"avgHealth":0.9997872608866494,"seeds":[[-1.2479999999999993,-1.2479999999999993],[-1.2479999999999993,3.1799999999999997],[-1.2479999999999993,3.1679999999999993],[-3.612,3.1799999999999997],[-1.2479999999999993,3.192],[-3.612,3.1679999999999993],[3.1679999999999993,3.192],[-3.612,3.192],[-1.2479999999999993,3.1560000000000006],[3.1560000000000006,3.1799999999999997],[-1.2359999999999998,-1.2479999999999993],[3.1679999999999993,3.1560000000000006],[-3.612,3.1560000000000006],[3.1799999999999997,3.1560000000000006],[-1.2359999999999998,3.192],[-1.2479999999999993,3.2040000000000006],[3.1560000000000006,3.192],[3.1560000000000006,3.1560000000000006],[-1.2479999999999993,-4.872],[-3.612,3.2040000000000006],[3.144,-1.2479999999999993],[-1.2479999999999993,-3.5999999999999996],[3.1560000000000006,-4.872],[3.144,3.192],[-1.2359999999999998,-4.872],[3.192,3.1560000000000006],[-1.2599999999999998,-4.872],[3.144,3.1560000000000006],[-3.612,-3.5999999999999996],[-1.2359999999999998,-3.5999999999999996],[-1.2720000000000002,-1.2479999999999993],[3.144,-4.872],[3.144,-3.5999999999999996],[-1.2479999999999993,-4.859999999999999],[3.1560000000000006,-4.859999999999999],[-1.2720000000000002,-4.872],[-1.2599999999999998,-4.859999999999999],[-3.6239999999999997,3.192],[-1.2359999999999998,-4.859999999999999],[3.144,-4.859999999999999],[-3.6239999999999997,-3.5999999999999996],[-1.2479999999999993,-3.588],[-3.612,3.1080000000000005],[-3.6239999999999997,-3.6239999999999997],[3.2040000000000006,-3.588],[-3.612,-3.588],[3.276,-4.859999999999999],[-3.5759999999999996,-1.2479999999999993],[3.144,-4.884]],"nseeds":49,"executions":319,"nfe":32400,"gps":[],"lps":[],"fps":[[-1.2479999999999993,-1.2479999999999993],[-1.2479999999999993,3.1799999999999997],[-1.2479999999999993,3.1679999999999993],[-3.612,3.1799999999999997],[-1.2479999999999993,3.192],[-3.612,3.1679999999999993],[3.1679999999999993,3.192],[-3.612,3.192],[-1.2479999999999993,3.1560000000000006],[3.1560000000000006,3.1799999999999997],[-1.2359999999999998,-1.2479999999999993],[3.1679999999999993,3.1560000000000006],[-3.612,3.1560000000000006],[3.1799999999999997,3.1560000000000006],[-1.2359999999999998,3.192],[-1.2479999999999993,3.2040000000000006],[3.1560000000000006,3.192],[3.1560000000000006,3.1560000000000006],[-1.2479999999999993,-4.872],[-3.612,3.2040000000000006],[3.144,-1.2479999999999993],[-1.2479999999999993,-3.5999999999999996],[3.1560000000000006,-4.872],[3.144,3.192],[-1.2359999999999998,-4.872],[3.192,3.1560000000000006],[-1.2599999999999998,-4.872],[3.144,3.1560000000000006],[-3.612,-3.5999999999999996],[-1.2359999999999998,-3.5999999999999996],[-1.2720000000000002,-1.2479999999999993],[3.144,-4.872],[3.144,-3.5999999999999996],[-1.2479999999999993,-4.859999999999999],[3.1560000000000006,-4.859999999999999],[-1.2720000000000002,-4.872],[-1.2599999999999998,-4.859999999999999],[-3.6239999999999997,3.192],[-1.2359999999999998,-4.859999999999999],[3.144,-4.859999999999999],[-3.6239999999999997,-3.5999999999999996],[-1.2479999999999993,-3.588],[-3.612,3.1080000000000005],[-3.6239999999999997,-3.6239999999999997],[3.2040000000000006,-3.588],[-3.612,-3.588],[3.276,-4.859999999999999],[-3.5759999999999996,-1.2479999999999993],[3.144,-4.884]],"np":0,"gp":0,"pr":0,"gpr":0,"fpr":1,"reason":"statistic"}