{"avgHealth":0.9995214404042604,"seeds":[[3.1799999999999997,-1.2479999999999993],[3.192,-1.2479999999999993],[3.2040000000000006,-1.2479999999999993],[3.192,-1.2599999999999998],[-3.5999999999999996,-1.2479999999999993],[3.1799999999999997,-1.2359999999999998],[3.1679999999999993,-1.2359999999999998],[3.144,-1.2479999999999993],[3.192,-1.2359999999999998],[3.1799999999999997,3.2040000000000006],[3.216000000000001,-1.2479999999999993],[-3.5999999999999996,-1.2359999999999998],[-4.872,-1.2479999999999993],[-3.5999999999999996,-1.2599999999999998],[3.2040000000000006,-1.2359999999999998],[3.1679999999999993,3.216000000000001],[3.144,-1.2599999999999998],[3.192,3.216000000000001],[3.2040000000000006,3.2040000000000006],[3.2040000000000006,3.216000000000001],[-3.5999999999999996,3.2040000000000006],[3.216000000000001,-1.2359999999999998],[-3.5999999999999996,3.216000000000001],[3.1799999999999997,-1.2720000000000002],[-4.859999999999999,-1.2479999999999993],[3.1319999999999997,-1.2479999999999993],[3.216000000000001,3.2040000000000006],[3.216000000000001,3.216000000000001],[3.2279999999999998,-1.2479999999999993],[-3.5999999999999996,-1.2720000000000002],[3.144,-1.2720000000000002],[3.2040000000000006,3.2279999999999998],[-4.872,3.216000000000001],[-4.859999999999999,3.216000000000001],[3.216000000000001,-1.2240000000000002],[3.24,-1.2479999999999993],[3.120000000000001,-1.2359999999999998],[-4.859999999999999,-1.2359999999999998],[-4.872,-1.2359999999999998],[3.144,-1.2359999999999998],[3.1799999999999997,-1.2240000000000002],[3.1679999999999993,-1.2240000000000002],[3.192,-1.2240000000000002],[3.192,-1.2720000000000002],[3.2040000000000006,-1.2720000000000002],[-3.5999999999999996,-1.2240000000000002],[-4.872,-1.2240000000000002],[-4.872,-1.2720000000000002],[3.144,-1.2240000000000002],[3.216000000000001,-1.2720000000000002],[3.192,3.24],[-4.859999999999999,-1.2240000000000002],[-4.872,3.24],[-5.532,-1.2479999999999993],[3.216000000000001,3.24],[3.144,-1.1999999999999993],[-3.588,-1.2720000000000002],[-4.859999999999999,-1.1999999999999993],[-5.532,3.216000000000001],[3.216000000000001,3.276],[-4.884,-1.2479999999999993],[-5.532,-1.2240000000000002],[-4.859999999999999,3.2880000000000003],[-5.532,-1.2839999999999998],[3.192,3.2880000000000003],[3.2040000000000006,3.2880000000000003]],"nseeds":66,"executions":365,"nfe":37000,"gps":[],"lps":[],"fps":[[3.1799999999999997,-1.2479999999999993],[3.192,-1.2479999999999993],[3.2040000000000006,-1.2479999999999993],[3.192,-1.2599999999999998],[-3.5999999999999996,-1.2479999999999993],[3.1799999999999997,-1.2359999999999998],[3.1679999999999993,-1.2359999999999998],[3.144,-1.2479999999999993],[3.192,-1.2359999999999998],[3.1799999999999997,3.2040000000000006],[3.216000000000001,-1.2479999999999993],[-3.5999999999999996,-1.2359999999999998],[-4.872,-1.2479999999999993],[-3.5999999999999996,-1.2599999999999998],[3.2040000000000006,-1.2359999999999998],[3.1679999999999993,3.216000000000001],[3.144,-1.2599999999999998],[3.192,3.216000000000001],[3.2040000000000006,3.2040000000000006],[3.2040000000000006,3.216000000000001],[-3.5999999999999996,3.2040000000000006],[3.216000000000001,-1.2359999999999998],[-3.5999999999999996,3.216000000000001],[3.1799999999999997,-1.2720000000000002],[-4.859999999999999,-1.2479999999999993],[3.1319999999999997,-1.2479999999999993],[3.216000000000001,3.2040000000000006],[3.216000000000001,3.216000000000001],[3.2279999999999998,-1.2479999999999993],[-3.5999999999999996,-1.2720000000000002],[3.144,-1.2720000000000002],[3.2040000000000006,3.2279999999999998],[-4.872,3.216000000000001],[-4.859999999999999,3.216000000000001],[3.216000000000001,-1.2240000000000002],[3.24,-1.2479999999999993],[3.120000000000001,-1.2359999999999998],[-4.859999999999999,-1.2359999999999998],[-4.872,-1.2359999999999998],[3.144,-1.2359999999999998],[3.1799999999999997,-1.2240000000000002],[3.1679999999999993,-1.2240000000000002],[3.192,-1.2240000000000002],[3.192,-1.2720000000000002],[3.2040000000000006,-1.2720000000000002],[-3.5999999999999996,-1.2240000000000002],[-4.872,-1.2240000000000002],[-4.872,-1.2720000000000002],[3.144,-1.2240000000000002],[3.216000000000001,-1.2720000000000002],[3.192,3.24],[-4.859999999999999,-1.2240000000000002],[-4.872,3.24],[-5.532,-1.2479999999999993],[3.216000000000001,3.24],[3.144,-1.1999999999999993],[-3.588,-1.2720000000000002],[-4.859999999999999,-1.1999999999999993],[-5.532,3.216000000000001],[3.216000000000001,3.276],[-4.884,-1.2479999999999993],[-5.532,-1.2240000000000002],[-4.859999999999999,3.2880000000000003],[-5.532,-1.2839999999999998],[3.192,3.2880000000000003],[3.2040000000000006,3.2880000000000003]],"np":0,"gp":0,"pr":0,"gpr":0,"fpr":1,"reason":"statistic"}