{"avgHealth":0.9997436837538599,"seeds":[[-1.2479999999999993,-1.2479999999999993],[3.1679999999999993,-1.2479999999999993],[-1.2479999999999993,3.1679999999999993],[3.1679999999999993,3.1679999999999993],[-1.2479999999999993,-3.612],[-3.612,-1.2479999999999993],[-1.2479999999999993,3.192],[-3.612,3.1679999999999993],[3.1679999999999993,-3.612],[3.1679999999999993,3.192],[-3.612,-3.612],[-3.612,3.192],[3.192,-3.612],[3.1560000000000006,-1.2479999999999993],[3.192,3.192],[-1.2479999999999993,-1.2359999999999998],[-1.2359999999999998,-1.2479999999999993],[-1.2599999999999998,-1.2479999999999993],[-3.612,3.1560000000000006],[-1.2359999999999998,3.192],[-1.2479999999999993,3.2040000000000006],[3.2040000000000006,3.192],[3.144,-1.2479999999999993],[3.216000000000001,3.1679999999999993],[3.216000000000001,3.192],[-1.2479999999999993,-1.2240000000000002],[-1.2240000000000002,-3.612],[-3.612,3.1319999999999997],[-1.2359999999999998,-1.2240000000000002],[-1.2599999999999998,-1.2240000000000002],[3.2279999999999998,-1.2479999999999993],[3.2279999999999998,-3.612],[3.2279999999999998,3.192],[-1.2479999999999993,-3.6239999999999997],[3.1679999999999993,-3.6239999999999997],[-3.612,-3.6239999999999997],[3.120000000000001,3.1679999999999993],[3.120000000000001,3.192],[-1.2479999999999993,-5.5440000000000005],[-3.612,3.2040000000000006],[3.216000000000001,-3.6239999999999997],[3.120000000000001,3.1319999999999997],[-1.2359999999999998,3.1319999999999997],[3.120000000000001,3.2040000000000006],[-1.2479999999999993,-1.2119999999999997],[3.1679999999999993,-1.2119999999999997],[-1.2839999999999998,3.1319999999999997],[-1.2479999999999993,-4.848]],"nseeds":48,"executions":352,"nfe":35700,"gps":[],"lps":[],"fps":[[-1.2479999999999993,-1.2479999999999993],[3.1679999999999993,-1.2479999999999993],[-1.2479999999999993,3.1679999999999993],[3.1679999999999993,3.1679999999999993],[-1.2479999999999993,-3.612],[-3.612,-1.2479999999999993],[-1.2479999999999993,3.192],[-3.612,3.1679999999999993],[3.1679999999999993,-3.612],[3.1679999999999993,3.192],[-3.612,-3.612],[-3.612,3.192],[3.192,-3.612],[3.1560000000000006,-1.2479999999999993],[3.192,3.192],[-1.2479999999999993,-1.2359999999999998],[-1.2359999999999998,-1.2479999999999993],[-1.2599999999999998,-1.2479999999999993],[-3.612,3.1560000000000006],[-1.2359999999999998,3.192],[-1.2479999999999993,3.2040000000000006],[3.2040000000000006,3.192],[3.144,-1.2479999999999993],[3.216000000000001,3.1679999999999993],[3.216000000000001,3.192],[-1.2479999999999993,-1.2240000000000002],[-1.2240000000000002,-3.612],[-3.612,3.1319999999999997],[-1.2359999999999998,-1.2240000000000002],[-1.2599999999999998,-1.2240000000000002],[3.2279999999999998,-1.2479999999999993],[3.2279999999999998,-3.612],[3.2279999999999998,3.192],[-1.2479999999999993,-3.6239999999999997],[3.1679999999999993,-3.6239999999999997],[-3.612,-3.6239999999999997],[3.120000000000001,3.1679999999999993],[3.120000000000001,3.192],[-1.2479999999999993,-5.5440000000000005],[-3.612,3.2040000000000006],[3.216000000000001,-3.6239999999999997],[3.120000000000001,3.1319999999999997],[-1.2359999999999998,3.1319999999999997],[3.120000000000001,3.2040000000000006],[-1.2479999999999993,-1.2119999999999997],[3.1679999999999993,-1.2119999999999997],[-1.2839999999999998,3.1319999999999997],[-1.2479999999999993,-4.848]],"np":0,"gp":0,"pr":0,"gpr":0,"fpr":1,"reason":"statistic"}