{"avgHealth":0.999693669900725,"seeds":[[3.1799999999999997,3.1799999999999997],[3.1679999999999993,-1.2479999999999993],[3.1799999999999997,3.1679999999999993],[3.1679999999999993,3.1799999999999997],[-1.2479999999999993,3.1679999999999993],[-3.612,-1.2479999999999993],[-3.612,3.1799999999999997],[3.192,3.1799999999999997],[-3.612,3.1679999999999993],[3.192,3.1679999999999993],[3.1560000000000006,-1.2479999999999993],[3.192,3.192],[3.1560000000000006,3.1799999999999997],[3.1799999999999997,3.1560000000000006],[3.1560000000000006,3.1679999999999993],[-1.2359999999999998,3.1679999999999993],[-1.2599999999999998,3.1679999999999993],[-3.612,-1.2359999999999998],[3.192,3.1560000000000006],[3.2040000000000006,-1.2479999999999993],[-3.612,-1.2599999999999998],[3.1560000000000006,3.1560000000000006],[3.1799999999999997,-3.5999999999999996],[-3.612,-3.5999999999999996],[3.144,3.1679999999999993],[3.2040000000000006,-1.2359999999999998],[3.1679999999999993,3.1679999999999993],[3.1799999999999997,3.144],[3.216000000000001,-1.2479999999999993],[3.144,-3.5999999999999996],[-1.2240000000000002,3.1799999999999997],[3.1319999999999997,3.1799999999999997],[-1.2240000000000002,3.1679999999999993],[3.1319999999999997,3.1679999999999993],[-3.612,-1.2240000000000002],[-1.2240000000000002,3.192],[-3.612,-1.2720000000000002],[-1.2240000000000002,3.1560000000000006],[3.1319999999999997,3.1560000000000006],[-1.2240000000000002,3.2040000000000006],[-1.2240000000000002,3.144],[3.120000000000001,-1.2479999999999993],[3.2040000000000006,-1.2240000000000002],[-1.2240000000000002,3.1319999999999997],[3.120000000000001,-3.5999999999999996],[-1.2240000000000002,-1.2240000000000002],[3.216000000000001,-1.2240000000000002],[3.192,3.144],[3.1679999999999993,-1.2839999999999998],[-3.612,-1.2839999999999998],[3.1799999999999997,-3.588],[3.1560000000000006,-1.2839999999999998],[3.24,3.1679999999999993],[-3.612,-3.588],[-1.2240000000000002,3.120000000000001],[-1.2119999999999997,-3.5999999999999996],[3.144,-1.2839999999999998],[3.2040000000000006,-1.2839999999999998],[3.24,-3.5999999999999996],[3.216000000000001,-1.2839999999999998],[-1.2479999999999993,-1.1999999999999993],[-1.2240000000000002,3.096],[-3.612,-1.2959999999999994],[3.192,-3.588],[3.216000000000001,-1.2959999999999994],[-3.636,-3.5999999999999996],[-1.1999999999999993,-1.2240000000000002],[-1.2240000000000002,-3.588],[3.192,3.120000000000001],[3.1560000000000006,-1.2359999999999998],[-1.1879999999999997,-1.2959999999999994],[-1.1879999999999997,-3.588]],"nseeds":72,"executions":304,"nfe":30900,"gps":[],"lps":[],"fps":[[3.1799999999999997,3.1799999999999997],[3.1679999999999993,-1.2479999999999993],[3.1799999999999997,3.1679999999999993],[3.1679999999999993,3.1799999999999997],[-1.2479999999999993,3.1679999999999993],[-3.612,-1.2479999999999993],[-3.612,3.1799999999999997],[3.192,3.1799999999999997],[-3.612,3.1679999999999993],[3.192,3.1679999999999993],[3.1560000000000006,-1.2479999999999993],[3.192,3.192],[3.1560000000000006,3.1799999999999997],[3.1799999999999997,3.1560000000000006],[3.1560000000000006,3.1679999999999993],[-1.2359999999999998,3.1679999999999993],[-1.2599999999999998,3.1679999999999993],[-3.612,-1.2359999999999998],[3.192,3.1560000000000006],[3.2040000000000006,-1.2479999999999993],[-3.612,-1.2599999999999998],[3.1560000000000006,3.1560000000000006],[3.1799999999999997,-3.5999999999999996],[-3.612,-3.5999999999999996],[3.144,3.1679999999999993],[3.2040000000000006,-1.2359999999999998],[3.1679999999999993,3.1679999999999993],[3.1799999999999997,3.144],[3.216000000000001,-1.2479999999999993],[3.144,-3.5999999999999996],[-1.2240000000000002,3.1799999999999997],[3.1319999999999997,3.1799999999999997],[-1.2240000000000002,3.1679999999999993],[3.1319999999999997,3.1679999999999993],[-3.612,-1.2240000000000002],[-1.2240000000000002,3.192],[-3.612,-1.2720000000000002],[-1.2240000000000002,3.1560000000000006],[3.1319999999999997,3.1560000000000006],[-1.2240000000000002,3.2040000000000006],[-1.2240000000000002,3.144],[3.120000000000001,-1.2479999999999993],[3.2040000000000006,-1.2240000000000002],[-1.2240000000000002,3.1319999999999997],[3.120000000000001,-3.5999999999999996],[-1.2240000000000002,-1.2240000000000002],[3.216000000000001,-1.2240000000000002],[3.192,3.144],[3.1679999999999993,-1.2839999999999998],[-3.612,-1.2839999999999998],[3.1799999999999997,-3.588],[3.1560000000000006,-1.2839999999999998],[3.24,3.1679999999999993],[-3.612,-3.588],[-1.2240000000000002,3.120000000000001],[-1.2119999999999997,-3.5999999999999996],[3.144,-1.2839999999999998],[3.2040000000000006,-1.2839999999999998],[3.24,-3.5999999999999996],[3.216000000000001,-1.2839999999999998],[-1.2479999999999993,-1.1999999999999993],[-1.2240000000000002,3.096],[-3.612,-1.2959999999999994],[3.192,-3.588],[3.216000000000001,-1.2959999999999994],[-3.636,-3.5999999999999996],[-1.1999999999999993,-1.2240000000000002],[-1.2240000000000002,-3.588],[3.192,3.120000000000001],[3.1560000000000006,-1.2359999999999998],[-1.1879999999999997,-1.2959999999999994],[-1.1879999999999997,-3.588]],"np":0,"gp":0,"pr":0,"gpr":0,"fpr":1,"reason":"statistic"}