{"avgHealth":0.9997661531814427,"seeds":[[-1.2479999999999993,-1.2479999999999993],[-1.2479999999999993,3.1799999999999997],[-3.612,3.1799999999999997],[-1.2479999999999993,3.192],[3.192,3.1799999999999997],[-3.612,3.192],[3.1560000000000006,-1.2479999999999993],[3.1560000000000006,3.1799999999999997],[-1.2479999999999993,-1.2359999999999998],[-1.2359999999999998,3.1799999999999997],[-3.612,-1.2359999999999998],[3.1560000000000006,3.192],[-1.2359999999999998,3.192],[-3.612,3.1679999999999993],[-1.2479999999999993,-4.872],[3.1560000000000006,-1.2359999999999998],[-3.612,-4.872],[3.144,3.1799999999999997],[3.1560000000000006,3.2040000000000006],[-3.612,3.144],[-1.2479999999999993,3.144],[3.1560000000000006,-4.872],[3.144,3.192],[-1.2599999999999998,-4.872],[3.1679999999999993,-1.2359999999999998],[3.144,3.1679999999999993],[3.2040000000000006,-1.2359999999999998],[3.144,3.2040000000000006],[3.1560000000000006,3.144],[3.144,-4.872],[3.144,3.144],[3.144,-1.2359999999999998],[-1.2479999999999993,-4.859999999999999],[-1.2479999999999993,3.1319999999999997],[3.192,-4.859999999999999],[-3.612,-4.859999999999999],[-1.2479999999999993,-5.5440000000000005],[-3.6239999999999997,3.192],[-3.612,-5.5440000000000005],[3.1560000000000006,-5.5440000000000005],[3.2040000000000006,-5.5440000000000005],[-1.2720000000000002,3.144],[3.192,-4.872],[3.1560000000000006,-4.859999999999999],[-1.2479999999999993,-1.2240000000000002],[3.1560000000000006,-1.2240000000000002],[3.120000000000001,-5.5440000000000005],[3.144,-4.859999999999999],[-3.636,3.2040000000000006],[3.071999999999999,-4.872],[3.144,-1.1999999999999993],[-3.636,3.144],[3.1319999999999997,-4.884],[3.144,3.048]],"nseeds":54,"executions":340,"nfe":34500,"gps":[],"lps":[],"fps":[[-1.2479999999999993,-1.2479999999999993],[-1.2479999999999993,3.1799999999999997],[-3.612,3.1799999999999997],[-1.2479999999999993,3.192],[3.192,3.1799999999999997],[-3.612,3.192],[3.1560000000000006,-1.2479999999999993],[3.1560000000000006,3.1799999999999997],[-1.2479999999999993,-1.2359999999999998],[-1.2359999999999998,3.1799999999999997],[-3.612,-1.2359999999999998],[3.1560000000000006,3.192],[-1.2359999999999998,3.192],[-3.612,3.1679999999999993],[-1.2479999999999993,-4.872],[3.1560000000000006,-1.2359999999999998],[-3.612,-4.872],[3.144,3.1799999999999997],[3.1560000000000006,3.2040000000000006],[-3.612,3.144],[-1.2479999999999993,3.144],[3.1560000000000006,-4.872],[3.144,3.192],[-1.2599999999999998,-4.872],[3.1679999999999993,-1.2359999999999998],[3.144,3.1679999999999993],[3.2040000000000006,-1.2359999999999998],[3.144,3.2040000000000006],[3.1560000000000006,3.144],[3.144,-4.872],[3.144,3.144],[3.144,-1.2359999999999998],[-1.2479999999999993,-4.859999999999999],[-1.2479999999999993,3.1319999999999997],[3.192,-4.859999999999999],[-3.612,-4.859999999999999],[-1.2479999999999993,-5.5440000000000005],[-3.6239999999999997,3.192],[-3.612,-5.5440000000000005],[3.1560000000000006,-5.5440000000000005],[3.2040000000000006,-5.5440000000000005],[-1.2720000000000002,3.144],[3.192,-4.872],[3.1560000000000006,-4.859999999999999],[-1.2479999999999993,-1.2240000000000002],[3.1560000000000006,-1.2240000000000002],[3.120000000000001,-5.5440000000000005],[3.144,-4.859999999999999],[-3.636,3.2040000000000006],[3.071999999999999,-4.872],[3.144,-1.1999999999999993],[-3.636,3.144],[3.1319999999999997,-4.884],[3.144,3.048]],"np":0,"gp":0,"pr":0,"gpr":0,"fpr":1,"reason":"statistic"}