{"avgHealth":0.9996454517794818,"seeds":[[-1.2479999999999993,-1.2599999999999998],[-3.612,3.1560000000000006],[-3.612,-1.2599999999999998],[-1.2359999999999998,3.1560000000000006],[-1.2359999999999998,-1.2599999999999998],[-1.2599999999999998,-1.2599999999999998],[-3.612,-4.872],[-3.5999999999999996,3.1560000000000006],[-1.2359999999999998,-4.872],[-3.5999999999999996,-1.2599999999999998],[-3.612,3.2040000000000006],[-3.5999999999999996,-4.872],[3.216000000000001,-1.2599999999999998],[-3.5999999999999996,3.2040000000000006],[-3.612,3.216000000000001],[-3.5999999999999996,3.216000000000001],[3.216000000000001,-4.872],[-1.2359999999999998,3.1319999999999997],[-3.612,3.1319999999999997],[-3.612,-1.2720000000000002],[-1.2359999999999998,-4.859999999999999],[3.216000000000001,3.216000000000001],[-3.5999999999999996,3.1319999999999997],[-3.612,-5.5440000000000005],[-3.5999999999999996,-1.2720000000000002],[-3.6239999999999997,-4.872],[3.216000000000001,3.2279999999999998],[3.24,3.1560000000000006],[-1.2599999999999998,-1.2479999999999993],[3.24,-1.2599999999999998],[-3.5999999999999996,-1.2479999999999993],[-3.5999999999999996,-5.5440000000000005],[-1.2119999999999997,-1.2599999999999998],[-1.2839999999999998,3.1560000000000006],[-1.2839999999999998,-1.2599999999999998],[-3.6239999999999997,3.1319999999999997],[3.2520000000000007,-1.2599999999999998],[-1.2839999999999998,3.216000000000001],[-3.6239999999999997,-5.5440000000000005],[-1.2839999999999998,3.1319999999999997],[-1.2119999999999997,3.216000000000001],[3.24,3.120000000000001],[-1.2959999999999994,-1.2599999999999998]],"nseeds":43,"executions":338,"nfe":34300,"gps":[],"lps":[],"fps":[[-1.2479999999999993,-1.2599999999999998],[-3.612,3.1560000000000006],[-3.612,-1.2599999999999998],[-1.2359999999999998,3.1560000000000006],[-1.2359999999999998,-1.2599999999999998],[-1.2599999999999998,-1.2599999999999998],[-3.612,-4.872],[-3.5999999999999996,3.1560000000000006],[-1.2359999999999998,-4.872],[-3.5999999999999996,-1.2599999999999998],[-3.612,3.2040000000000006],[-3.5999999999999996,-4.872],[3.216000000000001,-1.2599999999999998],[-3.5999999999999996,3.2040000000000006],[-3.612,3.216000000000001],[-3.5999999999999996,3.216000000000001],[3.216000000000001,-4.872],[-1.2359999999999998,3.1319999999999997],[-3.612,3.1319999999999997],[-3.612,-1.2720000000000002],[-1.2359999999999998,-4.859999999999999],[3.216000000000001,3.216000000000001],[-3.5999999999999996,3.1319999999999997],[-3.612,-5.5440000000000005],[-3.5999999999999996,-1.2720000000000002],[-3.6239999999999997,-4.872],[3.216000000000001,3.2279999999999998],[3.24,3.1560000000000006],[-1.2599999999999998,-1.2479999999999993],[3.24,-1.2599999999999998],[-3.5999999999999996,-1.2479999999999993],[-3.5999999999999996,-5.5440000000000005],[-1.2119999999999997,-1.2599999999999998],[-1.2839999999999998,3.1560000000000006],[-1.2839999999999998,-1.2599999999999998],[-3.6239999999999997,3.1319999999999997],[3.2520000000000007,-1.2599999999999998],[-1.2839999999999998,3.216000000000001],[-3.6239999999999997,-5.5440000000000005],[-1.2839999999999998,3.1319999999999997],[-1.2119999999999997,3.216000000000001],[3.24,3.120000000000001],[-1.2959999999999994,-1.2599999999999998]],"np":0,"gp":0,"pr":0,"gpr":0,"fpr":1,"reason":"statistic"}