{"avgHealth":0.9998526246557046,"seeds":[[3.1799999999999997,-1.2479999999999993],[3.1799999999999997,3.1799999999999997],[3.1799999999999997,3.1679999999999993],[3.1679999999999993,3.1799999999999997],[-1.2479999999999993,3.1799999999999997],[3.1799999999999997,3.192],[-1.2479999999999993,3.192],[3.1799999999999997,3.1560000000000006],[3.1679999999999993,3.192],[-1.2479999999999993,-1.2599999999999998],[3.1799999999999997,-1.2599999999999998],[-1.2599999999999998,3.1799999999999997],[-1.2599999999999998,3.1679999999999993],[3.1560000000000006,3.1799999999999997],[3.1679999999999993,3.1679999999999993],[3.1799999999999997,-1.2359999999999998],[-1.2359999999999998,3.1799999999999997],[-1.2359999999999998,3.1679999999999993],[-1.2359999999999998,3.192],[-1.2479999999999993,3.2040000000000006],[-1.2479999999999993,3.1560000000000006],[-1.2599999999999998,3.192],[-1.2359999999999998,-1.2479999999999993],[3.1560000000000006,3.1679999999999993],[-1.2599999999999998,-1.2479999999999993],[3.2040000000000006,3.192],[-1.2599999999999998,3.1560000000000006],[-1.2359999999999998,-1.2599999999999998],[3.1799999999999997,3.2040000000000006],[3.144,-1.2359999999999998],[3.1799999999999997,-1.2240000000000002],[3.192,-1.2240000000000002],[-1.2240000000000002,3.192],[3.1560000000000006,-1.2240000000000002],[-1.2359999999999998,-1.2240000000000002],[3.1799999999999997,-4.859999999999999],[-1.2599999999999998,-1.2240000000000002],[3.2040000000000006,-1.2240000000000002],[-1.2240000000000002,-1.2240000000000002],[-1.2240000000000002,3.24],[-1.2119999999999997,-1.2240000000000002],[3.1080000000000005,-1.2240000000000002],[3.096,-1.2599999999999998],[-1.2240000000000002,3.2520000000000007],[-1.2839999999999998,-1.2240000000000002],[-3.588,3.1679999999999993]],"nseeds":46,"executions":279,"nfe":28400,"gps":[],"lps":[],"fps":[[3.1799999999999997,-1.2479999999999993],[3.1799999999999997,3.1799999999999997],[3.1799999999999997,3.1679999999999993],[3.1679999999999993,3.1799999999999997],[-1.2479999999999993,3.1799999999999997],[3.1799999999999997,3.192],[-1.2479999999999993,3.192],[3.1799999999999997,3.1560000000000006],[3.1679999999999993,3.192],[-1.2479999999999993,-1.2599999999999998],[3.1799999999999997,-1.2599999999999998],[-1.2599999999999998,3.1799999999999997],[-1.2599999999999998,3.1679999999999993],[3.1560000000000006,3.1799999999999997],[3.1679999999999993,3.1679999999999993],[3.1799999999999997,-1.2359999999999998],[-1.2359999999999998,3.1799999999999997],[-1.2359999999999998,3.1679999999999993],[-1.2359999999999998,3.192],[-1.2479999999999993,3.2040000000000006],[-1.2479999999999993,3.1560000000000006],[-1.2599999999999998,3.192],[-1.2359999999999998,-1.2479999999999993],[3.1560000000000006,3.1679999999999993],[-1.2599999999999998,-1.2479999999999993],[3.2040000000000006,3.192],[-1.2599999999999998,3.1560000000000006],[-1.2359999999999998,-1.2599999999999998],[3.1799999999999997,3.2040000000000006],[3.144,-1.2359999999999998],[3.1799999999999997,-1.2240000000000002],[3.192,-1.2240000000000002],[-1.2240000000000002,3.192],[3.1560000000000006,-1.2240000000000002],[-1.2359999999999998,-1.2240000000000002],[3.1799999999999997,-4.859999999999999],[-1.2599999999999998,-1.2240000000000002],[3.2040000000000006,-1.2240000000000002],[-1.2240000000000002,-1.2240000000000002],[-1.2240000000000002,3.24],[-1.2119999999999997,-1.2240000000000002],[3.1080000000000005,-1.2240000000000002],[3.096,-1.2599999999999998],[-1.2240000000000002,3.2520000000000007],[-1.2839999999999998,-1.2240000000000002],[-3.588,3.1679999999999993]],"np":0,"gp":0,"pr":0,"gpr":0,"fpr":1,"reason":"statistic"}