{"avgHealth":0.9994358357371608,"seeds":[[-3.612,3.1799999999999997],[-3.612,3.1679999999999993],[3.192,3.1679999999999993],[3.1799999999999997,3.1560000000000006],[-3.612,3.192],[3.192,3.192],[3.192,3.1799999999999997],[3.1560000000000006,3.1679999999999993],[3.1560000000000006,3.192],[3.2040000000000006,3.1679999999999993],[3.1560000000000006,3.1799999999999997],[-3.612,3.2040000000000006],[3.192,3.2040000000000006],[3.144,3.1799999999999997],[3.144,3.1679999999999993],[-3.612,3.144],[3.144,3.192],[3.1560000000000006,-4.872],[-3.612,3.216000000000001],[3.192,3.216000000000001],[3.192,3.144],[3.144,3.2040000000000006],[3.1560000000000006,3.216000000000001],[3.1319999999999997,3.1799999999999997],[3.1319999999999997,3.1679999999999993],[-3.612,3.1319999999999997],[3.192,3.1319999999999997],[-4.872,3.216000000000001],[3.144,-4.872],[3.1560000000000006,3.1319999999999997],[3.192,3.2279999999999998],[3.1560000000000006,-4.859999999999999],[3.144,3.1319999999999997],[-3.612,3.2279999999999998],[3.1319999999999997,3.216000000000001],[3.144,-4.859999999999999],[-3.612,3.1560000000000006],[3.192,3.1560000000000006],[3.1560000000000006,3.1560000000000006],[-3.6239999999999997,-4.872],[-1.1999999999999993,3.192],[-1.1999999999999993,-4.872],[-1.1999999999999993,3.1319999999999997],[-1.1879999999999997,3.216000000000001],[-1.1879999999999997,3.1679999999999993],[-1.1999999999999993,3.24],[-1.1879999999999997,3.192],[-1.1760000000000002,3.1319999999999997],[-3.6239999999999997,-1.1760000000000002],[-3.6239999999999997,-1.1879999999999997],[3.1319999999999997,-1.1639999999999997],[3.1679999999999993,-4.859999999999999]],"nseeds":52,"executions":337,"nfe":34200,"gps":[],"lps":[],"fps":[[-3.612,3.1799999999999997],[-3.612,3.1679999999999993],[3.192,3.1679999999999993],[3.1799999999999997,3.1560000000000006],[-3.612,3.192],[3.192,3.192],[3.192,3.1799999999999997],[3.1560000000000006,3.1679999999999993],[3.1560000000000006,3.192],[3.2040000000000006,3.1679999999999993],[3.1560000000000006,3.1799999999999997],[-3.612,3.2040000000000006],[3.192,3.2040000000000006],[3.144,3.1799999999999997],[3.144,3.1679999999999993],[-3.612,3.144],[3.144,3.192],[3.1560000000000006,-4.872],[-3.612,3.216000000000001],[3.192,3.216000000000001],[3.192,3.144],[3.144,3.2040000000000006],[3.1560000000000006,3.216000000000001],[3.1319999999999997,3.1799999999999997],[3.1319999999999997,3.1679999999999993],[-3.612,3.1319999999999997],[3.192,3.1319999999999997],[-4.872,3.216000000000001],[3.144,-4.872],[3.1560000000000006,3.1319999999999997],[3.192,3.2279999999999998],[3.1560000000000006,-4.859999999999999],[3.144,3.1319999999999997],[-3.612,3.2279999999999998],[3.1319999999999997,3.216000000000001],[3.144,-4.859999999999999],[-3.612,3.1560000000000006],[3.192,3.1560000000000006],[3.1560000000000006,3.1560000000000006],[-3.6239999999999997,-4.872],[-1.1999999999999993,3.192],[-1.1999999999999993,-4.872],[-1.1999999999999993,3.1319999999999997],[-1.1879999999999997,3.216000000000001],[-1.1879999999999997,3.1679999999999993],[-1.1999999999999993,3.24],[-1.1879999999999997,3.192],[-1.1760000000000002,3.1319999999999997],[-3.6239999999999997,-1.1760000000000002],[-3.6239999999999997,-1.1879999999999997],[3.1319999999999997,-1.1639999999999997],[3.1679999999999993,-4.859999999999999]],"np":0,"gp":0,"pr":0,"gpr":0,"fpr":1,"reason":"statistic"}