{"avgHealth":0.9295937421396088,"seeds":[[0.1,0.1,0.1],[0.101,0.109,0.321],[0.096,0.307,0.319],[0.493,0.283,0.1],[0.099,0.692,0.3],[0.495,0.08,0.314],[0.099,0.317,0.698],[0.493,0.28,0.498],[0.1,0.302,0.832],[0.493,0.286,0.714],[0.524,0.692,0.3],[0.102,0.701,0.718],[0.309,0.3,0.955],[0.323,0.317,0.698],[0.915,0.692,0.1],[0.323,0.317,0.676],[0.526,0.073,0.489],[0.7,0.317,0.705],[0.367,0.307,0.319],[0.486,0.295,0.952],[0.097,0.517,0.768],[0.074,0.3,0.955],[0.306,0.512,0.835],[0.11,0.517,0.769],[0.305,0.517,0.768],[0.316,0.756,0.32],[1.011,0.692,0.3],[0.922,0.332,0.319],[0.524,0.065,0.708],[0.643,0.317,0.705],[0.018,0.286,0.714],[0.031,0.54,0.094],[0.49,0.577,0.718],[0.974,0.821,0.102],[1.009,0.701,0.708],[0.052,0.264,0.713],[0.782,0.701,0.718],[0.167,0.505,0.654],[0.592,0.568,0.512],[0.071,0.219,0.648],[0.641,0.685,0.746],[0.907,0.939,0.049],[0.775,0.267,0.598],[0.813,0.782,0.536],[0.829,0.934,0.65],[0.972,0.61,0.052],[0.756,0.984,0.449],[0.832,0.36,0.551],[0.937,0.571,0.847],[0.784,0.758,0.557],[0.556,0.614,0.814]],"nseeds":51,"executions":162,"nfe":16700,"gps":[[0.1,0.1,0.1]],"lps":[],"fps":[[0.101,0.109,0.321],[0.096,0.307,0.319],[0.493,0.283,0.1],[0.099,0.692,0.3],[0.495,0.08,0.314],[0.099,0.317,0.698],[0.493,0.28,0.498],[0.1,0.302,0.832],[0.493,0.286,0.714],[0.524,0.692,0.3],[0.102,0.701,0.718],[0.309,0.3,0.955],[0.323,0.317,0.698],[0.915,0.692,0.1],[0.323,0.317,0.676],[0.526,0.073,0.489],[0.7,0.317,0.705],[0.367,0.307,0.319],[0.486,0.295,0.952],[0.097,0.517,0.768],[0.074,0.3,0.955],[0.306,0.512,0.835],[0.11,0.517,0.769],[0.305,0.517,0.768],[0.316,0.756,0.32],[1.011,0.692,0.3],[0.922,0.332,0.319],[0.524,0.065,0.708],[0.643,0.317,0.705],[0.018,0.286,0.714],[0.031,0.54,0.094],[0.49,0.577,0.718],[0.974,0.821,0.102],[1.009,0.701,0.708],[0.052,0.264,0.713],[0.782,0.701,0.718],[0.167,0.505,0.654],[0.592,0.568,0.512],[0.071,0.219,0.648],[0.641,0.685,0.746],[0.907,0.939,0.049],[0.775,0.267,0.598],[0.813,0.782,0.536],[0.829,0.934,0.65],[0.972,0.61,0.052],[0.756,0.984,0.449],[0.832,0.36,0.551],[0.937,0.571,0.847],[0.784,0.758,0.557],[0.556,0.614,0.814]],"np":1,"gp":1,"pr":0.0196078431372549,"gpr":1,"lp":0,"lpr":0,"fpr":0.9803921568627451,"reason":"statistic"}