{"avgHealth":0.9586171455585707,"seeds":[[0.1,0.1,0.1],[0.303,0.1,0.1],[0.111,0.299,0.1],[0.1,0.298,0.303],[0.304,0.102,0.3],[0.304,0.102,0.089],[0.304,0.303,0.1],[0.106,0.305,0.089],[0.304,0.298,0.091],[0.288,0.303,0.1],[0.288,0.294,0.095],[0.288,0.298,0.303],[0.288,0.303,0.089],[0.103,0.303,0.316],[0.288,0.303,0.292],[0.103,0.303,0.502],[0.306,0.081,0.089],[0.304,0.298,0.502],[0.288,0.303,0.315],[0.288,0.298,0.498],[0.304,0.124,0.086],[0.304,0.303,0.483],[0.306,0.08,0.51],[0.514,0.085,0.502],[0.223,0.303,0.089],[0.113,0.543,0.718],[0.11,0.763,0.689],[0.077,0.883,0.333],[0.261,0.329,0.521],[0.701,0.839,0.315],[0.519,0.519,0.872],[0.685,0.883,0.333],[0.682,0.837,0.679],[0.071,0.653,0.397],[0.721,0.253,0.957],[0.666,0.573,0.663],[0.747,0.786,0.723],[0.859,0.91,0.82],[0.749,0.582,0.735],[0.253,0.434,0.946],[0.421,0.736,0.831],[0.798,0.769,0.656],[0.956,0.567,0.18]],"nseeds":43,"executions":142,"nfe":14700,"gps":[[0.1,0.1,0.1]],"lps":[[0.1,0.298,0.303],[0.304,0.102,0.3],[0.304,0.298,0.502]],"fps":[[0.303,0.1,0.1],[0.111,0.299,0.1],[0.304,0.102,0.089],[0.304,0.303,0.1],[0.106,0.305,0.089],[0.304,0.298,0.091],[0.288,0.303,0.1],[0.288,0.294,0.095],[0.288,0.298,0.303],[0.288,0.303,0.089],[0.103,0.303,0.316],[0.288,0.303,0.292],[0.103,0.303,0.502],[0.306,0.081,0.089],[0.288,0.303,0.315],[0.288,0.298,0.498],[0.304,0.124,0.086],[0.304,0.303,0.483],[0.306,0.08,0.51],[0.514,0.085,0.502],[0.223,0.303,0.089],[0.113,0.543,0.718],[0.11,0.763,0.689],[0.077,0.883,0.333],[0.261,0.329,0.521],[0.701,0.839,0.315],[0.519,0.519,0.872],[0.685,0.883,0.333],[0.682,0.837,0.679],[0.071,0.653,0.397],[0.721,0.253,0.957],[0.666,0.573,0.663],[0.747,0.786,0.723],[0.859,0.91,0.82],[0.749,0.582,0.735],[0.253,0.434,0.946],[0.421,0.736,0.831],[0.798,0.769,0.656],[0.956,0.567,0.18]],"np":4,"gp":1,"pr":0.09302325581395349,"gpr":1,"lp":3,"lpr":0.75,"fpr":0.9069767441860465,"reason":"statistic"}