{"avgHealth":0.9418257939583776,"seeds":[[0.1,0.1,0.1],[0.102,0.299,0.1],[0.105,0.308,0.104],[0.297,0.308,0.107],[0.102,0.302,0.5],[0.1,0.102,0.513],[0.105,0.318,0.308],[0.118,0.318,0.307],[0.329,0.308,0.116],[0.073,0.318,0.307],[0.329,0.302,0.497],[0.1,0.077,0.471],[0.329,0.318,0.307],[0.088,0.681,0.501],[0.1,0.209,0.305],[0.124,0.621,0.304],[0.707,0.077,0.471],[0.461,0.111,0.725],[0.535,0.081,0.471],[0.527,0.113,0.231],[0.308,0.624,0.716],[0.562,0.111,0.725],[0.308,0.624,0.733],[0.252,0.621,0.304],[0.282,0.145,0.752],[0.19,0.894,0.28],[0.431,0.209,0.305],[0.846,0.117,0.032],[0.592,0.312,0.795],[0.523,0.056,0.655],[0.449,0.841,0.513],[0.322,0.634,0.56],[0.466,0.83,0.336],[0.538,0.236,0.262],[0.528,0.838,0.841],[0.337,0.586,0.862],[0.839,0.738,0.254],[0.338,0.844,0.587],[0.452,0.83,0.654],[0.88,0.629,0.582],[0.637,0.655,0.961],[0.592,0.246,0.822]],"nseeds":42,"executions":174,"nfe":17900,"gps":[[0.1,0.1,0.1]],"lps":[[0.102,0.302,0.5]],"fps":[[0.102,0.299,0.1],[0.105,0.308,0.104],[0.297,0.308,0.107],[0.1,0.102,0.513],[0.105,0.318,0.308],[0.118,0.318,0.307],[0.329,0.308,0.116],[0.073,0.318,0.307],[0.329,0.302,0.497],[0.1,0.077,0.471],[0.329,0.318,0.307],[0.088,0.681,0.501],[0.1,0.209,0.305],[0.124,0.621,0.304],[0.707,0.077,0.471],[0.461,0.111,0.725],[0.535,0.081,0.471],[0.527,0.113,0.231],[0.308,0.624,0.716],[0.562,0.111,0.725],[0.308,0.624,0.733],[0.252,0.621,0.304],[0.282,0.145,0.752],[0.19,0.894,0.28],[0.431,0.209,0.305],[0.846,0.117,0.032],[0.592,0.312,0.795],[0.523,0.056,0.655],[0.449,0.841,0.513],[0.322,0.634,0.56],[0.466,0.83,0.336],[0.538,0.236,0.262],[0.528,0.838,0.841],[0.337,0.586,0.862],[0.839,0.738,0.254],[0.338,0.844,0.587],[0.452,0.83,0.654],[0.88,0.629,0.582],[0.637,0.655,0.961],[0.592,0.246,0.822]],"np":2,"gp":1,"pr":0.047619047619047616,"gpr":1,"lp":1,"lpr":0.25,"fpr":0.9523809523809523,"reason":"statistic"}