{"avgHealth":0.9616987994005092,"seeds":[[0.1,0.099,0.1],[0.1,0.3,0.1],[0.1,0.097,0.3],[0.1,0.111,0.104],[0.307,0.099,0.1],[0.1,0.299,0.296],[0.1,0.113,0.3],[0.091,0.115,0.1],[0.307,0.308,0.1],[0.307,0.31,0.299],[0.1,0.318,0.3],[0.1,0.31,0.281],[0.094,0.327,0.1],[0.307,0.31,0.283],[0.315,0.118,0.3],[0.094,0.326,0.3],[0.102,0.697,0.312],[0.076,0.31,0.281],[0.684,0.316,0.102],[0.699,0.118,0.292],[0.299,0.282,0.723],[0.684,0.3,0.521],[0.07,0.697,0.312],[0.697,0.697,0.312],[0.288,0.618,0.293],[0.486,0.694,0.323],[0.699,0.06,0.307],[0.684,0.303,0.723],[0.691,0.297,0.341],[0.516,0.317,0.723],[0.433,0.281,0.493],[0.078,0.778,0.277],[0.522,0.686,0.258],[0.11,0.573,0.848],[0.76,0.085,0.795],[0.689,0.864,0.669],[0.598,0.542,0.329],[0.952,0.534,0.549],[0.23,0.825,0.68],[0.369,0.725,0.812],[0.977,0.543,0.818],[0.929,0.965,0.832]],"nseeds":42,"executions":179,"nfe":18400,"gps":[],"lps":[[0.1,0.3,0.1]],"fps":[[0.1,0.099,0.1],[0.1,0.097,0.3],[0.1,0.111,0.104],[0.307,0.099,0.1],[0.1,0.299,0.296],[0.1,0.113,0.3],[0.091,0.115,0.1],[0.307,0.308,0.1],[0.307,0.31,0.299],[0.1,0.318,0.3],[0.1,0.31,0.281],[0.094,0.327,0.1],[0.307,0.31,0.283],[0.315,0.118,0.3],[0.094,0.326,0.3],[0.102,0.697,0.312],[0.076,0.31,0.281],[0.684,0.316,0.102],[0.699,0.118,0.292],[0.299,0.282,0.723],[0.684,0.3,0.521],[0.07,0.697,0.312],[0.697,0.697,0.312],[0.288,0.618,0.293],[0.486,0.694,0.323],[0.699,0.06,0.307],[0.684,0.303,0.723],[0.691,0.297,0.341],[0.516,0.317,0.723],[0.433,0.281,0.493],[0.078,0.778,0.277],[0.522,0.686,0.258],[0.11,0.573,0.848],[0.76,0.085,0.795],[0.689,0.864,0.669],[0.598,0.542,0.329],[0.952,0.534,0.549],[0.23,0.825,0.68],[0.369,0.725,0.812],[0.977,0.543,0.818],[0.929,0.965,0.832]],"np":1,"gp":0,"pr":0.023809523809523808,"gpr":0,"lp":1,"lpr":0.25,"fpr":0.9761904761904762,"reason":"statistic"}