{"avgHealth":0.9673214622680247,"seeds":[[0.1,0.1,0.1],[0.1,0.299,0.1],[0.3,0.1,0.1],[0.1,0.1,0.297],[0.301,0.299,0.1],[0.101,0.299,0.298],[0.104,0.106,0.086],[0.301,0.094,0.299],[0.301,0.299,0.299],[0.301,0.288,0.1],[0.105,0.289,0.311],[0.127,0.094,0.301],[0.314,0.083,0.52],[0.21,0.292,0.1],[0.081,0.143,0.31],[0.292,0.498,0.883],[0.314,0.083,0.63],[0.257,0.572,0.298],[0.827,0.143,0.31],[0.265,0.693,0.669],[0.794,0.671,0.495],[0.314,0.937,0.649],[0.828,0.944,0.311],[0.594,0.937,0.494],[0.686,0.645,0.913],[0.356,0.615,0.694],[0.243,0.716,0.568],[0.975,0.412,0.714],[0.555,0.657,0.661],[0.456,0.839,0.981],[0.648,0.623,0.754]],"nseeds":31,"executions":177,"nfe":18200,"gps":[[0.1,0.1,0.1]],"lps":[[0.3,0.1,0.1],[0.1,0.1,0.297]],"fps":[[0.1,0.299,0.1],[0.301,0.299,0.1],[0.101,0.299,0.298],[0.104,0.106,0.086],[0.301,0.094,0.299],[0.301,0.299,0.299],[0.301,0.288,0.1],[0.105,0.289,0.311],[0.127,0.094,0.301],[0.314,0.083,0.52],[0.21,0.292,0.1],[0.081,0.143,0.31],[0.292,0.498,0.883],[0.314,0.083,0.63],[0.257,0.572,0.298],[0.827,0.143,0.31],[0.265,0.693,0.669],[0.794,0.671,0.495],[0.314,0.937,0.649],[0.828,0.944,0.311],[0.594,0.937,0.494],[0.686,0.645,0.913],[0.356,0.615,0.694],[0.243,0.716,0.568],[0.975,0.412,0.714],[0.555,0.657,0.661],[0.456,0.839,0.981],[0.648,0.623,0.754]],"np":3,"gp":1,"pr":0.0967741935483871,"gpr":1,"lp":2,"lpr":0.5,"fpr":0.9032258064516129,"reason":"statistic"}