{"avgHealth":0.9649008017696244,"seeds":[[0.1,0.1,0.1],[0.3,0.1,0.1],[0.295,0.097,0.091],[0.102,0.297,0.293],[0.101,0.316,0.1],[0.1,0.318,0.299],[0.296,0.318,0.1],[0.296,0.318,0.296],[0.087,0.318,0.299],[0.101,0.316,0.283],[0.292,0.316,0.283],[0.697,0.504,0.1],[0.1,0.508,0.695],[0.73,0.31,0.1],[0.297,0.508,0.695],[0.086,0.508,0.692],[0.3,0.291,0.255],[0.301,0.303,0.654],[0.297,0.508,0.676],[0.109,0.308,0.362],[0.838,0.297,0.293],[0.297,0.508,0.612],[0.506,0.512,0.255],[0.722,0.697,0.507],[0.722,0.697,0.484],[0.332,0.089,0.562],[0.73,0.3,0.255],[0.33,0.79,0.311],[0.3,0.911,0.251],[0.113,0.35,0.463],[0.511,0.775,0.918],[0.582,0.272,0.725],[0.776,0.507,0.439],[0.654,0.35,0.463],[0.97,0.068,0.627],[0.769,0.402,0.472],[0.617,0.061,0.831]],"nseeds":37,"executions":300,"nfe":30500,"gps":[[0.1,0.1,0.1]],"lps":[[0.3,0.1,0.1]],"fps":[[0.295,0.097,0.091],[0.102,0.297,0.293],[0.101,0.316,0.1],[0.1,0.318,0.299],[0.296,0.318,0.1],[0.296,0.318,0.296],[0.087,0.318,0.299],[0.101,0.316,0.283],[0.292,0.316,0.283],[0.697,0.504,0.1],[0.1,0.508,0.695],[0.73,0.31,0.1],[0.297,0.508,0.695],[0.086,0.508,0.692],[0.3,0.291,0.255],[0.301,0.303,0.654],[0.297,0.508,0.676],[0.109,0.308,0.362],[0.838,0.297,0.293],[0.297,0.508,0.612],[0.506,0.512,0.255],[0.722,0.697,0.507],[0.722,0.697,0.484],[0.332,0.089,0.562],[0.73,0.3,0.255],[0.33,0.79,0.311],[0.3,0.911,0.251],[0.113,0.35,0.463],[0.511,0.775,0.918],[0.582,0.272,0.725],[0.776,0.507,0.439],[0.654,0.35,0.463],[0.97,0.068,0.627],[0.769,0.402,0.472],[0.617,0.061,0.831]],"np":2,"gp":1,"pr":0.05405405405405406,"gpr":1,"lp":1,"lpr":0.25,"fpr":0.9459459459459459,"reason":"statistic"}