{"avgHealth":0.9428223920731178,"seeds":[[0.1,0.1,0.1],[0.298,0.102,0.1],[0.3,0.094,0.092],[0.1,0.101,0.321],[0.285,0.316,0.1],[0.098,0.317,0.321],[0.1,0.329,0.292],[0.1,0.329,0.308],[0.285,0.317,0.321],[0.1,0.102,0.556],[0.1,0.243,0.3],[0.1,0.109,0.575],[0.298,0.522,0.48],[0.686,0.708,0.1],[0.118,0.727,0.315],[0.109,0.278,0.558],[0.495,0.271,0.673],[0.071,0.513,0.467],[0.606,0.329,0.308],[0.467,0.283,0.259],[0.72,0.048,0.289],[0.555,0.519,0.49],[0.315,0.731,0.259],[0.495,0.185,0.268],[0.34,0.271,0.719],[0.246,0.727,0.318],[0.652,0.274,0.715],[0.461,0.594,0.5],[0.767,0.299,0.587],[0.686,0.71,0.028],[0.961,0.631,0.079],[0.8,0.572,0.702],[0.712,0.026,0.554],[0.422,0.715,0.041],[0.883,0.248,1.001],[0.019,1.014,0.725],[0.008,0.66,0.808],[0.992,0.827,0.352],[0.752,0.756,0.595],[0.775,0.748,0.176],[0.192,0.61,0.753],[0.975,0.824,0.182],[0.613,0.974,0.59]],"nseeds":43,"executions":244,"nfe":24900,"gps":[[0.1,0.1,0.1]],"lps":[[0.298,0.102,0.1]],"fps":[[0.3,0.094,0.092],[0.1,0.101,0.321],[0.285,0.316,0.1],[0.098,0.317,0.321],[0.1,0.329,0.292],[0.1,0.329,0.308],[0.285,0.317,0.321],[0.1,0.102,0.556],[0.1,0.243,0.3],[0.1,0.109,0.575],[0.298,0.522,0.48],[0.686,0.708,0.1],[0.118,0.727,0.315],[0.109,0.278,0.558],[0.495,0.271,0.673],[0.071,0.513,0.467],[0.606,0.329,0.308],[0.467,0.283,0.259],[0.72,0.048,0.289],[0.555,0.519,0.49],[0.315,0.731,0.259],[0.495,0.185,0.268],[0.34,0.271,0.719],[0.246,0.727,0.318],[0.652,0.274,0.715],[0.461,0.594,0.5],[0.767,0.299,0.587],[0.686,0.71,0.028],[0.961,0.631,0.079],[0.8,0.572,0.702],[0.712,0.026,0.554],[0.422,0.715,0.041],[0.883,0.248,1.001],[0.019,1.014,0.725],[0.008,0.66,0.808],[0.992,0.827,0.352],[0.752,0.756,0.595],[0.775,0.748,0.176],[0.192,0.61,0.753],[0.975,0.824,0.182],[0.613,0.974,0.59]],"np":2,"gp":1,"pr":0.046511627906976744,"gpr":1,"lp":1,"lpr":0.25,"fpr":0.9534883720930233,"reason":"statistic"}