{"avgHealth":0.9570957668564156,"seeds":[[0.1,0.1,0.1],[0.097,0.1,0.111],[0.304,0.1,0.1],[0.1,0.101,0.304],[0.1,0.309,0.304],[0.304,0.085,0.1],[0.101,0.085,0.304],[0.1,0.117,0.304],[0.304,0.316,0.1],[0.304,0.085,0.292],[0.304,0.085,0.307],[0.286,0.309,0.304],[0.508,0.117,0.304],[0.096,0.522,0.288],[0.108,0.676,0.1],[0.288,0.522,0.288],[0.1,0.275,0.523],[0.512,0.297,0.708],[0.096,0.573,0.296],[0.512,0.297,0.731],[0.074,0.513,0.69],[0.508,0.679,0.075],[0.007,0.317,0.304],[0.075,0.303,0.562],[0.106,0.254,0.681],[0.33,0.513,0.69],[0.692,0.275,0.523],[0.313,0.684,0.879],[0.141,0.287,0.667],[0.288,0.863,0.671],[0.301,0.537,0.213],[0.269,0.513,0.427],[0.699,0.273,0.018],[0.587,0.303,0.562],[0.661,0.254,0.681],[0.723,0.89,0.402],[0.806,0.785,0.27],[0.671,0.585,0.542],[0.628,0.004,0.894],[0.82,0.576,0.664],[0.757,0.847,0.449],[0.575,1.008,0.653]],"nseeds":42,"executions":247,"nfe":25200,"gps":[[0.1,0.1,0.1]],"lps":[[0.304,0.1,0.1]],"fps":[[0.097,0.1,0.111],[0.1,0.101,0.304],[0.1,0.309,0.304],[0.304,0.085,0.1],[0.101,0.085,0.304],[0.1,0.117,0.304],[0.304,0.316,0.1],[0.304,0.085,0.292],[0.304,0.085,0.307],[0.286,0.309,0.304],[0.508,0.117,0.304],[0.096,0.522,0.288],[0.108,0.676,0.1],[0.288,0.522,0.288],[0.1,0.275,0.523],[0.512,0.297,0.708],[0.096,0.573,0.296],[0.512,0.297,0.731],[0.074,0.513,0.69],[0.508,0.679,0.075],[0.007,0.317,0.304],[0.075,0.303,0.562],[0.106,0.254,0.681],[0.33,0.513,0.69],[0.692,0.275,0.523],[0.313,0.684,0.879],[0.141,0.287,0.667],[0.288,0.863,0.671],[0.301,0.537,0.213],[0.269,0.513,0.427],[0.699,0.273,0.018],[0.587,0.303,0.562],[0.661,0.254,0.681],[0.723,0.89,0.402],[0.806,0.785,0.27],[0.671,0.585,0.542],[0.628,0.004,0.894],[0.82,0.576,0.664],[0.757,0.847,0.449],[0.575,1.008,0.653]],"np":2,"gp":1,"pr":0.047619047619047616,"gpr":1,"lp":1,"lpr":0.25,"fpr":0.9523809523809523,"reason":"statistic"}