{"avgHealth":0.9752911691401184,"seeds":[[0.5,0.1],[0.3,0.1],[0.5,0.299],[0.699,0.1],[0.698,0.7],[0.102,0.299],[0.701,0.29],[0.097,0.889],[0.497,0.889],[0.511,0.304],[0.498,0.712],[0.287,0.304],[0.486,0.299],[0.112,0.891],[0.511,0.688],[0.717,0.1],[0.102,0.283],[0.288,0.688],[0.717,0.691],[0.698,0.676],[0.322,0.29],[0.495,0.525],[0.698,0.073],[0.72,0.525],[0.703,0.145],[0.338,0.686],[0.753,0.302],[0.102,0.411],[0.302,0.604],[0.224,0.304],[0.187,0.704],[0.928,0.745],[0.258,0.653],[0.208,0.334],[0.857,0.254],[0.175,0.841],[0.817,1.015]],"nseeds":37,"executions":164,"nfe":16900,"gps":[[0.5,0.1],[0.3,0.1],[0.5,0.299],[0.698,0.7],[0.102,0.299]],"lps":[],"fps":[[0.699,0.1],[0.701,0.29],[0.097,0.889],[0.497,0.889],[0.511,0.304],[0.498,0.712],[0.287,0.304],[0.486,0.299],[0.112,0.891],[0.511,0.688],[0.717,0.1],[0.102,0.283],[0.288,0.688],[0.717,0.691],[0.698,0.676],[0.322,0.29],[0.495,0.525],[0.698,0.073],[0.72,0.525],[0.703,0.145],[0.338,0.686],[0.753,0.302],[0.102,0.411],[0.302,0.604],[0.224,0.304],[0.187,0.704],[0.928,0.745],[0.258,0.653],[0.208,0.334],[0.857,0.254],[0.175,0.841],[0.817,1.015]],"np":5,"gp":5,"pr":0.13513513513513514,"gpr":1,"fpr":0.8648648648648649,"reason":"statistic"}