{"avgHealth":0.9682000528985629,"seeds":[[0.5,0.9],[0.9,0.9],[0.5,0.1],[0.5,0.5],[0.102,0.9],[0.5,0.303],[0.697,0.898],[0.892,0.1],[0.891,0.5],[0.89,0.9],[0.5,0.29],[0.501,0.489],[0.888,0.303],[0.287,0.299],[0.51,0.691],[0.891,0.29],[0.696,0.286],[0.317,0.3],[0.885,0.489],[0.501,0.72],[0.101,0.721],[0.084,0.285],[0.69,0.72],[0.888,0.28],[0.889,0.326],[0.67,0.689],[0.293,0.333],[0.864,0.299],[0.72,0.067],[0.299,0.751],[0.691,0.148],[0.05,0.307],[0.317,0.26],[0.973,0.307],[0.892,0.217],[0.88,0.344],[0.158,0.286],[0.72,0.051],[0.866,0.552],[0.208,0.47],[0.165,0.546],[0.352,0.841],[0.43,0.241],[0.993,0.439],[0.834,0.231]],"nseeds":45,"executions":139,"nfe":14400,"gps":[[0.5,0.9],[0.9,0.9],[0.5,0.1],[0.5,0.5],[0.102,0.9],[0.5,0.303]],"lps":[],"fps":[[0.697,0.898],[0.892,0.1],[0.891,0.5],[0.89,0.9],[0.5,0.29],[0.501,0.489],[0.888,0.303],[0.287,0.299],[0.51,0.691],[0.891,0.29],[0.696,0.286],[0.317,0.3],[0.885,0.489],[0.501,0.72],[0.101,0.721],[0.084,0.285],[0.69,0.72],[0.888,0.28],[0.889,0.326],[0.67,0.689],[0.293,0.333],[0.864,0.299],[0.72,0.067],[0.299,0.751],[0.691,0.148],[0.05,0.307],[0.317,0.26],[0.973,0.307],[0.892,0.217],[0.88,0.344],[0.158,0.286],[0.72,0.051],[0.866,0.552],[0.208,0.47],[0.165,0.546],[0.352,0.841],[0.43,0.241],[0.993,0.439],[0.834,0.231]],"np":6,"gp":6,"pr":0.13333333333333333,"gpr":1.2,"fpr":0.8666666666666667,"reason":"statistic"}