{"avgHealth":0.9924351187545452,"seeds":[[0.5,0.1],[0.1,0.1],[0.502,0.897],[0.5,0.704],[0.3,0.704],[0.895,0.1],[0.303,0.295],[0.099,0.706],[0.895,0.496],[0.894,0.704],[0.893,0.298],[0.697,0.707],[0.71,0.897],[0.51,0.708],[0.313,0.897],[0.511,0.292],[0.315,0.1],[0.894,0.882],[0.894,0.728],[0.728,0.28],[0.894,0.74],[0.083,0.24],[0.045,0.077]],"nseeds":23,"executions":151,"nfe":15600,"gps":[[0.5,0.1],[0.1,0.1],[0.502,0.897],[0.5,0.704],[0.3,0.704]],"lps":[],"fps":[[0.895,0.1],[0.303,0.295],[0.099,0.706],[0.895,0.496],[0.894,0.704],[0.893,0.298],[0.697,0.707],[0.71,0.897],[0.51,0.708],[0.313,0.897],[0.511,0.292],[0.315,0.1],[0.894,0.882],[0.894,0.728],[0.728,0.28],[0.894,0.74],[0.083,0.24],[0.045,0.077]],"np":5,"gp":5,"pr":0.21739130434782608,"gpr":1,"fpr":0.782608695652174,"reason":"statistic"}