{"avgHealth":0.9834851277803381,"seeds":[[0.3,0.5],[0.7,0.5],[0.1,0.5],[0.298,0.899],[0.301,0.103],[0.098,0.703],[0.101,0.896],[0.695,0.098],[0.106,0.1],[0.693,0.897],[0.106,0.907],[0.106,0.884],[0.702,0.682],[0.682,0.897],[0.113,0.682],[0.301,0.476],[0.881,0.682],[0.327,0.683],[0.736,0.092],[0.459,0.897],[0.742,0.7],[0.303,0.942],[0.095,0.945],[0.055,0.095],[0.783,0.702],[0.096,0.171],[0.105,0.817],[0.481,0.802],[0.929,0.209],[0.262,0.22]],"nseeds":30,"executions":185,"nfe":19000,"gps":[[0.3,0.5],[0.7,0.5],[0.1,0.5],[0.298,0.899],[0.098,0.703]],"lps":[],"fps":[[0.301,0.103],[0.101,0.896],[0.695,0.098],[0.106,0.1],[0.693,0.897],[0.106,0.907],[0.106,0.884],[0.702,0.682],[0.682,0.897],[0.113,0.682],[0.301,0.476],[0.881,0.682],[0.327,0.683],[0.736,0.092],[0.459,0.897],[0.742,0.7],[0.303,0.942],[0.095,0.945],[0.055,0.095],[0.783,0.702],[0.096,0.171],[0.105,0.817],[0.481,0.802],[0.929,0.209],[0.262,0.22]],"np":5,"gp":5,"pr":0.16666666666666666,"gpr":1,"fpr":0.8333333333333334,"reason":"statistic"}