{"avgHealth":0.9782064008062022,"seeds":[[0.5,0.3],[0.5,0.9],[0.5,0.1],[0.3,0.3],[0.301,0.7],[0.303,0.901],[0.297,0.504],[0.892,0.3],[0.291,0.103],[0.698,0.311],[0.498,0.888],[0.893,0.31],[0.693,0.515],[0.689,0.483],[0.889,0.718],[0.889,0.52],[0.326,0.908],[0.877,0.083],[0.13,0.891],[0.077,0.078],[0.134,0.52],[0.13,0.876],[0.915,0.945],[0.748,0.114],[0.895,0.763],[0.093,0.801],[0.286,0.982],[0.914,0.606],[0.863,0.417],[0.836,0.81],[0.985,0.984]],"nseeds":31,"executions":198,"nfe":20300,"gps":[[0.5,0.3],[0.5,0.9],[0.5,0.1],[0.3,0.3]],"lps":[],"fps":[[0.301,0.7],[0.303,0.901],[0.297,0.504],[0.892,0.3],[0.291,0.103],[0.698,0.311],[0.498,0.888],[0.893,0.31],[0.693,0.515],[0.689,0.483],[0.889,0.718],[0.889,0.52],[0.326,0.908],[0.877,0.083],[0.13,0.891],[0.077,0.078],[0.134,0.52],[0.13,0.876],[0.915,0.945],[0.748,0.114],[0.895,0.763],[0.093,0.801],[0.286,0.982],[0.914,0.606],[0.863,0.417],[0.836,0.81],[0.985,0.984]],"np":4,"gp":4,"pr":0.12903225806451613,"gpr":0.8,"fpr":0.8709677419354839,"reason":"statistic"}