{"avgHealth":0.9899223487831282,"seeds":[[0.3,0.7],[0.9,0.7],[0.1,0.7],[0.5,0.7],[0.902,0.299],[0.498,0.902],[0.095,0.1],[0.9,0.105],[0.705,0.299],[0.901,0.505],[0.296,0.104],[0.91,0.5],[0.303,0.889],[0.496,0.889],[0.306,0.915],[0.109,0.281],[0.479,0.505],[0.723,0.11],[0.303,0.067],[0.298,0.535],[0.108,0.465],[0.705,0.543],[0.079,0.853],[0.574,0.484],[0.317,0.222],[0.732,0.038]],"nseeds":26,"executions":203,"nfe":20800,"gps":[[0.3,0.7],[0.9,0.7],[0.1,0.7],[0.5,0.7],[0.902,0.299],[0.498,0.902],[0.9,0.105]],"lps":[],"fps":[[0.095,0.1],[0.705,0.299],[0.901,0.505],[0.296,0.104],[0.91,0.5],[0.303,0.889],[0.496,0.889],[0.306,0.915],[0.109,0.281],[0.479,0.505],[0.723,0.11],[0.303,0.067],[0.298,0.535],[0.108,0.465],[0.705,0.543],[0.079,0.853],[0.574,0.484],[0.317,0.222],[0.732,0.038]],"np":7,"gp":7,"pr":0.2692307692307692,"gpr":1.4,"fpr":0.7307692307692307,"reason":"statistic"}