{"avgHealth":0.9704097606668696,"seeds":[[0.5,0.7],[0.7,0.7],[0.501,0.101],[0.5,0.504],[0.095,0.7],[0.506,0.899],[0.487,0.506],[0.094,0.515],[0.5,0.119],[0.481,0.492],[0.92,0.506],[0.094,0.323],[0.094,0.525],[0.504,0.927],[0.502,0.47],[0.468,0.703],[0.865,0.7],[0.865,0.495],[0.664,0.91],[0.318,0.931],[0.674,0.929],[0.157,0.101],[0.164,0.495],[0.617,0.504],[0.414,0.495],[0.812,0.495],[0.604,0.505],[0.89,0.215],[0.481,0.794],[0.976,0.276],[0.929,0.793],[0.865,0.794],[0.337,0.586],[0.348,0.806],[0.165,0.429]],"nseeds":35,"executions":257,"nfe":26200,"gps":[[0.5,0.7],[0.7,0.7],[0.5,0.504]],"lps":[],"fps":[[0.501,0.101],[0.095,0.7],[0.506,0.899],[0.487,0.506],[0.094,0.515],[0.5,0.119],[0.481,0.492],[0.92,0.506],[0.094,0.323],[0.094,0.525],[0.504,0.927],[0.502,0.47],[0.468,0.703],[0.865,0.7],[0.865,0.495],[0.664,0.91],[0.318,0.931],[0.674,0.929],[0.157,0.101],[0.164,0.495],[0.617,0.504],[0.414,0.495],[0.812,0.495],[0.604,0.505],[0.89,0.215],[0.481,0.794],[0.976,0.276],[0.929,0.793],[0.865,0.794],[0.337,0.586],[0.348,0.806],[0.165,0.429]],"np":3,"gp":3,"pr":0.08571428571428572,"gpr":0.6,"fpr":0.9142857142857143,"reason":"statistic"}