{"avgHealth":0.9672308941302411,"seeds":[[0.5,0.7],[0.5,0.5],[0.099,0.499],[0.094,0.7],[0.501,0.094],[0.692,0.7],[0.891,0.898],[0.891,0.304],[0.499,0.29],[0.501,0.111],[0.697,0.487],[0.505,0.486],[0.084,0.297],[0.487,0.489],[0.081,0.499],[0.481,0.105],[0.92,0.5],[0.501,0.278],[0.49,0.279],[0.891,0.275],[0.879,0.485],[0.085,0.278],[0.917,0.279],[0.67,0.105],[0.871,0.111],[0.48,0.924],[0.877,0.278],[0.922,0.726],[0.942,0.497],[0.938,0.089],[0.697,0.451],[0.094,0.549],[0.889,0.745],[0.088,0.854],[0.16,0.494],[0.441,0.486],[0.4,0.485],[0.804,0.881],[0.722,0.027],[0.857,0.437],[0.142,0.411],[0.345,1.001],[0.195,0.346],[0.831,0.793],[0.19,0.997]],"nseeds":45,"executions":140,"nfe":14500,"gps":[[0.5,0.7],[0.5,0.5]],"lps":[],"fps":[[0.099,0.499],[0.094,0.7],[0.501,0.094],[0.692,0.7],[0.891,0.898],[0.891,0.304],[0.499,0.29],[0.501,0.111],[0.697,0.487],[0.505,0.486],[0.084,0.297],[0.487,0.489],[0.081,0.499],[0.481,0.105],[0.92,0.5],[0.501,0.278],[0.49,0.279],[0.891,0.275],[0.879,0.485],[0.085,0.278],[0.917,0.279],[0.67,0.105],[0.871,0.111],[0.48,0.924],[0.877,0.278],[0.922,0.726],[0.942,0.497],[0.938,0.089],[0.697,0.451],[0.094,0.549],[0.889,0.745],[0.088,0.854],[0.16,0.494],[0.441,0.486],[0.4,0.485],[0.804,0.881],[0.722,0.027],[0.857,0.437],[0.142,0.411],[0.345,1.001],[0.195,0.346],[0.831,0.793],[0.19,0.997]],"np":2,"gp":2,"pr":0.044444444444444446,"gpr":0.4,"fpr":0.9555555555555556,"reason":"statistic"}