{"avgHealth":0.9931428041594216,"seeds":[[0.5,0.9],[0.1,0.9],[0.5,0.299],[0.5,0.501],[0.299,0.299],[0.299,0.899],[0.097,0.299],[0.897,0.902],[0.894,0.297],[0.289,0.708],[0.884,0.9],[0.881,0.302],[0.881,0.292],[0.478,0.297],[0.681,0.089],[0.931,0.509],[0.098,0.801],[0.824,0.739]],"nseeds":18,"executions":121,"nfe":12600,"gps":[[0.5,0.9],[0.1,0.9],[0.5,0.299],[0.5,0.501]],"lps":[],"fps":[[0.299,0.299],[0.299,0.899],[0.097,0.299],[0.897,0.902],[0.894,0.297],[0.289,0.708],[0.884,0.9],[0.881,0.302],[0.881,0.292],[0.478,0.297],[0.681,0.089],[0.931,0.509],[0.098,0.801],[0.824,0.739]],"np":4,"gp":4,"pr":0.2222222222222222,"gpr":0.8,"fpr":0.7777777777777778,"reason":"statistic"}