{"avgHealth":199.61216000000002,"seeds":[[30],[0],[29.97],[29.58],[29.55],[5.01]],"nseeds":6,"executions":544,"nfe":54900,"gps":[[30],[0]],"lps":[],"fps":[[29.97],[29.58],[29.55],[5.01]],"np":2,"gp":2,"pr":0.3333333333333333,"gpr":1,"fpr":0.6666666666666666,"reason":"statistic"}