{"avgHealth":199.91872,"seeds":[[30],[0],[5.01]],"nseeds":3,"executions":481,"nfe":48600,"gps":[[30],[0]],"lps":[],"fps":[[5.01]],"np":2,"gp":2,"pr":0.6666666666666666,"gpr":1,"fpr":0.3333333333333333,"reason":"statistic"}