{"avgHealth":199.50208,"seeds":[[0],[30],[29.7],[29.67],[29.55],[5.01]],"nseeds":6,"executions":484,"nfe":48900,"gps":[[0],[30]],"lps":[],"fps":[[29.7],[29.67],[29.55],[5.01]],"np":2,"gp":2,"pr":0.3333333333333333,"gpr":1,"fpr":0.6666666666666666,"reason":"statistic"}