{"avgHealth":0.9890273619317744,"seeds":[[0.3],[0.1],[0.5],[0.9],[0.7],[0.513],[0.123],[0.872],[0.537],[0.062],[0.95],[0.153],[0.961]],"nseeds":13,"executions":156,"nfe":16100,"gps":[[0.3],[0.1],[0.5],[0.9],[0.7]],"lps":[],"fps":[[0.513],[0.123],[0.872],[0.537],[0.062],[0.95],[0.153],[0.961]],"np":5,"gp":5,"pr":0.38461538461538464,"gpr":1,"fpr":0.6153846153846154,"reason":"statistic"}