{"avgHealth":0.99290783458856,"seeds":[[0.1],[0.5],[0.9],[0.7],[0.299],[0.118],[0.719],[0.319],[0.526],[0.966],[0.802]],"nseeds":11,"executions":164,"nfe":16900,"gps":[[0.1],[0.5],[0.9],[0.7],[0.299]],"lps":[],"fps":[[0.118],[0.719],[0.319],[0.526],[0.966],[0.802]],"np":5,"gp":5,"pr":0.45454545454545453,"gpr":1,"fpr":0.5454545454545454,"reason":"statistic"}