{"avgHealth":0.9866348617209978,"seeds":[[0.7],[0.5],[0.9],[0.1],[0.304],[0.51],[0.687],[0.918],[0.877],[0.673],[0.928],[0.865],[0.822],[0.21],[0.993]],"nseeds":15,"executions":159,"nfe":16400,"gps":[[0.7],[0.5],[0.9],[0.1]],"lps":[],"fps":[[0.304],[0.51],[0.687],[0.918],[0.877],[0.673],[0.928],[0.865],[0.822],[0.21],[0.993]],"np":4,"gp":4,"pr":0.26666666666666666,"gpr":0.8,"fpr":0.7333333333333333,"reason":"statistic"}