{"avgHealth":0.9857627513350251,"seeds":[[0.5],[0.9],[0.1],[0.3],[0.704],[0.686],[0.319],[0.128],[0.665],[0.945],[0.358],[0.237],[0.77],[0.606]],"nseeds":14,"executions":215,"nfe":22000,"gps":[[0.5],[0.9],[0.1],[0.3]],"lps":[],"fps":[[0.704],[0.686],[0.319],[0.128],[0.665],[0.945],[0.358],[0.237],[0.77],[0.606]],"np":4,"gp":4,"pr":0.2857142857142857,"gpr":0.8,"fpr":0.7142857142857143,"reason":"statistic"}