{"avgHealth":85.80835037713834,"seeds":[[0.098],[0.11],[0.91],[0.888],[0.713],[0.687],[0.081],[0.522],[0.876],[0.925],[0.274],[0.866],[0.664],[0.26],[0.941],[0.141],[0.653],[0.452],[0.85],[0.751],[0.151],[0.355],[0.239],[0.366],[0.173],[0.625],[0.781],[0.815],[0.209],[0.593],[0.801]],"nseeds":31,"executions":167,"nfe":17200,"gps":[[0.098]],"lps":[],"fps":[[0.11],[0.91],[0.888],[0.713],[0.687],[0.081],[0.522],[0.876],[0.925],[0.274],[0.866],[0.664],[0.26],[0.941],[0.141],[0.653],[0.452],[0.85],[0.751],[0.151],[0.355],[0.239],[0.366],[0.173],[0.625],[0.781],[0.815],[0.209],[0.593],[0.801]],"np":1,"gp":1,"pr":0.03225806451612903,"gpr":0.2,"fpr":0.967741935483871,"reason":"statistic"}