{"avgHealth":0.9854355923265232,"seeds":[[0.9],[0.1],[0.3],[0.7],[0.5],[0.287],[0.683],[0.081],[0.724],[0.464],[0.446],[0.434],[0.174],[0.377]],"nseeds":14,"executions":136,"nfe":14100,"gps":[[0.9],[0.1],[0.3],[0.7],[0.5]],"lps":[],"fps":[[0.287],[0.683],[0.081],[0.724],[0.464],[0.446],[0.434],[0.174],[0.377]],"np":5,"gp":5,"pr":0.35714285714285715,"gpr":1,"fpr":0.6428571428571429,"reason":"statistic"}