{"avgHealth":9.626838514561198,"seeds":[[0.299],[0.504],[0.078],[0.064],[0.137],[0.542],[0.453],[0.046],[0.646],[0.232],[0.023],[0.778],[0.821],[0.984],[0.81],[0.209],[0.595],[0.196]],"nseeds":18,"executions":173,"nfe":17800,"gps":[[0.299]],"lps":[],"fps":[[0.504],[0.078],[0.064],[0.137],[0.542],[0.453],[0.046],[0.646],[0.232],[0.023],[0.778],[0.821],[0.984],[0.81],[0.209],[0.595],[0.196]],"np":1,"gp":1,"pr":0.05555555555555555,"gpr":0.2,"fpr":0.9444444444444444,"reason":"statistic"}