{"avgHealth":0.989196766672686,"seeds":[[0.1],[0.5],[0.7],[0.3],[0.69],[0.289],[0.323],[0.273],[0.749],[0.55],[0.966],[0.782]],"nseeds":12,"executions":138,"nfe":14300,"gps":[[0.1],[0.5],[0.7],[0.3]],"lps":[],"fps":[[0.69],[0.289],[0.323],[0.273],[0.749],[0.55],[0.966],[0.782]],"np":4,"gp":4,"pr":0.3333333333333333,"gpr":0.8,"fpr":0.6666666666666666,"reason":"statistic"}