{"avgHealth":0.9959645367173922,"seeds":[[0.9],[0.3],[0.5],[0.7],[0.1],[0.289],[0.681],[0.72],[0.75]],"nseeds":9,"executions":187,"nfe":19200,"gps":[[0.9],[0.3],[0.5],[0.7],[0.1]],"lps":[],"fps":[[0.289],[0.681],[0.72],[0.75]],"np":5,"gp":5,"pr":0.5555555555555556,"gpr":1,"fpr":0.4444444444444444,"reason":"statistic"}