{"avgHealth":26.149471550501143,"seeds":[[0.102],[0.113],[0.914],[0.284],[0.882],[0.081],[0.321],[0.126],[0.272],[0.872],[0.663],[0.337],[0.141],[0.942],[0.35],[0.848],[0.157],[0.24],[0.364],[0.568],[0.772],[0.173],[0.374],[0.224],[0.019],[0.784],[0.415],[0.19],[0.21]],"nseeds":29,"executions":125,"nfe":13000,"gps":[[0.102]],"lps":[],"fps":[[0.113],[0.914],[0.284],[0.882],[0.081],[0.321],[0.126],[0.272],[0.872],[0.663],[0.337],[0.141],[0.942],[0.35],[0.848],[0.157],[0.24],[0.364],[0.568],[0.772],[0.173],[0.374],[0.224],[0.019],[0.784],[0.415],[0.19],[0.21]],"np":1,"gp":1,"pr":0.034482758620689655,"gpr":0.2,"fpr":0.9655172413793104,"reason":"statistic"}