{"avgHealth":11.818746722556266,"seeds":[[0.101],[0.893],[0.122],[0.925],[0.269],[0.869],[0.132],[0.661],[0.145],[0.645],[0.245],[0.357],[0.158],[0.56],[0.23],[0.773],[0.373],[0.173],[0.975],[0.994],[0.794],[0.6]],"nseeds":22,"executions":273,"nfe":27800,"gps":[[0.101]],"lps":[],"fps":[[0.893],[0.122],[0.925],[0.269],[0.869],[0.132],[0.661],[0.145],[0.645],[0.245],[0.357],[0.158],[0.56],[0.23],[0.773],[0.373],[0.173],[0.975],[0.994],[0.794],[0.6]],"np":1,"gp":1,"pr":0.045454545454545456,"gpr":0.2,"fpr":0.9545454545454546,"reason":"statistic"}