{"avgHealth":0.932187346571227,"seeds":[[0.078,0.083,0.08],[0.246,0.081,0.08],[0.084,0.075,0.08],[0.078,0.08,0.244],[0.081,0.241,0.08],[0.079,0.254,0.079],[0.246,0.081,0.245],[0.079,0.247,0.25],[0.081,0.081,0.255],[0.074,0.075,0.074],[0.24,0.246,0.08],[0.072,0.246,0.081],[0.081,0.25,0.24],[0.257,0.083,0.08],[0.086,0.248,0.074],[0.086,0.078,0.238],[0.247,0.247,0.25],[0.089,0.083,0.075],[0.254,0.241,0.08],[0.088,0.075,0.25],[0.089,0.247,0.084],[0.074,0.075,0.089],[0.078,0.09,0.245],[0.247,0.248,0.088],[0.247,0.083,0.07],[0.257,0.078,0.25],[0.24,0.247,0.241],[0.089,0.085,0.249],[0.257,0.252,0.08],[0.075,0.233,0.079],[0.245,0.086,0.255],[0.075,0.247,0.07],[0.075,0.236,0.251],[0.078,0.069,0.251],[0.086,0.241,0.255],[0.244,0.247,0.07],[0.257,0.247,0.245],[0.076,0.067,0.08],[0.243,0.233,0.079],[0.254,0.074,0.238],[0.256,0.087,0.244],[0.073,0.092,0.08],[0.073,0.086,0.09],[0.24,0.241,0.255],[0.076,0.08,0.23],[0.246,0.069,0.25],[0.244,0.091,0.245],[0.254,0.241,0.255],[0.091,0.25,0.247],[0.243,0.067,0.08],[0.074,0.446,0.079],[0.23,0.081,0.085],[0.086,0.233,0.074],[0.448,0.086,0.081],[0.084,0.261,0.25],[0.077,0.259,0.089],[0.257,0.083,0.208],[0.254,0.086,0.121],[0.202,0.446,0.077]],"nseeds":59,"executions":1055,"nfe":106000,"gps":[],"lps":[[0.246,0.081,0.08],[0.078,0.08,0.244],[0.247,0.247,0.25]],"fps":[[0.078,0.083,0.08],[0.084,0.075,0.08],[0.081,0.241,0.08],[0.079,0.254,0.079],[0.246,0.081,0.245],[0.079,0.247,0.25],[0.081,0.081,0.255],[0.074,0.075,0.074],[0.24,0.246,0.08],[0.072,0.246,0.081],[0.081,0.25,0.24],[0.257,0.083,0.08],[0.086,0.248,0.074],[0.086,0.078,0.238],[0.089,0.083,0.075],[0.254,0.241,0.08],[0.088,0.075,0.25],[0.089,0.247,0.084],[0.074,0.075,0.089],[0.078,0.09,0.245],[0.247,0.248,0.088],[0.247,0.083,0.07],[0.257,0.078,0.25],[0.24,0.247,0.241],[0.089,0.085,0.249],[0.257,0.252,0.08],[0.075,0.233,0.079],[0.245,0.086,0.255],[0.075,0.247,0.07],[0.075,0.236,0.251],[0.078,0.069,0.251],[0.086,0.241,0.255],[0.244,0.247,0.07],[0.257,0.247,0.245],[0.076,0.067,0.08],[0.243,0.233,0.079],[0.254,0.074,0.238],[0.256,0.087,0.244],[0.073,0.092,0.08],[0.073,0.086,0.09],[0.24,0.241,0.255],[0.076,0.08,0.23],[0.246,0.069,0.25],[0.244,0.091,0.245],[0.254,0.241,0.255],[0.091,0.25,0.247],[0.243,0.067,0.08],[0.074,0.446,0.079],[0.23,0.081,0.085],[0.086,0.233,0.074],[0.448,0.086,0.081],[0.084,0.261,0.25],[0.077,0.259,0.089],[0.257,0.083,0.208],[0.254,0.086,0.121],[0.202,0.446,0.077]],"np":3,"gp":0,"pr":0.05084745762711865,"gpr":0,"lp":3,"lpr":0.75,"fpr":0.9491525423728814,"reason":"statistic"}