{"avgHealth":0.9374960352642254,"seeds":[[0.08,0.078,0.074],[0.079,0.242,0.08],[0.079,0.083,0.246],[0.244,0.082,0.082],[0.076,0.077,0.085],[0.086,0.076,0.083],[0.078,0.245,0.245],[0.079,0.075,0.252],[0.079,0.255,0.081],[0.244,0.082,0.244],[0.247,0.242,0.081],[0.247,0.253,0.081],[0.239,0.078,0.074],[0.079,0.083,0.236],[0.255,0.074,0.081],[0.249,0.246,0.244],[0.249,0.075,0.252],[0.088,0.076,0.247],[0.254,0.077,0.243],[0.085,0.252,0.247],[0.079,0.242,0.255],[0.072,0.25,0.075],[0.07,0.075,0.076],[0.237,0.244,0.083],[0.239,0.245,0.247],[0.07,0.077,0.244],[0.247,0.242,0.253],[0.239,0.075,0.253],[0.253,0.242,0.073],[0.242,0.254,0.243],[0.091,0.248,0.081],[0.079,0.091,0.086],[0.091,0.077,0.074],[0.08,0.447,0.08],[0.079,0.237,0.237],[0.249,0.236,0.244],[0.247,0.254,0.254],[0.072,0.251,0.239],[0.244,0.068,0.081],[0.079,0.254,0.069],[0.073,0.257,0.249],[0.239,0.204,0.246],[0.07,0.124,0.081]],"nseeds":43,"executions":1273,"nfe":127800,"gps":[],"lps":[[0.078,0.245,0.245],[0.247,0.253,0.081],[0.08,0.447,0.08]],"fps":[[0.08,0.078,0.074],[0.079,0.242,0.08],[0.079,0.083,0.246],[0.244,0.082,0.082],[0.076,0.077,0.085],[0.086,0.076,0.083],[0.079,0.075,0.252],[0.079,0.255,0.081],[0.244,0.082,0.244],[0.247,0.242,0.081],[0.239,0.078,0.074],[0.079,0.083,0.236],[0.255,0.074,0.081],[0.249,0.246,0.244],[0.249,0.075,0.252],[0.088,0.076,0.247],[0.254,0.077,0.243],[0.085,0.252,0.247],[0.079,0.242,0.255],[0.072,0.25,0.075],[0.07,0.075,0.076],[0.237,0.244,0.083],[0.239,0.245,0.247],[0.07,0.077,0.244],[0.247,0.242,0.253],[0.239,0.075,0.253],[0.253,0.242,0.073],[0.242,0.254,0.243],[0.091,0.248,0.081],[0.079,0.091,0.086],[0.091,0.077,0.074],[0.079,0.237,0.237],[0.249,0.236,0.244],[0.247,0.254,0.254],[0.072,0.251,0.239],[0.244,0.068,0.081],[0.079,0.254,0.069],[0.073,0.257,0.249],[0.239,0.204,0.246],[0.07,0.124,0.081]],"np":3,"gp":0,"pr":0.06976744186046512,"gpr":0,"lp":3,"lpr":0.75,"fpr":0.9302325581395349,"reason":"statistic"}