{"avgHealth":-6.6819769864094685,"seeds":[[0],[0.1307120000000026],[0.2614239999999981],[0.5228480000000033],[-0.7842720000000014],[0.5882039999999975],[0.6535599999999988],[-2.156747999999997],[-3.0717319999999972],[-3.790648000000001],[-4.640276],[4.574919999999999],[6.208819999999996],[-6.339531999999998],[6.339531999999998],[-8.953772],[-7.84272],[7.254515999999995],[8.888416],[-10.064824000000002],[7.385227999999998],[7.646651999999996],[-9.868756000000001],[8.430923999999997],[8.496279999999999],[15.031880000000001],[9.345908000000001],[15.946863999999998],[9.476619999999997],[17.057916],[-18.95324],[-22.024971999999998],[22.024971999999998],[23.005311999999996],[23.985651999999995],[19.93358],[26.011688],[-10.522315999999996],[-24.965992],[18.103612],[24.051007999999996],[-22.939956],[22.939955999999995],[17.123272],[-23.070667999999998],[31.95908399999999],[-20.913919999999997],[27.057384],[18.887884],[23.920296],[-30.06376],[-29.933047999999996],[-26.077043999999997],[26.077044],[21.894259999999996],[-25.096703999999995],[30.913387999999998],[17.842188],[24.116363999999997],[31.893727999999996],[-31.109455999999998],[14.770455999999996],[-14.247608],[18.168968],[-27.122739999999997],[-23.136024],[-15.227947999999998],[-20.848563999999996],[16.796492],[23.85494],[-30.848031999999996],[32.155152],[19.802868000000004],[20.195004000000004],[-13.528692],[28.168436],[19.214664],[24.18172],[16.273643999999997],[-31.174811999999996],[-28.821996],[28.82199599999999],[-14.443675999999996],[-14.574387999999995],[-29.802335999999997],[-26.207755999999996],[17.711475999999998],[-17.711475999999998],[-15.620083999999999],[-16.339],[15.424015999999995],[-16.665779999999998],[19.737512000000002],[-29.214132],[20.26036],[15.554727999999997],[25.227415999999998],[-24.769923999999996],[24.769923999999996],[-30.782676],[-18.29968],[32.220507999999995],[-16.404356],[-20.717852],[17.646119999999996],[-31.763015999999997],[31.763015999999993],[-16.535068],[28.756639999999997],[31.240167999999997],[-31.240167999999997],[-17.580764],[-30.259828],[-24.704568],[-30.717319999999997],[30.717319999999994],[-32.285864],[32.285864000000004],[25.684908],[19.541444],[21.371411999999992],[-22.351751999999998],[-21.632835999999998],[-23.658871999999995],[31.305524],[-31.305524],[-27.318807999999997],[20.456427999999995],[-26.338468],[-22.613175999999996],[32.678],[24.639212],[24.377787999999995],[23.593515999999994],[-32.35122],[28.625927999999995],[-31.632303999999998],[-26.599891999999997],[-31.370879999999996],[31.37088],[-24.508499999999998],[30.390539999999994],[32.612644],[26.46918],[30.586608],[28.560572],[32.41657599999999],[31.566947999999996],[-31.566947999999996],[-32.547287999999995],[-31.501592],[32.481932],[-32.481932]],"nseeds":153,"executions":4929,"nfe":493400,"gps":[[0]],"lps":[],"fps":[[0.1307120000000026],[0.2614239999999981],[0.5228480000000033],[-0.7842720000000014],[0.5882039999999975],[0.6535599999999988],[-2.156747999999997],[-3.0717319999999972],[-3.790648000000001],[-4.640276],[4.574919999999999],[6.208819999999996],[-6.339531999999998],[6.339531999999998],[-8.953772],[-7.84272],[7.254515999999995],[8.888416],[-10.064824000000002],[7.385227999999998],[7.646651999999996],[-9.868756000000001],[8.430923999999997],[8.496279999999999],[15.031880000000001],[9.345908000000001],[15.946863999999998],[9.476619999999997],[17.057916],[-18.95324],[-22.024971999999998],[22.024971999999998],[23.005311999999996],[23.985651999999995],[19.93358],[26.011688],[-10.522315999999996],[-24.965992],[18.103612],[24.051007999999996],[-22.939956],[22.939955999999995],[17.123272],[-23.070667999999998],[31.95908399999999],[-20.913919999999997],[27.057384],[18.887884],[23.920296],[-30.06376],[-29.933047999999996],[-26.077043999999997],[26.077044],[21.894259999999996],[-25.096703999999995],[30.913387999999998],[17.842188],[24.116363999999997],[31.893727999999996],[-31.109455999999998],[14.770455999999996],[-14.247608],[18.168968],[-27.122739999999997],[-23.136024],[-15.227947999999998],[-20.848563999999996],[16.796492],[23.85494],[-30.848031999999996],[32.155152],[19.802868000000004],[20.195004000000004],[-13.528692],[28.168436],[19.214664],[24.18172],[16.273643999999997],[-31.174811999999996],[-28.821996],[28.82199599999999],[-14.443675999999996],[-14.574387999999995],[-29.802335999999997],[-26.207755999999996],[17.711475999999998],[-17.711475999999998],[-15.620083999999999],[-16.339],[15.424015999999995],[-16.665779999999998],[19.737512000000002],[-29.214132],[20.26036],[15.554727999999997],[25.227415999999998],[-24.769923999999996],[24.769923999999996],[-30.782676],[-18.29968],[32.220507999999995],[-16.404356],[-20.717852],[17.646119999999996],[-31.763015999999997],[31.763015999999993],[-16.535068],[28.756639999999997],[31.240167999999997],[-31.240167999999997],[-17.580764],[-30.259828],[-24.704568],[-30.717319999999997],[30.717319999999994],[-32.285864],[32.285864000000004],[25.684908],[19.541444],[21.371411999999992],[-22.351751999999998],[-21.632835999999998],[-23.658871999999995],[31.305524],[-31.305524],[-27.318807999999997],[20.456427999999995],[-26.338468],[-22.613175999999996],[32.678],[24.639212],[24.377787999999995],[23.593515999999994],[-32.35122],[28.625927999999995],[-31.632303999999998],[-26.599891999999997],[-31.370879999999996],[31.37088],[-24.508499999999998],[30.390539999999994],[32.612644],[26.46918],[30.586608],[28.560572],[32.41657599999999],[31.566947999999996],[-31.566947999999996],[-32.547287999999995],[-31.501592],[32.481932],[-32.481932]],"np":1,"gp":1,"pr":0.006535947712418301,"gpr":1,"fpr":0.9934640522875817,"reason":"time"}