{"avgHealth":-0.01630249231960869,"seeds":[[0,0],[-0.012000000000000455,0],[0,-0.012000000000000455],[0,0.012000000000000455],[0.012000000000000455,0]],"nseeds":5,"executions":4778,"nfe":478300,"gps":[[0,0]],"lps":[],"fps":[[-0.012000000000000455,0],[0,-0.012000000000000455],[0,0.012000000000000455],[0.012000000000000455,0]],"np":1,"gp":1,"pr":0.2,"gpr":1,"lp":0,"lpr":0,"fpr":0.8,"reason":"statistic"}