{"avgHealth":-0.015707355096062272,"seeds":[[0,0],[0,-0.012000000000000455],[0,0.012000000000000455],[0.012000000000000455,0],[-0.012000000000000455,0],[-0.012000000000000455,0.012000000000000455],[0,-0.02400000000000002]],"nseeds":7,"executions":4826,"nfe":483100,"gps":[[0,0]],"lps":[],"fps":[[0,-0.012000000000000455],[0,0.012000000000000455],[0.012000000000000455,0],[-0.012000000000000455,0],[-0.012000000000000455,0.012000000000000455],[0,-0.02400000000000002]],"np":1,"gp":1,"pr":0.14285714285714285,"gpr":1,"lp":0,"lpr":0,"fpr":0.8571428571428571,"reason":"statistic"}