{"avgHealth":-0.01693698347053399,"seeds":[[0,0],[0.012000000000000455,0],[0,0.012000000000000455],[-0.012000000000000455,0],[0,-0.012000000000000455],[-0.02400000000000002,0]],"nseeds":6,"executions":4710,"nfe":471500,"gps":[[0,0]],"lps":[],"fps":[[0.012000000000000455,0],[0,0.012000000000000455],[-0.012000000000000455,0],[0,-0.012000000000000455],[-0.02400000000000002,0]],"np":1,"gp":1,"pr":0.16666666666666666,"gpr":1,"lp":0,"lpr":0,"fpr":0.8333333333333334,"reason":"statistic"}