{"avgHealth":-0.017492299510617974,"seeds":[[0,0],[-0.012000000000000455,0],[0,-0.012000000000000455],[0.012000000000000455,0],[0,0.012000000000000455],[0.012000000000000455,-0.012000000000000455],[-0.02400000000000002,0]],"nseeds":7,"executions":4872,"nfe":487700,"gps":[[0,0]],"lps":[],"fps":[[-0.012000000000000455,0],[0,-0.012000000000000455],[0.012000000000000455,0],[0,0.012000000000000455],[0.012000000000000455,-0.012000000000000455],[-0.02400000000000002,0]],"np":1,"gp":1,"pr":0.14285714285714285,"gpr":1,"lp":0,"lpr":0,"fpr":0.8571428571428571,"reason":"statistic"}