{"avgHealth":0.9999988859107872,"seeds":[[-1.2479999999999993,-1.2479999999999993],[-1.2479999999999993,3.1799999999999997]],"nseeds":2,"executions":4955,"nfe":496000,"gps":[],"lps":[],"fps":[[-1.2479999999999993,-1.2479999999999993],[-1.2479999999999993,3.1799999999999997]],"np":0,"gp":0,"pr":0,"gpr":0,"fpr":1,"reason":"statistic"}