{"avgHealth":0.9999554573902196,"seeds":[[-1.2479999999999993,3.1799999999999997],[3.1799999999999997,3.1799999999999997],[-1.2479999999999993,3.1679999999999993],[3.1799999999999997,3.1679999999999993],[3.1679999999999993,3.1799999999999997],[-3.612,3.1799999999999997],[-1.2479999999999993,3.192],[3.1799999999999997,3.192],[3.1679999999999993,3.1679999999999993],[-3.612,3.1679999999999993],[3.1679999999999993,3.192],[-3.612,3.192],[3.1799999999999997,3.1560000000000006]],"nseeds":13,"executions":4046,"nfe":405100,"gps":[],"lps":[],"fps":[[-1.2479999999999993,3.1799999999999997],[3.1799999999999997,3.1799999999999997],[-1.2479999999999993,3.1679999999999993],[3.1799999999999997,3.1679999999999993],[3.1679999999999993,3.1799999999999997],[-3.612,3.1799999999999997],[-1.2479999999999993,3.192],[3.1799999999999997,3.192],[3.1679999999999993,3.1679999999999993],[-3.612,3.1679999999999993],[3.1679999999999993,3.192],[-3.612,3.192],[3.1799999999999997,3.1560000000000006]],"np":0,"gp":0,"pr":0,"gpr":0,"fpr":1,"reason":"statistic"}