{"avgHealth":0.9999709800174413,"seeds":[[-1.2479999999999993,-1.2479999999999993],[3.1799999999999997,-1.2479999999999993],[-1.2479999999999993,3.1799999999999997],[3.1799999999999997,3.1799999999999997],[3.1679999999999993,-1.2479999999999993],[-1.2479999999999993,3.1679999999999993],[3.1799999999999997,3.1679999999999993]],"nseeds":7,"executions":5464,"nfe":546900,"gps":[],"lps":[],"fps":[[-1.2479999999999993,-1.2479999999999993],[3.1799999999999997,-1.2479999999999993],[-1.2479999999999993,3.1799999999999997],[3.1799999999999997,3.1799999999999997],[3.1679999999999993,-1.2479999999999993],[-1.2479999999999993,3.1679999999999993],[3.1799999999999997,3.1679999999999993]],"np":0,"gp":0,"pr":0,"gpr":0,"fpr":1,"reason":"statistic"}