{"avgHealth":0.9990581466743572,"seeds":[[3.1679999999999993,-1.2599999999999998],[3.2040000000000006,-1.2479999999999993],[3.192,-1.2599999999999998],[-1.2479999999999993,-1.2479999999999993],[3.1799999999999997,-1.2479999999999993],[3.2040000000000006,3.192],[3.1560000000000006,-1.2599999999999998],[3.1679999999999993,-4.872],[-1.2479999999999993,-1.2599999999999998],[3.2040000000000006,-1.2359999999999998],[3.2040000000000006,-1.2599999999999998],[3.1560000000000006,-4.872],[3.192,3.144],[-4.872,-1.2479999999999993],[-1.2479999999999993,-4.872],[-3.5999999999999996,-1.2599999999999998],[-1.2599999999999998,-4.872],[3.2040000000000006,3.2040000000000006],[-1.2599999999999998,-1.2359999999999998],[-1.2599999999999998,-1.2599999999999998],[-1.2599999999999998,3.144],[-4.872,-4.872],[3.2040000000000006,3.144],[-4.872,3.144],[3.216000000000001,-1.2599999999999998],[3.2040000000000006,-4.872],[-1.2240000000000002,-1.2599999999999998],[3.1560000000000006,3.1679999999999993],[-1.2720000000000002,-1.2599999999999998],[3.2040000000000006,-1.2720000000000002],[-1.2359999999999998,-1.2240000000000002],[-1.2240000000000002,3.1560000000000006],[-1.2599999999999998,-1.2240000000000002],[-1.2720000000000002,-4.872],[-4.859999999999999,-1.2599999999999998],[3.2040000000000006,-1.2240000000000002],[3.192,-3.6239999999999997],[-4.859999999999999,-1.2479999999999993],[3.1560000000000006,-4.859999999999999],[-1.2599999999999998,-4.859999999999999],[-1.2240000000000002,3.144],[3.1799999999999997,-3.6239999999999997],[-4.872,-4.859999999999999],[-4.872,-3.6239999999999997],[-1.2240000000000002,-1.2479999999999993],[3.120000000000001,-1.2599999999999998],[-1.2720000000000002,-1.2240000000000002],[-1.2720000000000002,-1.2479999999999993],[3.192,-4.859999999999999],[3.1799999999999997,3.192],[-4.872,-1.2240000000000002],[-1.2119999999999997,-1.2599999999999998],[3.216000000000001,3.144],[3.1560000000000006,-1.2839999999999998],[-1.2599999999999998,-1.2839999999999998],[3.2040000000000006,-1.2839999999999998],[-1.2599999999999998,3.192],[-1.2839999999999998,-1.2599999999999998],[-4.872,-1.2599999999999998],[-4.859999999999999,3.144],[-4.859999999999999,-1.2240000000000002],[3.216000000000001,3.192],[3.1799999999999997,3.1799999999999997],[3.192,3.096],[-1.2599999999999998,3.24],[-1.2240000000000002,3.192],[3.192,3.1319999999999997],[-4.859999999999999,-1.2839999999999998],[-1.2720000000000002,-1.2359999999999998],[3.2040000000000006,3.096],[-1.2240000000000002,-3.588],[-4.859999999999999,3.192],[3.096,-1.2599999999999998],[-1.2599999999999998,-3.588],[-4.859999999999999,-4.872],[3.144,3.096],[3.2639999999999993,-1.2599999999999998],[-1.2959999999999994,-1.2599999999999998],[-1.2240000000000002,3.1319999999999997],[-1.2720000000000002,-1.2720000000000002],[3.144,3.2639999999999993],[3.0839999999999996,-1.2479999999999993],[-1.2119999999999997,3.192],[-3.636,-1.2479999999999993],[3.0839999999999996,-4.872],[-1.2119999999999997,-4.872],[3.1560000000000006,-3.636],[-1.2720000000000002,3.2639999999999993],[-3.636,-1.2359999999999998],[-1.2599999999999998,-3.636],[3.2040000000000006,-3.636]],"nseeds":91,"executions":2088,"nfe":209300,"gps":[],"lps":[],"fps":[[3.1679999999999993,-1.2599999999999998],[3.2040000000000006,-1.2479999999999993],[3.192,-1.2599999999999998],[-1.2479999999999993,-1.2479999999999993],[3.1799999999999997,-1.2479999999999993],[3.2040000000000006,3.192],[3.1560000000000006,-1.2599999999999998],[3.1679999999999993,-4.872],[-1.2479999999999993,-1.2599999999999998],[3.2040000000000006,-1.2359999999999998],[3.2040000000000006,-1.2599999999999998],[3.1560000000000006,-4.872],[3.192,3.144],[-4.872,-1.2479999999999993],[-1.2479999999999993,-4.872],[-3.5999999999999996,-1.2599999999999998],[-1.2599999999999998,-4.872],[3.2040000000000006,3.2040000000000006],[-1.2599999999999998,-1.2359999999999998],[-1.2599999999999998,-1.2599999999999998],[-1.2599999999999998,3.144],[-4.872,-4.872],[3.2040000000000006,3.144],[-4.872,3.144],[3.216000000000001,-1.2599999999999998],[3.2040000000000006,-4.872],[-1.2240000000000002,-1.2599999999999998],[3.1560000000000006,3.1679999999999993],[-1.2720000000000002,-1.2599999999999998],[3.2040000000000006,-1.2720000000000002],[-1.2359999999999998,-1.2240000000000002],[-1.2240000000000002,3.1560000000000006],[-1.2599999999999998,-1.2240000000000002],[-1.2720000000000002,-4.872],[-4.859999999999999,-1.2599999999999998],[3.2040000000000006,-1.2240000000000002],[3.192,-3.6239999999999997],[-4.859999999999999,-1.2479999999999993],[3.1560000000000006,-4.859999999999999],[-1.2599999999999998,-4.859999999999999],[-1.2240000000000002,3.144],[3.1799999999999997,-3.6239999999999997],[-4.872,-4.859999999999999],[-4.872,-3.6239999999999997],[-1.2240000000000002,-1.2479999999999993],[3.120000000000001,-1.2599999999999998],[-1.2720000000000002,-1.2240000000000002],[-1.2720000000000002,-1.2479999999999993],[3.192,-4.859999999999999],[3.1799999999999997,3.192],[-4.872,-1.2240000000000002],[-1.2119999999999997,-1.2599999999999998],[3.216000000000001,3.144],[3.1560000000000006,-1.2839999999999998],[-1.2599999999999998,-1.2839999999999998],[3.2040000000000006,-1.2839999999999998],[-1.2599999999999998,3.192],[-1.2839999999999998,-1.2599999999999998],[-4.872,-1.2599999999999998],[-4.859999999999999,3.144],[-4.859999999999999,-1.2240000000000002],[3.216000000000001,3.192],[3.1799999999999997,3.1799999999999997],[3.192,3.096],[-1.2599999999999998,3.24],[-1.2240000000000002,3.192],[3.192,3.1319999999999997],[-4.859999999999999,-1.2839999999999998],[-1.2720000000000002,-1.2359999999999998],[3.2040000000000006,3.096],[-1.2240000000000002,-3.588],[-4.859999999999999,3.192],[3.096,-1.2599999999999998],[-1.2599999999999998,-3.588],[-4.859999999999999,-4.872],[3.144,3.096],[3.2639999999999993,-1.2599999999999998],[-1.2959999999999994,-1.2599999999999998],[-1.2240000000000002,3.1319999999999997],[-1.2720000000000002,-1.2720000000000002],[3.144,3.2639999999999993],[3.0839999999999996,-1.2479999999999993],[-1.2119999999999997,3.192],[-3.636,-1.2479999999999993],[3.0839999999999996,-4.872],[-1.2119999999999997,-4.872],[3.1560000000000006,-3.636],[-1.2720000000000002,3.2639999999999993],[-3.636,-1.2359999999999998],[-1.2599999999999998,-3.636],[3.2040000000000006,-3.636]],"np":0,"gp":0,"pr":0,"gpr":0,"fpr":1,"reason":"statistic"}