{"avgHealth":0.9999985579759593,"seeds":[[-1.2479999999999993,-1.2479999999999993],[3.1799999999999997,-1.2479999999999993],[-1.2479999999999993,3.1799999999999997],[3.1799999999999997,3.1799999999999997]],"nseeds":4,"executions":5689,"nfe":569400,"gps":[],"lps":[],"fps":[[-1.2479999999999993,-1.2479999999999993],[3.1799999999999997,-1.2479999999999993],[-1.2479999999999993,3.1799999999999997],[3.1799999999999997,3.1799999999999997]],"np":0,"gp":0,"pr":0,"gpr":0,"fpr":1,"reason":"statistic"}