{"avgHealth":0.9999869086341385,"seeds":[[3.1799999999999997,-1.2479999999999993],[3.1799999999999997,3.1799999999999997],[3.1679999999999993,-1.2479999999999993],[3.1679999999999993,3.1799999999999997],[3.1799999999999997,3.1679999999999993],[3.1679999999999993,3.1679999999999993],[3.1679999999999993,3.0600000000000005]],"nseeds":7,"executions":4482,"nfe":448700,"gps":[],"lps":[],"fps":[[3.1799999999999997,-1.2479999999999993],[3.1799999999999997,3.1799999999999997],[3.1679999999999993,-1.2479999999999993],[3.1679999999999993,3.1799999999999997],[3.1799999999999997,3.1679999999999993],[3.1679999999999993,3.1679999999999993],[3.1679999999999993,3.0600000000000005]],"np":0,"gp":0,"pr":0,"gpr":0,"fpr":1,"reason":"statistic"}