{"avgHealth":0.9999680948288079,"seeds":[[3.1799999999999997,-1.2479999999999993],[-1.2479999999999993,3.1799999999999997],[-1.2479999999999993,-1.2479999999999993],[3.1799999999999997,3.1799999999999997],[-1.2479999999999993,3.1679999999999993],[3.1679999999999993,-1.2479999999999993],[3.1799999999999997,3.1679999999999993],[3.1679999999999993,3.1799999999999997],[3.1679999999999993,3.1679999999999993],[-1.3680000000000003,-1.2479999999999993]],"nseeds":10,"executions":4565,"nfe":457000,"gps":[],"lps":[],"fps":[[3.1799999999999997,-1.2479999999999993],[-1.2479999999999993,3.1799999999999997],[-1.2479999999999993,-1.2479999999999993],[3.1799999999999997,3.1799999999999997],[-1.2479999999999993,3.1679999999999993],[3.1679999999999993,-1.2479999999999993],[3.1799999999999997,3.1679999999999993],[3.1679999999999993,3.1799999999999997],[3.1679999999999993,3.1679999999999993],[-1.3680000000000003,-1.2479999999999993]],"np":0,"gp":0,"pr":0,"gpr":0,"fpr":1,"reason":"statistic"}