{"avgHealth":0.9998995171693111,"seeds":[[3.1799999999999997,-1.2479999999999993],[3.1799999999999997,3.1799999999999997],[3.1679999999999993,-1.2479999999999993],[3.1679999999999993,3.1799999999999997],[3.1799999999999997,3.1679999999999993],[3.1799999999999997,-3.612],[3.192,-1.2479999999999993],[3.192,3.1799999999999997],[3.192,3.1679999999999993],[3.1679999999999993,3.192],[3.1560000000000006,-1.2479999999999993],[3.1560000000000006,3.1799999999999997],[3.192,3.192],[3.1799999999999997,-1.2359999999999998],[3.1560000000000006,3.1679999999999993],[3.1679999999999993,-1.2359999999999998],[3.1560000000000006,3.192],[3.1679999999999993,3.1679999999999993],[3.192,-1.2359999999999998],[3.2040000000000006,-1.2479999999999993],[3.2040000000000006,3.1799999999999997],[3.1799999999999997,3.2040000000000006],[3.1799999999999997,-3.6479999999999997]],"nseeds":23,"executions":4031,"nfe":403600,"gps":[],"lps":[],"fps":[[3.1799999999999997,-1.2479999999999993],[3.1799999999999997,3.1799999999999997],[3.1679999999999993,-1.2479999999999993],[3.1679999999999993,3.1799999999999997],[3.1799999999999997,3.1679999999999993],[3.1799999999999997,-3.612],[3.192,-1.2479999999999993],[3.192,3.1799999999999997],[3.192,3.1679999999999993],[3.1679999999999993,3.192],[3.1560000000000006,-1.2479999999999993],[3.1560000000000006,3.1799999999999997],[3.192,3.192],[3.1799999999999997,-1.2359999999999998],[3.1560000000000006,3.1679999999999993],[3.1679999999999993,-1.2359999999999998],[3.1560000000000006,3.192],[3.1679999999999993,3.1679999999999993],[3.192,-1.2359999999999998],[3.2040000000000006,-1.2479999999999993],[3.2040000000000006,3.1799999999999997],[3.1799999999999997,3.2040000000000006],[3.1799999999999997,-3.6479999999999997]],"np":0,"gp":0,"pr":0,"gpr":0,"fpr":1,"reason":"statistic"}