{"avgHealth":0.9997404918820115,"seeds":[[3.1799999999999997,-1.2479999999999993],[3.1799999999999997,3.1799999999999997],[3.1679999999999993,-1.2479999999999993],[3.1799999999999997,3.1679999999999993],[3.1799999999999997,-3.612],[3.192,-1.2479999999999993],[3.192,3.1799999999999997],[3.1679999999999993,-3.612],[3.192,-3.612],[3.1679999999999993,-1.2359999999999998],[3.1799999999999997,-1.2359999999999998],[3.1679999999999993,-1.2599999999999998],[3.1679999999999993,3.1799999999999997],[3.192,-1.2359999999999998],[3.1799999999999997,3.192],[3.2040000000000006,3.1799999999999997],[-4.872,-1.2479999999999993],[-4.872,3.1799999999999997],[3.192,-1.2599999999999998],[3.192,3.2040000000000006],[3.1679999999999993,-4.872],[3.1799999999999997,-4.872],[3.2040000000000006,3.192],[3.144,3.1799999999999997],[3.192,-4.872],[3.2040000000000006,-1.2359999999999998],[3.1799999999999997,3.2040000000000006],[-4.872,-1.2359999999999998],[3.1679999999999993,3.2040000000000006],[3.1799999999999997,-1.2599999999999998],[-4.872,-1.2599999999999998],[3.144,-1.2359999999999998],[3.1799999999999997,3.144],[-4.872,-4.872],[3.144,3.1679999999999993],[-4.872,-3.612],[3.2040000000000006,3.144],[3.144,-1.2479999999999993],[3.1799999999999997,-1.2240000000000002],[3.2040000000000006,3.1560000000000006],[3.1319999999999997,-1.2479999999999993],[3.1319999999999997,3.1799999999999997],[3.1679999999999993,-1.2240000000000002],[3.144,-3.612],[3.144,-4.872],[3.1679999999999993,-1.2720000000000002],[3.144,3.192],[3.1319999999999997,-3.612],[3.192,-1.2240000000000002],[3.192,-1.2720000000000002],[-4.859999999999999,3.1799999999999997],[3.1319999999999997,-1.2359999999999998],[3.1799999999999997,3.1319999999999997],[3.2279999999999998,-1.2479999999999993],[-4.859999999999999,-3.612],[3.192,-4.859999999999999],[3.1319999999999997,3.2040000000000006],[3.2040000000000006,-1.2240000000000002]],"nseeds":58,"executions":2648,"nfe":265300,"gps":[],"lps":[],"fps":[[3.1799999999999997,-1.2479999999999993],[3.1799999999999997,3.1799999999999997],[3.1679999999999993,-1.2479999999999993],[3.1799999999999997,3.1679999999999993],[3.1799999999999997,-3.612],[3.192,-1.2479999999999993],[3.192,3.1799999999999997],[3.1679999999999993,-3.612],[3.192,-3.612],[3.1679999999999993,-1.2359999999999998],[3.1799999999999997,-1.2359999999999998],[3.1679999999999993,-1.2599999999999998],[3.1679999999999993,3.1799999999999997],[3.192,-1.2359999999999998],[3.1799999999999997,3.192],[3.2040000000000006,3.1799999999999997],[-4.872,-1.2479999999999993],[-4.872,3.1799999999999997],[3.192,-1.2599999999999998],[3.192,3.2040000000000006],[3.1679999999999993,-4.872],[3.1799999999999997,-4.872],[3.2040000000000006,3.192],[3.144,3.1799999999999997],[3.192,-4.872],[3.2040000000000006,-1.2359999999999998],[3.1799999999999997,3.2040000000000006],[-4.872,-1.2359999999999998],[3.1679999999999993,3.2040000000000006],[3.1799999999999997,-1.2599999999999998],[-4.872,-1.2599999999999998],[3.144,-1.2359999999999998],[3.1799999999999997,3.144],[-4.872,-4.872],[3.144,3.1679999999999993],[-4.872,-3.612],[3.2040000000000006,3.144],[3.144,-1.2479999999999993],[3.1799999999999997,-1.2240000000000002],[3.2040000000000006,3.1560000000000006],[3.1319999999999997,-1.2479999999999993],[3.1319999999999997,3.1799999999999997],[3.1679999999999993,-1.2240000000000002],[3.144,-3.612],[3.144,-4.872],[3.1679999999999993,-1.2720000000000002],[3.144,3.192],[3.1319999999999997,-3.612],[3.192,-1.2240000000000002],[3.192,-1.2720000000000002],[-4.859999999999999,3.1799999999999997],[3.1319999999999997,-1.2359999999999998],[3.1799999999999997,3.1319999999999997],[3.2279999999999998,-1.2479999999999993],[-4.859999999999999,-3.612],[3.192,-4.859999999999999],[3.1319999999999997,3.2040000000000006],[3.2040000000000006,-1.2240000000000002]],"np":0,"gp":0,"pr":0,"gpr":0,"fpr":1,"reason":"statistic"}