{"avgHealth":0.9999727818389497,"seeds":[[3.1799999999999997,-1.2479999999999993],[3.1799999999999997,3.1799999999999997],[3.1799999999999997,3.0600000000000005],[3.1799999999999997,-1.3680000000000003]],"nseeds":4,"executions":4505,"nfe":451000,"gps":[],"lps":[],"fps":[[3.1799999999999997,-1.2479999999999993],[3.1799999999999997,3.1799999999999997],[3.1799999999999997,3.0600000000000005],[3.1799999999999997,-1.3680000000000003]],"np":0,"gp":0,"pr":0,"gpr":0,"fpr":1,"reason":"statistic"}