{"avgHealth":199.90298725686472,"seeds":[[3.588000000000001,-1.8480000000000008],[3.9719999999999995,-1.8480000000000008],[4.368,-1.8480000000000008]],"nseeds":3,"executions":6479,"nfe":648400,"gps":[],"lps":[],"fps":[[3.588000000000001,-1.8480000000000008],[3.9719999999999995,-1.8480000000000008],[4.368,-1.8480000000000008]],"np":0,"gp":0,"pr":0,"gpr":0,"fpr":1,"reason":"statistic"}