{"avgHealth":199.9974744006483,"seeds":[[3,2.0040000000000013],[-2.808,3.1560000000000006],[3,1.7279999999999998]],"nseeds":3,"executions":5580,"nfe":558500,"gps":[],"lps":[],"fps":[[3,2.0040000000000013],[-2.808,3.1560000000000006],[3,1.7279999999999998]],"np":0,"gp":0,"pr":0,"gpr":0,"fpr":1,"reason":"statistic"}