{"avgHealth":199.99927712042353,"seeds":[[3,2.0040000000000013],[3,1.9920000000000009],[3,2.112]],"nseeds":3,"executions":6792,"nfe":679700,"gps":[],"lps":[],"fps":[[3,2.0040000000000013],[3,1.9920000000000009],[3,2.112]],"np":0,"gp":0,"pr":0,"gpr":0,"fpr":1,"reason":"statistic"}