{"avgHealth":199.9947206020222,"seeds":[[3,2.0040000000000013],[3,1.9920000000000009],[3,2.016],[3.0120000000000005,1.9920000000000009],[2.9879999999999995,2.0040000000000013],[2.9879999999999995,2.016],[3.0120000000000005,2.0040000000000013],[3,1.9800000000000004],[3.0120000000000005,1.9800000000000004],[3.0120000000000005,2.016],[3.0120000000000005,2.040000000000001]],"nseeds":11,"executions":1846,"nfe":185100,"gps":[],"lps":[],"fps":[[3,2.0040000000000013],[3,1.9920000000000009],[3,2.016],[3.0120000000000005,1.9920000000000009],[2.9879999999999995,2.0040000000000013],[2.9879999999999995,2.016],[3.0120000000000005,2.0040000000000013],[3,1.9800000000000004],[3.0120000000000005,1.9800000000000004],[3.0120000000000005,2.016],[3.0120000000000005,2.040000000000001]],"np":0,"gp":0,"pr":0,"gpr":0,"fpr":1,"reason":"statistic"}