{"avgHealth":199.9994670959571,"seeds":[[3,2.0040000000000013],[2.9879999999999995,2.0040000000000013],[2.9399999999999995,2.0040000000000013]],"nseeds":3,"executions":6170,"nfe":617500,"gps":[],"lps":[],"fps":[[3,2.0040000000000013],[2.9879999999999995,2.0040000000000013],[2.9399999999999995,2.0040000000000013]],"np":0,"gp":0,"pr":0,"gpr":0,"fpr":1,"reason":"statistic"}