{"avgHealth":199.99768748764194,"seeds":[[3.588000000000001,-1.8480000000000008],[3.588000000000001,-1.8600000000000003],[3.588000000000001,-1.8360000000000003],[3.5760000000000005,-1.8480000000000008]],"nseeds":4,"executions":4100,"nfe":410500,"gps":[],"lps":[],"fps":[[3.588000000000001,-1.8480000000000008],[3.588000000000001,-1.8600000000000003],[3.588000000000001,-1.8360000000000003],[3.5760000000000005,-1.8480000000000008]],"np":0,"gp":0,"pr":0,"gpr":0,"fpr":1,"reason":"statistic"}