{"avgHealth":199.99802851326731,"seeds":[[3,2.0040000000000013],[3.0120000000000005,2.0040000000000013],[2.8439999999999994,2.0040000000000013]],"nseeds":3,"executions":5985,"nfe":599000,"gps":[],"lps":[],"fps":[[3,2.0040000000000013],[3.0120000000000005,2.0040000000000013],[2.8439999999999994,2.0040000000000013]],"np":0,"gp":0,"pr":0,"gpr":0,"fpr":1,"reason":"statistic"}