{"avgHealth":199.9934821298062,"seeds":[[-2.808,3.1319999999999997],[-2.856,3.1319999999999997],[-2.808,2.8439999999999994]],"nseeds":3,"executions":6538,"nfe":654300,"gps":[[-2.808,3.1319999999999997]],"lps":[],"fps":[[-2.856,3.1319999999999997],[-2.808,2.8439999999999994]],"np":1,"gp":1,"pr":0.3333333333333333,"gpr":0.25,"fpr":0.6666666666666666,"reason":"statistic"}