{"avgHealth":199.9962846885582,"seeds":[[3,2.0040000000000013],[2.8439999999999994,2.1240000000000006],[2.8320000000000007,2.0040000000000013]],"nseeds":3,"executions":5221,"nfe":522600,"gps":[],"lps":[],"fps":[[3,2.0040000000000013],[2.8439999999999994,2.1240000000000006],[2.8320000000000007,2.0040000000000013]],"np":0,"gp":0,"pr":0,"gpr":0,"fpr":1,"reason":"statistic"}