{"avgHealth":0.7746069128164922,"seeds":[[0.08],[0.246],[0.256],[0.091],[0.068],[0.454],[0.266],[0.433],[0.474],[0.102],[0.666],[0.218],[0.058],[0.281],[0.932],[0.208],[0.945],[0.292],[0.117],[0.891],[0.971],[0.982],[0.739],[0.195],[0.876],[0.514],[0.04],[0.864],[1.019],[0.308],[0.004],[0.13],[0.758],[0.853],[0.526],[0.377],[0.597],[0.18],[0.03],[0.838],[0.775],[0.366],[0.325],[0.587],[0.143],[0.828],[0.787],[0.356],[0.818],[0.015],[0.341],[0.159]],"nseeds":52,"executions":278,"nfe":28300,"gps":[[0.08]],"lps":[[0.246],[0.454],[0.932]],"fps":[[0.256],[0.091],[0.068],[0.266],[0.433],[0.474],[0.102],[0.666],[0.218],[0.058],[0.281],[0.208],[0.945],[0.292],[0.117],[0.891],[0.971],[0.982],[0.739],[0.195],[0.876],[0.514],[0.04],[0.864],[1.019],[0.308],[0.004],[0.13],[0.758],[0.853],[0.526],[0.377],[0.597],[0.18],[0.03],[0.838],[0.775],[0.366],[0.325],[0.587],[0.143],[0.828],[0.787],[0.356],[0.818],[0.015],[0.341],[0.159]],"np":4,"gp":1,"pr":0.07692307692307693,"gpr":1,"lp":3,"lpr":0.75,"fpr":0.9230769230769231,"reason":"statistic"}