{"avgHealth":0.8255350432704264,"seeds":[[0.08],[0.246],[0.236],[0.257],[0.454],[0.464],[0.267],[0.433],[0.223],[0.671],[0.691],[0.058],[0.701],[0.653],[0.282],[0.211],[0.716],[0.941],[0.116],[0.293],[0.044],[0.511],[0.87],[0.748],[0.612],[0.003],[0.521],[0.858],[0.758],[0.531],[0.596],[0.769],[0.178],[0.323],[0.547],[0.823],[0.558],[0.017],[0.808]],"nseeds":39,"executions":209,"nfe":21400,"gps":[[0.08]],"lps":[[0.246],[0.454]],"fps":[[0.236],[0.257],[0.464],[0.267],[0.433],[0.223],[0.671],[0.691],[0.058],[0.701],[0.653],[0.282],[0.211],[0.716],[0.941],[0.116],[0.293],[0.044],[0.511],[0.87],[0.748],[0.612],[0.003],[0.521],[0.858],[0.758],[0.531],[0.596],[0.769],[0.178],[0.323],[0.547],[0.823],[0.558],[0.017],[0.808]],"np":3,"gp":1,"pr":0.07692307692307693,"gpr":1,"lp":2,"lpr":0.5,"fpr":0.9230769230769231,"reason":"statistic"}