{"avgHealth":0.7874524896240362,"seeds":[[0.08],[0.246],[0.235],[0.259],[0.456],[0.436],[0.466],[0.27],[0.682],[0.671],[0.058],[0.217],[0.655],[0.932],[0.943],[0.207],[0.495],[0.115],[0.047],[0.968],[0.629],[0.396],[0.506],[0.979],[0.737],[0.196],[0.306],[0.865],[0.755],[0.525],[0.601],[0.376],[0.766],[0.18],[0.591],[0.536],[0.323],[0.009],[0.776],[0.026],[0.148],[0.55],[0.165],[0.574],[0.793],[0.817],[0.338],[0.56]],"nseeds":48,"executions":346,"nfe":35100,"gps":[[0.08]],"lps":[[0.246],[0.682],[0.932]],"fps":[[0.235],[0.259],[0.456],[0.436],[0.466],[0.27],[0.671],[0.058],[0.217],[0.655],[0.943],[0.207],[0.495],[0.115],[0.047],[0.968],[0.629],[0.396],[0.506],[0.979],[0.737],[0.196],[0.306],[0.865],[0.755],[0.525],[0.601],[0.376],[0.766],[0.18],[0.591],[0.536],[0.323],[0.009],[0.776],[0.026],[0.148],[0.55],[0.165],[0.574],[0.793],[0.817],[0.338],[0.56]],"np":4,"gp":1,"pr":0.08333333333333333,"gpr":1,"lp":3,"lpr":0.75,"fpr":0.9166666666666666,"reason":"statistic"}