{"avgHealth":0.7872854939086316,"seeds":[[0.08],[0.246],[0.236],[0.258],[0.069],[0.092],[0.461],[0.435],[0.268],[0.224],[0.678],[0.059],[0.668],[0.658],[0.415],[0.281],[0.11],[0.925],[0.208],[0.943],[0.498],[0.048],[0.969],[0.733],[0.624],[0.299],[0.001],[0.391],[0.514],[0.126],[1.012],[1.022],[0.758],[0.185],[0.53],[0.136],[0.595],[0.175],[0.775],[0.363],[0.027],[0.012],[0.147],[0.335],[0.164]],"nseeds":45,"executions":408,"nfe":41300,"gps":[[0.08]],"lps":[[0.246],[0.678],[0.925]],"fps":[[0.236],[0.258],[0.069],[0.092],[0.461],[0.435],[0.268],[0.224],[0.059],[0.668],[0.658],[0.415],[0.281],[0.11],[0.208],[0.943],[0.498],[0.048],[0.969],[0.733],[0.624],[0.299],[0.001],[0.391],[0.514],[0.126],[1.012],[1.022],[0.758],[0.185],[0.53],[0.136],[0.595],[0.175],[0.775],[0.363],[0.027],[0.012],[0.147],[0.335],[0.164]],"np":4,"gp":1,"pr":0.08888888888888889,"gpr":1,"lp":3,"lpr":0.75,"fpr":0.9111111111111111,"reason":"statistic"}