{"avgHealth":110.62685961328357,"seeds":[[0.08],[0.248],[0.238],[0.069],[0.259],[0.451],[0.094],[0.44],[0.463],[0.227],[0.43],[0.272],[0.475],[0.679],[0.059],[0.691],[0.666],[0.105],[0.215],[0.703],[0.652],[0.414],[0.487],[0.283],[0.714],[0.927],[0.937],[0.642],[0.917],[0.949],[0.205],[0.497],[0.959],[0.403],[0.9],[0.116],[0.631],[0.729],[0.293],[0.972],[0.889],[0.982],[0.739],[0.001],[0.878],[0.391],[0.619],[0.194],[0.041],[0.514],[0.994],[0.749],[0.307],[0.128],[0.862],[0.609],[0.525],[0.76],[0.377],[0.183],[0.849],[0.598],[0.317],[0.77],[0.031],[0.535],[0.838],[0.366],[0.142],[0.173],[0.78],[0.012],[0.331],[0.824],[0.578],[0.55],[0.79],[0.353],[0.153],[0.812],[0.341],[0.801],[0.56]],"nseeds":83,"executions":9,"nfe":1400,"gps":[[0.08]],"lps":[[0.248],[0.451],[0.679],[0.927],[0.937]],"fps":[[0.238],[0.069],[0.259],[0.094],[0.44],[0.463],[0.227],[0.43],[0.272],[0.475],[0.059],[0.691],[0.666],[0.105],[0.215],[0.703],[0.652],[0.414],[0.487],[0.283],[0.714],[0.642],[0.917],[0.949],[0.205],[0.497],[0.959],[0.403],[0.9],[0.116],[0.631],[0.729],[0.293],[0.972],[0.889],[0.982],[0.739],[0.001],[0.878],[0.391],[0.619],[0.194],[0.041],[0.514],[0.994],[0.749],[0.307],[0.128],[0.862],[0.609],[0.525],[0.76],[0.377],[0.183],[0.849],[0.598],[0.317],[0.77],[0.031],[0.535],[0.838],[0.366],[0.142],[0.173],[0.78],[0.012],[0.331],[0.824],[0.578],[0.55],[0.79],[0.353],[0.153],[0.812],[0.341],[0.801],[0.56]],"np":6,"gp":1,"pr":0.07228915662650602,"gpr":1,"lp":5,"lpr":1.25,"fpr":0.927710843373494,"reason":"statistic"}