{"avgHealth":0.8055792510869451,"seeds":[[0.08],[0.246],[0.258],[0.066],[0.461],[0.434],[0.226],[0.098],[0.271],[0.674],[0.664],[0.483],[0.415],[0.647],[0.052],[0.921],[0.493],[0.287],[0.402],[0.89],[0.199],[0.001],[0.512],[0.388],[0.749],[0.612],[0.857],[0.523],[0.759],[0.377],[0.133],[0.034],[0.18],[0.771],[0.536],[0.838],[0.364],[0.327],[0.144],[0.583],[0.828],[0.013],[0.164],[0.35]],"nseeds":44,"executions":189,"nfe":19400,"gps":[[0.08]],"lps":[[0.246],[0.674]],"fps":[[0.258],[0.066],[0.461],[0.434],[0.226],[0.098],[0.271],[0.664],[0.483],[0.415],[0.647],[0.052],[0.921],[0.493],[0.287],[0.402],[0.89],[0.199],[0.001],[0.512],[0.388],[0.749],[0.612],[0.857],[0.523],[0.759],[0.377],[0.133],[0.034],[0.18],[0.771],[0.536],[0.838],[0.364],[0.327],[0.144],[0.583],[0.828],[0.013],[0.164],[0.35]],"np":3,"gp":1,"pr":0.06818181818181818,"gpr":1,"lp":2,"lpr":0.5,"fpr":0.9318181818181818,"reason":"statistic"}