{"avgHealth":232.40525209407468,"seeds":[[0.082],[0.247],[0.072],[0.237],[0.258],[0.093],[0.449],[0.46],[0.438],[0.225],[0.269],[0.675],[0.688],[0.665],[0.655],[0.704],[0.415],[0.931],[0.92],[0.111],[0.943],[0.639],[0.908],[0.953],[0.898],[0.963],[0.399],[0.627],[0.887],[0.736],[0.001],[0.875],[0.511],[0.991],[0.615],[0.387],[0.19],[0.75],[0.865],[0.129],[0.855],[0.527],[0.763],[0.845],[0.179],[0.371],[0.32],[0.139],[0.591],[0.773],[0.833],[0.787],[0.167],[0.577],[0.335],[0.819],[0.353],[0.151],[0.015],[0.799]],"nseeds":60,"executions":12,"nfe":1700,"gps":[[0.082]],"lps":[[0.247],[0.449],[0.675],[0.931]],"fps":[[0.072],[0.237],[0.258],[0.093],[0.46],[0.438],[0.225],[0.269],[0.688],[0.665],[0.655],[0.704],[0.415],[0.92],[0.111],[0.943],[0.639],[0.908],[0.953],[0.898],[0.963],[0.399],[0.627],[0.887],[0.736],[0.001],[0.875],[0.511],[0.991],[0.615],[0.387],[0.19],[0.75],[0.865],[0.129],[0.855],[0.527],[0.763],[0.845],[0.179],[0.371],[0.32],[0.139],[0.591],[0.773],[0.833],[0.787],[0.167],[0.577],[0.335],[0.819],[0.353],[0.151],[0.015],[0.799]],"np":5,"gp":1,"pr":0.08333333333333333,"gpr":1,"lp":4,"lpr":1,"fpr":0.9166666666666666,"reason":"statistic"}