{"avgHealth":147.70950956732182,"seeds":[[0.08],[0.246],[0.256],[0.235],[0.069],[0.091],[0.453],[0.442],[0.463],[0.268],[0.43],[0.223],[0.101],[0.475],[0.678],[0.059],[0.69],[0.667],[0.42],[0.7],[0.653],[0.486],[0.211],[0.284],[0.93],[0.946],[0.913],[0.113],[0.957],[0.725],[0.498],[0.97],[0.046],[0.396],[0.197],[0.981],[0.299],[0.001],[0.509],[0.877],[0.991],[0.748],[0.86],[0.377],[0.034],[0.85],[0.53],[0.18],[0.596],[0.364],[0.541],[0.144],[0.828],[0.787],[0.014],[0.573],[0.816],[0.555],[0.161],[0.8],[0.348]],"nseeds":61,"executions":28,"nfe":3300,"gps":[[0.08]],"lps":[[0.246],[0.453],[0.678],[0.93]],"fps":[[0.256],[0.235],[0.069],[0.091],[0.442],[0.463],[0.268],[0.43],[0.223],[0.101],[0.475],[0.059],[0.69],[0.667],[0.42],[0.7],[0.653],[0.486],[0.211],[0.284],[0.946],[0.913],[0.113],[0.957],[0.725],[0.498],[0.97],[0.046],[0.396],[0.197],[0.981],[0.299],[0.001],[0.509],[0.877],[0.991],[0.748],[0.86],[0.377],[0.034],[0.85],[0.53],[0.18],[0.596],[0.364],[0.541],[0.144],[0.828],[0.787],[0.014],[0.573],[0.816],[0.555],[0.161],[0.8],[0.348]],"np":5,"gp":1,"pr":0.08196721311475409,"gpr":1,"lp":4,"lpr":1,"fpr":0.9180327868852459,"reason":"statistic"}