{"avgHealth":0.8854318029320031,"seeds":[[0.08],[0.246],[0.256],[0.235],[0.093],[0.066],[0.267],[0.428],[0.104],[0.285],[0.637],[0.115],[0.198],[0.993],[0.749],[1.005],[0.521],[0.857],[0.759],[0.135],[0.18],[0.318],[0.008],[0.772],[0.538],[0.585],[0.36],[0.334],[0.155]],"nseeds":29,"executions":167,"nfe":17200,"gps":[[0.08]],"lps":[[0.246]],"fps":[[0.256],[0.235],[0.093],[0.066],[0.267],[0.428],[0.104],[0.285],[0.637],[0.115],[0.198],[0.993],[0.749],[1.005],[0.521],[0.857],[0.759],[0.135],[0.18],[0.318],[0.008],[0.772],[0.538],[0.585],[0.36],[0.334],[0.155]],"np":2,"gp":1,"pr":0.06896551724137931,"gpr":1,"lp":1,"lpr":0.25,"fpr":0.9310344827586207,"reason":"statistic"}