{"avgHealth":0.8223829171241114,"seeds":[[0.08],[0.246],[0.234],[0.093],[0.262],[0.066],[0.465],[0.429],[0.272],[0.478],[0.419],[0.106],[0.055],[0.209],[0.939],[0.493],[0.721],[0.903],[0.116],[0.631],[0.503],[0.296],[0.198],[0.001],[0.042],[0.521],[0.607],[0.186],[0.597],[0.766],[0.031],[0.138],[0.176],[0.776],[0.539],[0.587],[0.014],[0.573],[0.152]],"nseeds":39,"executions":252,"nfe":25700,"gps":[[0.08]],"lps":[[0.246],[0.939]],"fps":[[0.234],[0.093],[0.262],[0.066],[0.465],[0.429],[0.272],[0.478],[0.419],[0.106],[0.055],[0.209],[0.493],[0.721],[0.903],[0.116],[0.631],[0.503],[0.296],[0.198],[0.001],[0.042],[0.521],[0.607],[0.186],[0.597],[0.766],[0.031],[0.138],[0.176],[0.776],[0.539],[0.587],[0.014],[0.573],[0.152]],"np":3,"gp":1,"pr":0.07692307692307693,"gpr":1,"lp":2,"lpr":0.5,"fpr":0.9230769230769231,"reason":"statistic"}