{"avgHealth":0.846320815322342,"seeds":[[0.08],[0.246],[0.257],[0.069],[0.232],[0.219],[0.67],[0.276],[0.7],[0.486],[0.41],[0.209],[0.939],[0.051],[0.953],[0.497],[0.967],[0.298],[0.509],[0.874],[0.038],[0.52],[0.309],[0.754],[0.004],[0.852],[0.766],[0.531],[0.776],[0.827],[0.546],[0.331],[0.356],[0.793],[0.815]],"nseeds":35,"executions":155,"nfe":16000,"gps":[[0.08]],"lps":[[0.246],[0.939]],"fps":[[0.257],[0.069],[0.232],[0.219],[0.67],[0.276],[0.7],[0.486],[0.41],[0.209],[0.051],[0.953],[0.497],[0.967],[0.298],[0.509],[0.874],[0.038],[0.52],[0.309],[0.754],[0.004],[0.852],[0.766],[0.531],[0.776],[0.827],[0.546],[0.331],[0.356],[0.793],[0.815]],"np":3,"gp":1,"pr":0.08571428571428572,"gpr":1,"lp":2,"lpr":0.5,"fpr":0.9142857142857143,"reason":"statistic"}