{"avgHealth":284.98180858876106,"seeds":[[0.08],[0.251],[0.241],[0.069],[0.261],[0.45],[0.23],[0.096],[0.43],[0.272],[0.678],[0.69],[0.668],[0.653],[0.21],[0.11],[0.928],[0.94],[0.286],[0.917],[0.641],[0.72],[0.906],[0.958],[0.402],[0.892],[0.046],[0.625],[0.882],[0.982],[0.742],[0.302],[0.992],[0.87],[0.614],[0.126],[0.758],[0.85],[0.528],[0.374],[0.598],[0.137],[0.178],[0.84],[0.774],[0.542],[0.83],[0.362],[0.784],[0.148],[0.014],[0.815],[0.797],[0.35],[0.159]],"nseeds":55,"executions":13,"nfe":1800,"gps":[[0.08]],"lps":[[0.45],[0.678],[0.928],[0.94]],"fps":[[0.251],[0.241],[0.069],[0.261],[0.23],[0.096],[0.43],[0.272],[0.69],[0.668],[0.653],[0.21],[0.11],[0.286],[0.917],[0.641],[0.72],[0.906],[0.958],[0.402],[0.892],[0.046],[0.625],[0.882],[0.982],[0.742],[0.302],[0.992],[0.87],[0.614],[0.126],[0.758],[0.85],[0.528],[0.374],[0.598],[0.137],[0.178],[0.84],[0.774],[0.542],[0.83],[0.362],[0.784],[0.148],[0.014],[0.815],[0.797],[0.35],[0.159]],"np":5,"gp":1,"pr":0.09090909090909091,"gpr":1,"lp":4,"lpr":1,"fpr":0.9090909090909091,"reason":"statistic"}