{"avgHealth":115.08130596321739,"seeds":[[0.081],[0.246],[0.071],[0.256],[0.233],[0.449],[0.459],[0.095],[0.436],[0.269],[0.47],[0.223],[0.426],[0.677],[0.687],[0.667],[0.698],[0.657],[0.056],[0.213],[0.107],[0.281],[0.486],[0.709],[0.413],[0.644],[0.926],[0.938],[0.916],[0.948],[0.72],[0.958],[0.497],[0.901],[0.634],[0.292],[0.73],[0],[0.971],[0.199],[0.045],[0.396],[0.622],[0.121],[0.74],[0.877],[0.51],[0.987],[0.305],[0.867],[0.385],[0.75],[0.611],[0.189],[0.521],[0.856],[0.131],[0.601],[0.762],[0.315],[0.374],[0.179],[0.844],[0.591],[0.773],[0.537],[0.325],[0.834],[0.783],[0.146],[0.58],[0.547],[0.358],[0.82],[0.335],[0.796],[0.161],[0.568],[0.348]],"nseeds":79,"executions":10,"nfe":1500,"gps":[[0.081]],"lps":[[0.246],[0.449],[0.677],[0.926],[0.938]],"fps":[[0.071],[0.256],[0.233],[0.459],[0.095],[0.436],[0.269],[0.47],[0.223],[0.426],[0.687],[0.667],[0.698],[0.657],[0.056],[0.213],[0.107],[0.281],[0.486],[0.709],[0.413],[0.644],[0.916],[0.948],[0.72],[0.958],[0.497],[0.901],[0.634],[0.292],[0.73],[0],[0.971],[0.199],[0.045],[0.396],[0.622],[0.121],[0.74],[0.877],[0.51],[0.987],[0.305],[0.867],[0.385],[0.75],[0.611],[0.189],[0.521],[0.856],[0.131],[0.601],[0.762],[0.315],[0.374],[0.179],[0.844],[0.591],[0.773],[0.537],[0.325],[0.834],[0.783],[0.146],[0.58],[0.547],[0.358],[0.82],[0.335],[0.796],[0.161],[0.568],[0.348]],"np":6,"gp":1,"pr":0.0759493670886076,"gpr":1,"lp":5,"lpr":1.25,"fpr":0.9240506329113924,"reason":"statistic"}