{"avgHealth":0.8180235301066884,"seeds":[[0.08],[0.246],[0.257],[0.069],[0.449],[0.229],[0.462],[0.435],[0.473],[0.272],[0.683],[0.102],[0.671],[0.219],[0.659],[0.706],[0.209],[0.927],[0.716],[0.938],[0.916],[0.949],[0.494],[0.637],[0.901],[0.726],[0.51],[0.124],[0.867],[0.037],[0.755],[0.381],[0.183],[0.134],[0.007],[0.595],[0.771],[0.535],[0.323],[0.834],[0.585],[0.164],[0.815],[0.799]],"nseeds":44,"executions":87,"nfe":9200,"gps":[[0.08]],"lps":[[0.246],[0.449],[0.683],[0.927],[0.938]],"fps":[[0.257],[0.069],[0.229],[0.462],[0.435],[0.473],[0.272],[0.102],[0.671],[0.219],[0.659],[0.706],[0.209],[0.716],[0.916],[0.949],[0.494],[0.637],[0.901],[0.726],[0.51],[0.124],[0.867],[0.037],[0.755],[0.381],[0.183],[0.134],[0.007],[0.595],[0.771],[0.535],[0.323],[0.834],[0.585],[0.164],[0.815],[0.799]],"np":6,"gp":1,"pr":0.13636363636363635,"gpr":1,"lp":5,"lpr":1.25,"fpr":0.8636363636363636,"reason":"statistic"}