{"avgHealth":0.9475570484063165,"seeds":[[0.1,0.101,0.099],[0.109,0.096,0.099],[0.108,0.106,0.104],[0.1,0.302,0.099],[0.098,0.111,0.099],[0.103,0.096,0.11],[0.089,0.096,0.099],[0.104,0.099,0.297],[0.102,0.094,0.09],[0.091,0.106,0.105],[0.294,0.096,0.099],[0.099,0.104,0.305],[0.294,0.105,0.104],[0.108,0.296,0.097],[0.307,0.104,0.105],[0.106,0.296,0.107],[0.094,0.099,0.291],[0.108,0.098,0.307],[0.094,0.289,0.099],[0.299,0.104,0.297],[0.099,0.106,0.115],[0.295,0.296,0.099],[0.101,0.3,0.305],[0.092,0.11,0.09],[0.089,0.099,0.305],[0.102,0.311,0.105],[0.301,0.099,0.306],[0.102,0.11,0.291],[0.102,0.311,0.093],[0.104,0.302,0.293],[0.099,0.099,0.314],[0.1,0.302,0.114],[0.308,0.303,0.099],[0.11,0.099,0.289],[0.299,0.095,0.114],[0.108,0.286,0.099],[0.29,0.099,0.305],[0.108,0.113,0.3],[0.294,0.104,0.114],[0.103,0.29,0.305],[0.089,0.296,0.299],[0.092,0.302,0.291],[0.108,0.106,0.037],[0.108,0.296,0.371],[0.307,0.362,0.115]],"nseeds":45,"executions":1020,"nfe":102500,"gps":[],"lps":[[0.1,0.302,0.099]],"fps":[[0.1,0.101,0.099],[0.109,0.096,0.099],[0.108,0.106,0.104],[0.098,0.111,0.099],[0.103,0.096,0.11],[0.089,0.096,0.099],[0.104,0.099,0.297],[0.102,0.094,0.09],[0.091,0.106,0.105],[0.294,0.096,0.099],[0.099,0.104,0.305],[0.294,0.105,0.104],[0.108,0.296,0.097],[0.307,0.104,0.105],[0.106,0.296,0.107],[0.094,0.099,0.291],[0.108,0.098,0.307],[0.094,0.289,0.099],[0.299,0.104,0.297],[0.099,0.106,0.115],[0.295,0.296,0.099],[0.101,0.3,0.305],[0.092,0.11,0.09],[0.089,0.099,0.305],[0.102,0.311,0.105],[0.301,0.099,0.306],[0.102,0.11,0.291],[0.102,0.311,0.093],[0.104,0.302,0.293],[0.099,0.099,0.314],[0.1,0.302,0.114],[0.308,0.303,0.099],[0.11,0.099,0.289],[0.299,0.095,0.114],[0.108,0.286,0.099],[0.29,0.099,0.305],[0.108,0.113,0.3],[0.294,0.104,0.114],[0.103,0.29,0.305],[0.089,0.296,0.299],[0.092,0.302,0.291],[0.108,0.106,0.037],[0.108,0.296,0.371],[0.307,0.362,0.115]],"np":1,"gp":0,"pr":0.022222222222222223,"gpr":0,"lp":1,"lpr":0.25,"fpr":0.9777777777777777,"reason":"statistic"}