{"avgHealth":0.9379605738078352,"seeds":[[0.102,0.101,0.101],[0.097,0.101,0.092],[0.096,0.109,0.098],[0.299,0.101,0.1],[0.103,0.099,0.3],[0.089,0.101,0.103],[0.104,0.102,0.111],[0.112,0.098,0.099],[0.102,0.305,0.099],[0.108,0.109,0.098],[0.096,0.106,0.302],[0.105,0.293,0.103],[0.102,0.293,0.093],[0.303,0.103,0.091],[0.095,0.099,0.29],[0.09,0.298,0.103],[0.288,0.101,0.099],[0.303,0.11,0.103],[0.299,0.098,0.111],[0.303,0.1,0.3],[0.108,0.105,0.307],[0.109,0.1,0.291],[0.294,0.3,0.098],[0.104,0.295,0.3],[0.303,0.305,0.1],[0.1,0.306,0.111],[0.301,0.293,0.103],[0.1,0.307,0.3],[0.088,0.099,0.088],[0.295,0.106,0.302],[0.088,0.105,0.295],[0.112,0.306,0.098],[0.098,0.118,0.102],[0.089,0.293,0.093],[0.296,0.099,0.29],[0.089,0.309,0.103],[0.287,0.101,0.109],[0.112,0.293,0.093],[0.288,0.099,0.299],[0.294,0.306,0.108],[0.294,0.31,0.098],[0.104,0.1,0.08],[0.303,0.113,0.09],[0.119,0.101,0.108],[0.294,0.3,0.088],[0.104,0.317,0.102],[0.104,0.282,0.103],[0.301,0.307,0.3],[0.089,0.292,0.298],[0.111,0.307,0.299],[0.089,0.307,0.299],[0.098,0.118,0.09],[0.109,0.115,0.298],[0.109,0.117,0.092],[0.102,0.31,0.29],[0.103,0.098,0.318],[0.212,0.098,0.099],[0.409,0.293,0.093]],"nseeds":58,"executions":1152,"nfe":115700,"gps":[],"lps":[[0.294,0.3,0.098]],"fps":[[0.102,0.101,0.101],[0.097,0.101,0.092],[0.096,0.109,0.098],[0.299,0.101,0.1],[0.103,0.099,0.3],[0.089,0.101,0.103],[0.104,0.102,0.111],[0.112,0.098,0.099],[0.102,0.305,0.099],[0.108,0.109,0.098],[0.096,0.106,0.302],[0.105,0.293,0.103],[0.102,0.293,0.093],[0.303,0.103,0.091],[0.095,0.099,0.29],[0.09,0.298,0.103],[0.288,0.101,0.099],[0.303,0.11,0.103],[0.299,0.098,0.111],[0.303,0.1,0.3],[0.108,0.105,0.307],[0.109,0.1,0.291],[0.104,0.295,0.3],[0.303,0.305,0.1],[0.1,0.306,0.111],[0.301,0.293,0.103],[0.1,0.307,0.3],[0.088,0.099,0.088],[0.295,0.106,0.302],[0.088,0.105,0.295],[0.112,0.306,0.098],[0.098,0.118,0.102],[0.089,0.293,0.093],[0.296,0.099,0.29],[0.089,0.309,0.103],[0.287,0.101,0.109],[0.112,0.293,0.093],[0.288,0.099,0.299],[0.294,0.306,0.108],[0.294,0.31,0.098],[0.104,0.1,0.08],[0.303,0.113,0.09],[0.119,0.101,0.108],[0.294,0.3,0.088],[0.104,0.317,0.102],[0.104,0.282,0.103],[0.301,0.307,0.3],[0.089,0.292,0.298],[0.111,0.307,0.299],[0.089,0.307,0.299],[0.098,0.118,0.09],[0.109,0.115,0.298],[0.109,0.117,0.092],[0.102,0.31,0.29],[0.103,0.098,0.318],[0.212,0.098,0.099],[0.409,0.293,0.093]],"np":1,"gp":0,"pr":0.017241379310344827,"gpr":0,"lp":1,"lpr":0.25,"fpr":0.9827586206896551,"reason":"statistic"}