{"avgHealth":0.9550126979227264,"seeds":[[0.103,0.1,0.098],[0.096,0.097,0.105],[0.094,0.1,0.093],[0.101,0.108,0.105],[0.103,0.1,0.299],[0.301,0.103,0.098],[0.107,0.1,0.109],[0.105,0.09,0.104],[0.096,0.296,0.098],[0.296,0.097,0.105],[0.093,0.1,0.301],[0.104,0.111,0.094],[0.104,0.304,0.106],[0.106,0.294,0.097],[0.291,0.101,0.097],[0.103,0.101,0.086],[0.096,0.099,0.289],[0.308,0.096,0.106],[0.1,0.297,0.298],[0.301,0.103,0.298],[0.104,0.111,0.298],[0.098,0.103,0.116],[0.1,0.291,0.109],[0.104,0.308,0.092],[0.31,0.101,0.093],[0.104,0.102,0.312],[0.105,0.088,0.298],[0.203,0.111,0.106],[0.41,0.293,0.094]],"nseeds":29,"executions":1247,"nfe":125200,"gps":[],"lps":[[0.096,0.296,0.098]],"fps":[[0.103,0.1,0.098],[0.096,0.097,0.105],[0.094,0.1,0.093],[0.101,0.108,0.105],[0.103,0.1,0.299],[0.301,0.103,0.098],[0.107,0.1,0.109],[0.105,0.09,0.104],[0.296,0.097,0.105],[0.093,0.1,0.301],[0.104,0.111,0.094],[0.104,0.304,0.106],[0.106,0.294,0.097],[0.291,0.101,0.097],[0.103,0.101,0.086],[0.096,0.099,0.289],[0.308,0.096,0.106],[0.1,0.297,0.298],[0.301,0.103,0.298],[0.104,0.111,0.298],[0.098,0.103,0.116],[0.1,0.291,0.109],[0.104,0.308,0.092],[0.31,0.101,0.093],[0.104,0.102,0.312],[0.105,0.088,0.298],[0.203,0.111,0.106],[0.41,0.293,0.094]],"np":1,"gp":0,"pr":0.034482758620689655,"gpr":0,"lp":1,"lpr":0.25,"fpr":0.9655172413793104,"reason":"statistic"}