{"avgHealth":-11.524331353515585,"seeds":[[0],[0.0653560000000013],[-0.0653560000000013],[-0.1307120000000026],[0.1307120000000026],[-0.1960679999999968],[0.1960679999999968],[-0.2614239999999981],[0.2614239999999981],[0.3267799999999994],[-0.3267799999999994],[0.9803399999999982],[-0.9803400000000018],[0.914984000000004],[-0.9149840000000005],[-0.3921360000000007],[0.3921360000000007],[-1.0456959999999995],[1.0456959999999995],[0.8496280000000027],[-0.8496279999999992],[-0.457492000000002],[0.457492000000002],[-0.5228480000000033],[0.5228480000000033],[0.7842720000000014],[-0.7842720000000014],[-0.5882039999999975],[0.5882039999999975],[1.1110520000000008],[-1.1110520000000008],[-0.7189160000000001],[0.7189160000000001],[0.6535599999999988],[-0.6535599999999988],[-1.1764080000000021],[1.1764080000000021],[-1.2417639999999999],[1.2417640000000034],[1.9606800000000035],[-1.96068],[1.3071199999999976],[-1.3071200000000012],[-2.0260360000000013],[2.026036000000005],[-1.8953240000000022],[1.8953240000000022],[1.372475999999999],[-1.3724760000000025],[-1.829968000000001],[1.829968000000001],[-2.091391999999999],[-1.4378320000000002],[1.4378320000000002],[1.5031880000000015],[-1.5031880000000015],[-1.7646120000000032],[1.7646119999999996],[1.5685440000000028],[-1.5685440000000028],[-1.6992560000000019],[-1.6339000000000006],[-2.156747999999997],[2.1567480000000003],[-2.222103999999998],[2.2221040000000016],[-3.0063759999999995],[3.006376000000003],[2.9410200000000017],[-2.941019999999998],[-2.2874599999999994],[2.287460000000003],[2.8756640000000004],[-2.8756640000000004],[-3.0717319999999972],[3.0717320000000043],[-2.352815999999997],[2.3528160000000042],[-2.810307999999999],[2.4181719999999984],[-2.4181719999999984],[-3.1370879999999985],[3.1370880000000056],[-2.4835279999999997],[2.744952000000005],[-2.744951999999998],[-2.5488839999999975],[2.6795960000000036],[-2.679596],[-2.614239999999999],[-3.202444],[3.9867160000000013],[-3.9867160000000013],[-3.92136],[3.92136],[-4.052071999999999],[-3.2677999999999976],[3.267800000000001],[3.8560040000000058],[-3.8560039999999987],[-3.333155999999999],[-4.117428],[-3.790648000000001],[-3.398512],[3.3985120000000038],[-3.463867999999998],[-3.7252919999999996],[-3.5292239999999993],[3.659936000000002],[-3.6599359999999983],[-3.5945800000000006],[-4.182783999999998],[4.9670559999999995],[-4.9670559999999995],[-5.032412000000001],[-4.901700000000002],[4.248139999999999],[-4.248139999999999],[-5.097768000000002],[-4.836344],[4.313495999999994],[-4.770987999999999],[-5.163124],[6.012751999999999],[-6.0127520000000025],[-5.947396000000001],[5.947395999999998],[4.444207999999996],[-4.444208],[-4.705632000000001],[-4.640276],[4.574919999999999],[-6.078108],[-5.88204],[5.228479999999998],[-5.228480000000001],[-5.816684000000002],[5.816683999999995],[-6.143463999999998],[-5.293835999999999],[-6.993091999999997],[-6.9277359999999994],[-7.0584479999999985],[5.359192],[-5.359192],[5.751328000000001],[-5.751328000000001],[5.424547999999994],[-5.685972],[6.208819999999996],[-6.208819999999999],[-5.489903999999999],[-5.620616000000002],[-7.123804],[7.9734320000000025],[-7.973431999999999],[8.038787999999997],[-8.038788],[6.797024],[-6.797023999999997],[7.908076000000001],[-7.908075999999998],[-6.339531999999998],[-7.1891599999999976],[-8.104143999999998],[-6.731667999999999],[-6.404887999999996],[9.019128000000002],[-8.953772],[-7.84272],[6.666311999999998],[-6.6009559999999965],[-9.999468],[-7.777363999999999],[-9.934112000000002],[-10.064824000000002],[10.064824000000002],[7.712007999999997],[-7.385227999999998],[9.149839999999998],[-8.823059999999998],[-8.234856],[10.979807999999998],[-10.979807999999998],[-7.646652],[-7.581295999999998],[-11.045164],[-10.13018],[-8.300211999999998],[-8.430924000000001],[10.849096000000003],[-11.894791999999999],[-8.561636],[9.280552],[-13.071200000000001],[13.986183999999994],[-11.175875999999999],[14.966524],[10.783740000000002],[-16.01222],[-16.992559999999997],[15.097235999999995],[17.972900000000003],[16.077576],[-18.038255999999997],[-10.718383999999997],[-19.018596],[-19.998936],[-18.95324],[-10.391603999999997],[-21.959615999999997],[21.959615999999997],[-23.985651999999998],[-20.064292],[20.064292000000002],[-17.907543999999998],[-26.011688],[-26.992027999999998],[-29.998403999999997],[-30.978744],[-32.02444],[-23.070667999999998],[-28.952707999999998],[-27.057384],[-18.887884],[21.109987999999994],[-30.913387999999998],[-28.887351999999996],[-14.247608],[20.848563999999996],[-12.482996],[13.332623999999996],[-15.750795999999998],[-13.39798],[-24.835279999999997],[-20.195003999999997],[17.776832],[-31.828371999999998],[-17.253984],[-15.68544],[-14.443675999999996],[-14.509031999999998],[-30.194471999999998],[-17.711475999999998],[-24.769923999999996],[-15.489372],[-31.240167999999997],[-27.253451999999996],[-17.580764],[-19.345376],[-24.704568],[-20.652496],[32.678],[-21.567479999999996],[-29.344844],[31.37088],[-28.560571999999997]],"nseeds":257,"executions":1718,"nfe":172300,"gps":[[0]],"lps":[],