{"avgHealth":0.9913661491123298,"seeds":[[0.7,0.5,0.5],[0.7,0.5,0.7],[0.7,0.5,0.9],[0.7,0.5,0.1],[0.099,0.5,0.5],[0.099,0.502,0.1],[0.099,0.502,0.9],[0.7,0.895,0.7],[0.7,0.895,0.5],[0.7,0.705,0.101],[0.099,0.895,0.7],[0.498,0.895,0.5],[0.701,0.894,0.9],[0.498,0.894,0.9],[0.099,0.892,0.5],[0.107,0.704,0.5],[0.098,0.893,0.296],[0.107,0.705,0.101],[0.108,0.096,0.7],[0.294,0.093,0.1],[0.909,0.895,0.7],[0.69,0.895,0.7],[0.106,0.895,0.692],[0.501,0.288,0.7],[0.909,0.893,0.296],[0.108,0.11,0.9],[0.909,0.11,0.9],[0.114,0.895,0.7],[0.325,0.894,0.9],[0.112,0.126,0.701],[0.116,0.672,0.884],[0.626,0.895,0.7],[0.498,0.894,1.012],[0.294,0.093,0.211],[0.293,0.712,0.982],[0.536,0.658,0.477],[0.198,0.56,0.897]],"nseeds":37,"executions":153,"nfe":15800,"gps":[[0.7,0.5,0.5],[0.7,0.5,0.7],[0.7,0.5,0.9],[0.7,0.5,0.1],[0.498,0.894,0.9]],"lps":[],"fps":[[0.099,0.5,0.5],[0.099,0.502,0.1],[0.099,0.502,0.9],[0.7,0.895,0.7],[0.7,0.895,0.5],[0.7,0.705,0.101],[0.099,0.895,0.7],[0.498,0.895,0.5],[0.701,0.894,0.9],[0.099,0.892,0.5],[0.107,0.704,0.5],[0.098,0.893,0.296],[0.107,0.705,0.101],[0.108,0.096,0.7],[0.294,0.093,0.1],[0.909,0.895,0.7],[0.69,0.895,0.7],[0.106,0.895,0.692],[0.501,0.288,0.7],[0.909,0.893,0.296],[0.108,0.11,0.9],[0.909,0.11,0.9],[0.114,0.895,0.7],[0.325,0.894,0.9],[0.112,0.126,0.701],[0.116,0.672,0.884],[0.626,0.895,0.7],[0.498,0.894,1.012],[0.294,0.093,0.211],[0.293,0.712,0.982],[0.536,0.658,0.477],[0.198,0.56,0.897]],"np":5,"gp":5,"pr":0.13513513513513514,"gpr":1,"fpr":0.8648648648648649,"reason":"statistic"}