{"avgHealth":0.9518725505023473,"seeds":[[0.5,0.1,0.9],[0.1,0.1,0.9],[0.5,0.299,0.9],[0.5,0.302,0.497],[0.096,0.698,0.9],[0.5,0.302,0.507],[0.497,0.701,0.492],[0.689,0.701,0.492],[0.488,0.302,0.507],[0.488,0.302,0.491],[0.49,0.49,0.107],[0.5,0.911,0.288],[0.486,0.287,0.9],[0.5,0.322,0.492],[0.511,0.681,0.492],[0.493,0.673,0.309],[0.878,0.919,0.094],[0.334,0.701,0.492],[0.128,0.681,0.493],[0.337,0.704,0.891],[0.689,0.731,0.484],[0.491,0.061,0.492],[0.707,0.077,0.47],[0.49,0.674,0.929],[0.101,0.693,0.045],[0.687,0.099,0.749],[0.011,0.1,0.9],[0.894,0.164,0.494],[0.415,0.698,0.093],[0.337,0.704,0.875],[0.689,0.701,0.567],[0.038,0.911,0.288],[0.094,0.353,0.719],[0.682,0.685,0.199],[0.857,0.334,0.693],[0.478,0.353,0.719],[0.611,0.281,0.322],[0.231,0.711,0.529],[0.686,0.873,0.377],[0.166,0.334,0.692],[0.741,0.718,0.44],[0.109,0.849,0.432],[0.958,0.049,0.313],[0.974,0.292,0.161],[0.342,0.013,0.32],[0.365,0.435,0.291],[0.962,0.781,0.112],[0.657,0.75,0.473],[0.582,0.567,0.713],[0.989,0.174,0.12],[0.432,0.86,0.336],[0.669,0.214,0.804],[0.8,0.85,0.788],[0.961,0.822,0.81],[0.806,0.598,0.233]],"nseeds":55,"executions":158,"nfe":16300,"gps":[[0.5,0.1,0.9],[0.1,0.1,0.9],[0.5,0.302,0.497],[0.096,0.698,0.9]],"lps":[],"fps":[[0.5,0.299,0.9],[0.5,0.302,0.507],[0.497,0.701,0.492],[0.689,0.701,0.492],[0.488,0.302,0.507],[0.488,0.302,0.491],[0.49,0.49,0.107],[0.5,0.911,0.288],[0.486,0.287,0.9],[0.5,0.322,0.492],[0.511,0.681,0.492],[0.493,0.673,0.309],[0.878,0.919,0.094],[0.334,0.701,0.492],[0.128,0.681,0.493],[0.337,0.704,0.891],[0.689,0.731,0.484],[0.491,0.061,0.492],[0.707,0.077,0.47],[0.49,0.674,0.929],[0.101,0.693,0.045],[0.687,0.099,0.749],[0.011,0.1,0.9],[0.894,0.164,0.494],[0.415,0.698,0.093],[0.337,0.704,0.875],[0.689,0.701,0.567],[0.038,0.911,0.288],[0.094,0.353,0.719],[0.682,0.685,0.199],[0.857,0.334,0.693],[0.478,0.353,0.719],[0.611,0.281,0.322],[0.231,0.711,0.529],[0.686,0.873,0.377],[0.166,0.334,0.692],[0.741,0.718,0.44],[0.109,0.849,0.432],[0.958,0.049,0.313],[0.974,0.292,0.161],[0.342,0.013,0.32],[0.365,0.435,0.291],[0.962,0.781,0.112],[0.657,0.75,0.473],[0.582,0.567,0.713],[0.989,0.174,0.12],[0.432,0.86,0.336],[0.669,0.214,0.804],[0.8,0.85,0.788],[0.961,0.822,0.81],[0.806,0.598,0.233]],"np":4,"gp":4,"pr":0.07272727272727272,"gpr":0.8,"fpr":0.9272727272727272,"reason":"statistic"}