{"avgHealth":0.9618813270137408,"seeds":[[0.7,0.9,0.9],[0.7,0.9,0.3],[0.899,0.9,0.9],[0.9,0.299,0.299],[0.7,0.299,0.296],[0.898,0.492,0.31],[0.7,0.697,0.313],[0.885,0.098,0.3],[0.921,0.699,0.9],[0.899,0.724,0.299],[0.7,0.903,0.875],[0.921,0.697,0.313],[0.487,0.675,0.9],[0.11,0.933,0.716],[0.501,0.71,0.142],[0.923,0.735,0.298],[0.643,0.299,0.296],[0.023,0.713,0.9],[0.288,0.618,0.292],[0.487,0.111,0.758],[0.314,0.402,0.72],[0.487,0.674,0.848],[0.672,0.618,0.292],[0.528,0.369,0.691],[0.68,0.72,0.982],[0.977,0.495,0.862],[0.209,0.495,0.862],[0.757,0.71,0.142],[0.337,0.131,0.336],[0.747,0.521,0.544],[0.226,0.368,0.303],[0.693,0.213,0.033],[0.743,0.674,0.848],[0.023,0.713,0.8],[0.346,0.224,0.274],[0.279,0.192,0.974],[0.218,0.181,0.677],[0.069,0.817,0.817],[0.994,0.241,0.646],[0.598,0.04,0.418],[0.026,0.212,0.224],[0.422,0.022,0.406]],"nseeds":42,"executions":219,"nfe":22400,"gps":[[0.7,0.9,0.9],[0.7,0.9,0.3]],"lps":[],"fps":[[0.899,0.9,0.9],[0.9,0.299,0.299],[0.7,0.299,0.296],[0.898,0.492,0.31],[0.7,0.697,0.313],[0.885,0.098,0.3],[0.921,0.699,0.9],[0.899,0.724,0.299],[0.7,0.903,0.875],[0.921,0.697,0.313],[0.487,0.675,0.9],[0.11,0.933,0.716],[0.501,0.71,0.142],[0.923,0.735,0.298],[0.643,0.299,0.296],[0.023,0.713,0.9],[0.288,0.618,0.292],[0.487,0.111,0.758],[0.314,0.402,0.72],[0.487,0.674,0.848],[0.672,0.618,0.292],[0.528,0.369,0.691],[0.68,0.72,0.982],[0.977,0.495,0.862],[0.209,0.495,0.862],[0.757,0.71,0.142],[0.337,0.131,0.336],[0.747,0.521,0.544],[0.226,0.368,0.303],[0.693,0.213,0.033],[0.743,0.674,0.848],[0.023,0.713,0.8],[0.346,0.224,0.274],[0.279,0.192,0.974],[0.218,0.181,0.677],[0.069,0.817,0.817],[0.994,0.241,0.646],[0.598,0.04,0.418],[0.026,0.212,0.224],[0.422,0.022,0.406]],"np":2,"gp":2,"pr":0.047619047619047616,"gpr":0.4,"fpr":0.9523809523809523,"reason":"statistic"}