{"avgHealth":0.9921649050067018,"seeds":[[0.3,0.7,0.3],[0.3,0.7,0.9],[0.9,0.7,0.3],[0.7,0.7,0.3],[0.9,0.702,0.9],[0.7,0.702,0.9],[0.902,0.702,0.7],[0.896,0.297,0.9],[0.705,0.1,0.303],[0.905,0.505,0.902],[0.896,0.297,0.708],[0.504,0.906,0.307],[0.494,0.495,0.908],[0.905,0.495,0.909],[0.11,0.495,0.909],[0.303,0.49,0.29],[0.105,0.504,0.883],[0.511,0.49,0.29],[0.486,0.504,0.888],[0.299,0.09,0.08],[0.105,0.485,0.077],[0.692,0.275,0.087],[0.119,0.104,0.522],[0.385,0.703,0.902],[0.104,0.482,0.976],[0.228,0.468,0.413],[0.836,0.981,0.663]],"nseeds":27,"executions":130,"nfe":13500,"gps":[[0.3,0.7,0.3],[0.3,0.7,0.9],[0.9,0.7,0.3],[0.7,0.7,0.3],[0.9,0.702,0.9],[0.7,0.702,0.9],[0.902,0.702,0.7]],"lps":[],"fps":[[0.896,0.297,0.9],[0.705,0.1,0.303],[0.905,0.505,0.902],[0.896,0.297,0.708],[0.504,0.906,0.307],[0.494,0.495,0.908],[0.905,0.495,0.909],[0.11,0.495,0.909],[0.303,0.49,0.29],[0.105,0.504,0.883],[0.511,0.49,0.29],[0.486,0.504,0.888],[0.299,0.09,0.08],[0.105,0.485,0.077],[0.692,0.275,0.087],[0.119,0.104,0.522],[0.385,0.703,0.902],[0.104,0.482,0.976],[0.228,0.468,0.413],[0.836,0.981,0.663]],"np":7,"gp":7,"pr":0.25925925925925924,"gpr":1.4,"fpr":0.7407407407407407,"reason":"statistic"}