{"avgHealth":0.9772553858584804,"seeds":[[0.3,0.7,0.9],[0.1,0.7,0.9],[0.9,0.7,0.9],[0.1,0.9,0.299],[0.301,0.9,0.299],[0.301,0.903,0.901],[0.101,0.903,0.898],[0.301,0.903,0.704],[0.302,0.488,0.9],[0.297,0.903,0.517],[0.102,0.12,0.9],[0.486,0.086,0.108],[0.301,0.679,0.307],[0.105,0.924,0.9],[0.1,0.875,0.298],[0.099,0.506,0.127],[0.296,0.912,0.324],[0.508,0.506,0.127],[0.105,0.921,0.279],[0.1,0.464,0.294],[0.301,0.938,0.31],[0.101,0.059,0.295],[0.885,0.904,0.265],[0.513,0.464,0.294],[0.302,0.907,0.458],[0.296,0.912,0.34],[0.301,0.915,0.938],[0.896,0.683,0.336],[0.126,0.464,0.294],[0.932,0.078,0.082],[0.509,0.504,0.193],[0.316,0.463,0.08],[0.905,0.151,0.517],[0.915,0.042,0.488],[0.911,0.205,0.725],[0.729,0.978,0.697],[0.074,0.174,0.317],[0.316,0.727,0.214],[0.958,0.464,0.294],[0.151,0.683,0.336],[0.513,0.424,0.235],[0.762,0.744,0.209]],"nseeds":42,"executions":192,"nfe":19700,"gps":[[0.3,0.7,0.9],[0.1,0.7,0.9],[0.9,0.7,0.9],[0.1,0.9,0.299]],"lps":[],"fps":[[0.301,0.9,0.299],[0.301,0.903,0.901],[0.101,0.903,0.898],[0.301,0.903,0.704],[0.302,0.488,0.9],[0.297,0.903,0.517],[0.102,0.12,0.9],[0.486,0.086,0.108],[0.301,0.679,0.307],[0.105,0.924,0.9],[0.1,0.875,0.298],[0.099,0.506,0.127],[0.296,0.912,0.324],[0.508,0.506,0.127],[0.105,0.921,0.279],[0.1,0.464,0.294],[0.301,0.938,0.31],[0.101,0.059,0.295],[0.885,0.904,0.265],[0.513,0.464,0.294],[0.302,0.907,0.458],[0.296,0.912,0.34],[0.301,0.915,0.938],[0.896,0.683,0.336],[0.126,0.464,0.294],[0.932,0.078,0.082],[0.509,0.504,0.193],[0.316,0.463,0.08],[0.905,0.151,0.517],[0.915,0.042,0.488],[0.911,0.205,0.725],[0.729,0.978,0.697],[0.074,0.174,0.317],[0.316,0.727,0.214],[0.958,0.464,0.294],[0.151,0.683,0.336],[0.513,0.424,0.235],[0.762,0.744,0.209]],"np":4,"gp":4,"pr":0.09523809523809523,"gpr":0.8,"fpr":0.9047619047619048,"reason":"statistic"}