{"avgHealth":0.9635484041008677,"seeds":[[0.1,0.7,0.7],[0.7,0.7,0.7],[0.101,0.701,0.902],[0.494,0.098,0.7],[0.1,0.693,0.896],[0.494,0.096,0.715],[0.709,0.917,0.892],[0.495,0.08,0.294],[0.309,0.3,0.92],[0.875,0.504,0.7],[0.1,0.073,0.492],[0.113,0.073,0.489],[0.506,0.487,0.068],[0.709,0.917,0.87],[0.709,0.517,0.534],[0.704,0.949,0.7],[0.526,0.073,0.492],[0.536,0.08,0.702],[0.314,0.517,0.534],[0.465,0.711,0.481],[0.704,0.949,0.511],[0.1,0.038,0.498],[0.706,0.529,0.87],[0.338,0.276,0.114],[0.046,0.711,0.481],[0.726,0.881,0.337],[0.875,0.504,0.837],[0.367,0.309,0.87],[0.333,0.75,0.487],[0.651,0.926,0.073],[0.05,0.55,0.504],[0.06,0.171,0.087],[0.145,0.493,0.624],[0.148,0.503,0.978],[0.71,0.196,0.638],[0.686,0.556,0.982],[0.856,0.521,0.21],[0.521,0.234,0.756],[0.731,0.218,0.256],[0.37,0.231,0.409],[0.968,0.803,0.222]],"nseeds":41,"executions":246,"nfe":25100,"gps":[[0.1,0.7,0.7],[0.7,0.7,0.7],[0.494,0.098,0.7]],"lps":[],"fps":[[0.101,0.701,0.902],[0.1,0.693,0.896],[0.494,0.096,0.715],[0.709,0.917,0.892],[0.495,0.08,0.294],[0.309,0.3,0.92],[0.875,0.504,0.7],[0.1,0.073,0.492],[0.113,0.073,0.489],[0.506,0.487,0.068],[0.709,0.917,0.87],[0.709,0.517,0.534],[0.704,0.949,0.7],[0.526,0.073,0.492],[0.536,0.08,0.702],[0.314,0.517,0.534],[0.465,0.711,0.481],[0.704,0.949,0.511],[0.1,0.038,0.498],[0.706,0.529,0.87],[0.338,0.276,0.114],[0.046,0.711,0.481],[0.726,0.881,0.337],[0.875,0.504,0.837],[0.367,0.309,0.87],[0.333,0.75,0.487],[0.651,0.926,0.073],[0.05,0.55,0.504],[0.06,0.171,0.087],[0.145,0.493,0.624],[0.148,0.503,0.978],[0.71,0.196,0.638],[0.686,0.556,0.982],[0.856,0.521,0.21],[0.521,0.234,0.756],[0.731,0.218,0.256],[0.37,0.231,0.409],[0.968,0.803,0.222]],"np":3,"gp":3,"pr":0.07317073170731707,"gpr":0.6,"fpr":0.926829268292683,"reason":"statistic"}