{"avgHealth":0.9600762235719086,"seeds":[[0.3,0.5,0.1],[0.3,0.5,0.299],[0.899,0.5,0.1],[0.505,0.5,0.1],[0.505,0.101,0.1],[0.901,0.494,0.299],[0.501,0.494,0.299],[0.298,0.11,0.298],[0.301,0.692,0.691],[0.894,0.913,0.299],[0.319,0.494,0.303],[0.896,0.082,0.891],[0.29,0.698,0.72],[0.103,0.685,0.08],[0.127,0.494,0.298],[0.325,0.692,0.69],[0.906,0.93,0.101],[0.082,0.86,0.1],[0.903,0.849,0.891],[0.722,0.102,0.538],[0.384,0.494,0.303],[0.442,0.692,0.69],[0.074,0.939,0.1],[0.366,0.294,0.113],[0.903,0.849,0.881],[0.888,0.063,0.125],[0.296,0.859,0.271],[0.695,0.859,0.271],[0.118,0.838,0.089],[0.491,0.838,0.876],[0.294,0.468,0.35],[0.695,0.859,0.259],[0.495,0.185,0.268],[0.357,0.931,0.513],[0.535,0.697,0.209],[0.127,0.88,0.577],[0.768,0.938,0.708],[0.895,0.857,0.015],[0.954,0.093,0.043],[0.52,0.218,0.463],[0.736,0.444,0.732],[0.521,0.817,0.961],[0.87,0.603,0.542],[0.818,0.78,0.472],[0.376,0.581,0.729],[0.826,0.86,0.764],[0.795,0.349,0.369],[0.007,0.568,0.196]],"nseeds":48,"executions":105,"nfe":11000,"gps":[[0.3,0.5,0.1],[0.3,0.5,0.299]],"lps":[],"fps":[[0.899,0.5,0.1],[0.505,0.5,0.1],[0.505,0.101,0.1],[0.901,0.494,0.299],[0.501,0.494,0.299],[0.298,0.11,0.298],[0.301,0.692,0.691],[0.894,0.913,0.299],[0.319,0.494,0.303],[0.896,0.082,0.891],[0.29,0.698,0.72],[0.103,0.685,0.08],[0.127,0.494,0.298],[0.325,0.692,0.69],[0.906,0.93,0.101],[0.082,0.86,0.1],[0.903,0.849,0.891],[0.722,0.102,0.538],[0.384,0.494,0.303],[0.442,0.692,0.69],[0.074,0.939,0.1],[0.366,0.294,0.113],[0.903,0.849,0.881],[0.888,0.063,0.125],[0.296,0.859,0.271],[0.695,0.859,0.271],[0.118,0.838,0.089],[0.491,0.838,0.876],[0.294,0.468,0.35],[0.695,0.859,0.259],[0.495,0.185,0.268],[0.357,0.931,0.513],[0.535,0.697,0.209],[0.127,0.88,0.577],[0.768,0.938,0.708],[0.895,0.857,0.015],[0.954,0.093,0.043],[0.52,0.218,0.463],[0.736,0.444,0.732],[0.521,0.817,0.961],[0.87,0.603,0.542],[0.818,0.78,0.472],[0.376,0.581,0.729],[0.826,0.86,0.764],[0.795,0.349,0.369],[0.007,0.568,0.196]],"np":2,"gp":2,"pr":0.041666666666666664,"gpr":0.4,"fpr":0.9583333333333334,"reason":"statistic"}