{"avgHealth":0.9662492584822971,"seeds":[[0.451,0.451],[0.933,0.451],[0.933,0.079],[0.455,0.929],[0.449,0.241],[0.676,0.076],[0.929,0.24],[0.932,0.671],[0.449,0.671],[0.678,0.671],[0.927,0.945],[0.463,0.919],[0.66,0.682],[0.23,0.933],[0.954,0.238],[0.918,0.7],[0.921,0.47],[0.911,0.919],[0.261,0.915],[0.08,0.654],[0.959,0.696],[0.469,0.231],[0.918,0.654],[0.645,0.238],[0.1,0.914],[0.453,0.888],[0.482,0.913],[0.918,0.643],[0.228,0.647],[0.079,0.881],[0.242,0.881],[0.261,0.888],[0.644,0.228],[0.666,0.881],[1,0.247],[1.007,0.695],[0.779,0.682],[0.686,0.787],[0.925,0.798],[0.277,0.055],[0.476,0.377],[0.779,0.654],[0.352,0.73],[0.046,0.346],[0.353,0.611],[0.016,0.61]],"nseeds":46,"executions":136,"nfe":14100,"gps":[[0.451,0.451],[0.449,0.241],[0.676,0.076]],"lps":[],"fps":[[0.933,0.451],[0.933,0.079],[0.455,0.929],[0.929,0.24],[0.932,0.671],[0.449,0.671],[0.678,0.671],[0.927,0.945],[0.463,0.919],[0.66,0.682],[0.23,0.933],[0.954,0.238],[0.918,0.7],[0.921,0.47],[0.911,0.919],[0.261,0.915],[0.08,0.654],[0.959,0.696],[0.469,0.231],[0.918,0.654],[0.645,0.238],[0.1,0.914],[0.453,0.888],[0.482,0.913],[0.918,0.643],[0.228,0.647],[0.079,0.881],[0.242,0.881],[0.261,0.888],[0.644,0.228],[0.666,0.881],[1,0.247],[1.007,0.695],[0.779,0.682],[0.686,0.787],[0.925,0.798],[0.277,0.055],[0.476,0.377],[0.779,0.654],[0.352,0.73],[0.046,0.346],[0.353,0.611],[0.016,0.61]],"np":3,"gp":3,"pr":0.06521739130434782,"gpr":0.6,"fpr":0.9347826086956522,"reason":"statistic"}