{"avgHealth":0.9914405970128017,"seeds":[[0.934,0.934],[0.681,0.934],[0.934,0.247],[0.681,0.45],[0.246,0.934],[0.687,0.247],[0.675,0.247],[0.444,0.248],[0.24,0.08],[0.924,0.247],[0.674,0.258],[0.943,0.258],[0.444,0.089],[0.234,0.457],[0.089,0.69],[0.451,0.434],[0.465,0.46],[0.092,0.247],[0.234,0.256],[0.905,0.455],[0.649,0.455],[0.963,0.434],[0.644,0.683],[0.718,0.669],[0.688,0.752],[0.789,0.257]],"nseeds":26,"executions":201,"nfe":20600,"gps":[[0.934,0.934],[0.681,0.934],[0.934,0.247],[0.681,0.45],[0.687,0.247],[0.24,0.08]],"lps":[],"fps":[[0.246,0.934],[0.675,0.247],[0.444,0.248],[0.924,0.247],[0.674,0.258],[0.943,0.258],[0.444,0.089],[0.234,0.457],[0.089,0.69],[0.451,0.434],[0.465,0.46],[0.092,0.247],[0.234,0.256],[0.905,0.455],[0.649,0.455],[0.963,0.434],[0.644,0.683],[0.718,0.669],[0.688,0.752],[0.789,0.257]],"np":6,"gp":6,"pr":0.23076923076923078,"gpr":1.2,"fpr":0.7692307692307693,"reason":"statistic"}