{"avgHealth":0.9785435479434095,"seeds":[[0.451,0.934],[0.681,0.934],[0.451,0.681],[0.68,0.681],[0.935,0.68],[0.936,0.934],[0.45,0.245],[0.449,0.452],[0.679,0.247],[0.244,0.934],[0.247,0.678],[0.689,0.452],[0.086,0.68],[0.462,0.244],[0.67,0.239],[0.678,0.259],[0.69,0.464],[0.68,0.699],[0.936,0.699],[0.43,0.244],[0.906,0.074],[0.225,0.689],[0.713,0.241],[0.925,0.898],[0.727,0.451],[0.909,0.274],[0.727,0.692],[0.915,0.885],[0.892,0.096],[0.757,0.082],[0.933,0.525],[0.666,0.386],[0.235,0.818],[0.345,0.259],[0.117,0.898],[0.745,0.723],[0.884,0.512],[0.113,0.767]],"nseeds":38,"executions":152,"nfe":15700,"gps":[[0.451,0.934],[0.681,0.934],[0.451,0.681],[0.936,0.934],[0.449,0.452],[0.679,0.247],[0.247,0.678]],"lps":[],"fps":[[0.68,0.681],[0.935,0.68],[0.45,0.245],[0.244,0.934],[0.689,0.452],[0.086,0.68],[0.462,0.244],[0.67,0.239],[0.678,0.259],[0.69,0.464],[0.68,0.699],[0.936,0.699],[0.43,0.244],[0.906,0.074],[0.225,0.689],[0.713,0.241],[0.925,0.898],[0.727,0.451],[0.909,0.274],[0.727,0.692],[0.915,0.885],[0.892,0.096],[0.757,0.082],[0.933,0.525],[0.666,0.386],[0.235,0.818],[0.345,0.259],[0.117,0.898],[0.745,0.723],[0.884,0.512],[0.113,0.767]],"np":7,"gp":7,"pr":0.18421052631578946,"gpr":1.4,"fpr":0.8157894736842105,"reason":"statistic"}