{"avgHealth":0.9820748418210044,"seeds":[[0.934,0.247],[0.934,0.08],[0.451,0.247],[0.451,0.08],[0.08,0.08],[0.246,0.08],[0.248,0.684],[0.08,0.447],[0.932,0.676],[0.942,0.686],[0.943,0.447],[0.445,0.458],[0.248,0.695],[0.075,0.693],[0.074,0.671],[0.259,0.68],[0.957,0.247],[0.265,0.247],[0.664,0.436],[0.259,0.066],[0.664,0.658],[0.269,0.67],[0.259,0.713],[0.971,0.261],[0.229,0.901],[0.731,0.674],[0.64,0.66],[0.274,0.713],[0.978,0.708],[0.763,0.693],[0.111,0.653],[0.751,0.653],[0.218,0.509],[0.484,0.514],[0.72,0.525]],"nseeds":35,"executions":192,"nfe":19700,"gps":[[0.934,0.247],[0.934,0.08],[0.451,0.247],[0.451,0.08],[0.08,0.08],[0.08,0.447],[0.932,0.676],[0.445,0.458]],"lps":[],"fps":[[0.246,0.08],[0.248,0.684],[0.942,0.686],[0.943,0.447],[0.248,0.695],[0.075,0.693],[0.074,0.671],[0.259,0.68],[0.957,0.247],[0.265,0.247],[0.664,0.436],[0.259,0.066],[0.664,0.658],[0.269,0.67],[0.259,0.713],[0.971,0.261],[0.229,0.901],[0.731,0.674],[0.64,0.66],[0.274,0.713],[0.978,0.708],[0.763,0.693],[0.111,0.653],[0.751,0.653],[0.218,0.509],[0.484,0.514],[0.72,0.525]],"np":8,"gp":8,"pr":0.22857142857142856,"gpr":1.6,"fpr":0.7714285714285715,"reason":"statistic"}