{"avgHealth":0.9778854143536745,"seeds":[[0.934,0.934],[0.934,0.247],[0.682,0.247],[0.246,0.934],[0.245,0.247],[0.683,0.081],[0.931,0.689],[0.253,0.678],[0.458,0.94],[0.46,0.246],[0.45,0.463],[0.245,0.697],[0.259,0.934],[0.947,0.256],[0.909,0.678],[0.245,0.908],[0.255,0.264],[0.453,0.478],[0.242,0.27],[0.691,0.893],[0.46,0.893],[0.683,0.284],[0.96,0.274],[0.727,0.699],[0.253,0.745],[0.696,1.01],[0.772,0.689],[0.373,0.254],[0.498,0.904],[0.259,0.771],[0.428,0.305],[0.768,0.268],[0.39,0.299],[0.023,0.324],[0.023,0.355]],"nseeds":35,"executions":159,"nfe":16400,"gps":[[0.934,0.934],[0.934,0.247],[0.245,0.247],[0.683,0.081]],"lps":[],"fps":[[0.682,0.247],[0.246,0.934],[0.931,0.689],[0.253,0.678],[0.458,0.94],[0.46,0.246],[0.45,0.463],[0.245,0.697],[0.259,0.934],[0.947,0.256],[0.909,0.678],[0.245,0.908],[0.255,0.264],[0.453,0.478],[0.242,0.27],[0.691,0.893],[0.46,0.893],[0.683,0.284],[0.96,0.274],[0.727,0.699],[0.253,0.745],[0.696,1.01],[0.772,0.689],[0.373,0.254],[0.498,0.904],[0.259,0.771],[0.428,0.305],[0.768,0.268],[0.39,0.299],[0.023,0.324],[0.023,0.355]],"np":4,"gp":4,"pr":0.11428571428571428,"gpr":0.8,"fpr":0.8857142857142857,"reason":"statistic"}