{"avgHealth":0.9744111622897385,"seeds":[[0.934,0.451],[0.934,0.08],[0.681,0.451],[0.934,0.68],[0.681,0.68],[0.449,0.451],[0.934,0.249],[0.678,0.249],[0.684,0.082],[0.446,0.938],[0.684,0.691],[0.248,0.438],[0.949,0.249],[0.673,0.693],[0.934,0.913],[0.94,0.663],[0.262,0.249],[0.686,0.067],[0.258,0.092],[0.258,0.067],[0.227,0.089],[0.468,0.229],[0.222,0.675],[0.074,0.648],[0.453,0.104],[0.222,0.913],[0.222,0.662],[0.447,0.215],[0.481,0.702],[0.281,0.249],[0.204,0.676],[0.453,0.124],[0.452,0.145],[0.456,0.833],[0.348,0.922],[0.183,0.906],[0.651,0.12],[0.124,0.97],[0.498,0.109],[0.891,0.521],[0.397,0.737],[0.523,0.774]],"nseeds":42,"executions":162,"nfe":16700,"gps":[[0.934,0.451],[0.934,0.08],[0.681,0.451],[0.934,0.68],[0.681,0.68],[0.449,0.451],[0.934,0.249]],"lps":[],"fps":[[0.678,0.249],[0.684,0.082],[0.446,0.938],[0.684,0.691],[0.248,0.438],[0.949,0.249],[0.673,0.693],[0.934,0.913],[0.94,0.663],[0.262,0.249],[0.686,0.067],[0.258,0.092],[0.258,0.067],[0.227,0.089],[0.468,0.229],[0.222,0.675],[0.074,0.648],[0.453,0.104],[0.222,0.913],[0.222,0.662],[0.447,0.215],[0.481,0.702],[0.281,0.249],[0.204,0.676],[0.453,0.124],[0.452,0.145],[0.456,0.833],[0.348,0.922],[0.183,0.906],[0.651,0.12],[0.124,0.97],[0.498,0.109],[0.891,0.521],[0.397,0.737],[0.523,0.774]],"np":7,"gp":7,"pr":0.16666666666666666,"gpr":1.4,"fpr":0.8333333333333334,"reason":"statistic"}