{"avgHealth":0.9957912618075588,"seeds":[[0.681,0.451],[0.681,0.681],[0.247,0.451],[0.247,0.681],[0.45,0.246],[0.685,0.246],[0.447,0.681],[0.253,0.246],[0.444,0.238],[0.436,0.249],[0.45,0.433],[0.194,0.248],[0.569,0.233],[0.479,0.815]],"nseeds":14,"executions":119,"nfe":12400,"gps":[[0.681,0.451],[0.681,0.681],[0.247,0.451],[0.247,0.681],[0.685,0.246],[0.447,0.681]],"lps":[],"fps":[[0.45,0.246],[0.253,0.246],[0.444,0.238],[0.436,0.249],[0.45,0.433],[0.194,0.248],[0.569,0.233],[0.479,0.815]],"np":6,"gp":6,"pr":0.42857142857142855,"gpr":1.2,"fpr":0.5714285714285714,"reason":"statistic"}