{"avgHealth":0.9935890190204908,"seeds":[[0.681,0.934],[0.681,0.681],[0.681,0.247],[0.08,0.681],[0.08,0.247],[0.45,0.681],[0.248,0.681],[0.449,0.246],[0.453,0.934],[0.453,0.081],[0.452,0.693],[0.455,0.668],[0.08,0.089],[0.709,0.247],[0.965,0.448],[0.08,0.581],[0.235,0.748],[0.025,0.7],[0.365,1.021]],"nseeds":19,"executions":109,"nfe":11400,"gps":[[0.681,0.934],[0.681,0.681],[0.681,0.247],[0.08,0.681],[0.08,0.247],[0.449,0.246],[0.453,0.934],[0.453,0.081]],"lps":[],"fps":[[0.45,0.681],[0.248,0.681],[0.452,0.693],[0.455,0.668],[0.08,0.089],[0.709,0.247],[0.965,0.448],[0.08,0.581],[0.235,0.748],[0.025,0.7],[0.365,1.021]],"np":8,"gp":8,"pr":0.42105263157894735,"gpr":1.6,"fpr":0.5789473684210527,"reason":"statistic"}