{"avgHealth":487.84892382681596,"seeds":[[0.7,0.503],[0.695,0.098],[0.893,0.5],[0.293,0.901],[0.12,0.308],[0.881,0.682]],"nseeds":6,"executions":34,"nfe":3900,"gps":[[0.7,0.503]],"lps":[],"fps":[[0.695,0.098],[0.893,0.5],[0.293,0.901],[0.12,0.308],[0.881,0.682]],"np":1,"gp":1,"pr":0.16666666666666666,"gpr":0.2,"fpr":0.8333333333333334,"reason":"statistic"}