{"avgHealth":0.9553092210352329,"seeds":[[0.099,0.5],[0.101,0.1],[0.699,0.9],[0.3,0.501],[0.699,0.101],[0.102,0.299],[0.298,0.101],[0.698,0.698],[0.703,0.5],[0.903,0.499],[0.697,0.299],[0.304,0.899],[0.099,0.896],[0.495,0.101],[0.905,0.101],[0.303,0.705],[0.303,0.695],[0.897,0.895],[0.098,0.706],[0.498,0.706],[0.502,0.894],[0.106,0.698],[0.496,0.695],[0.893,0.297],[0.502,0.308],[0.092,0.302],[0.493,0.505],[0.692,0.504],[0.099,0.909],[0.699,0.091],[0.108,0.505],[0.905,0.308],[0.897,0.909],[0.297,0.309],[0.096,0.091],[0.893,0.307],[0.101,0.49],[0.301,0.49],[0.094,0.108],[0.702,0.51],[0.305,0.909],[0.105,0.309],[0.109,0.895],[0.701,0.711],[0.511,0.902],[0.302,0.889],[0.692,0.908],[0.693,0.491],[0.91,0.894],[0.29,0.894],[0.094,0.51],[0.289,0.505],[0.688,0.898],[0.109,0.708],[0.109,0.108],[0.092,0.691],[0.69,0.107],[0.69,0.707],[0.71,0.692],[0.287,0.7],[0.301,0.513],[0.713,0.298],[0.111,0.907],[0.69,0.691],[0.708,0.911],[0.507,0.512],[0.491,0.911],[0.913,0.507],[0.505,0.114],[0.899,0.115],[0.315,0.101],[0.315,0.499],[0.288,0.091],[0.313,0.692],[0.504,0.685],[0.914,0.707],[0.086,0.707],[0.089,0.489],[0.689,0.311],[0.1,0.684],[0.699,0.684],[0.922,0.49],[0.493,0.64],[0.641,0.828]],"nseeds":84,"executions":599,"nfe":60400,"gps":[[0.3,0.501],[0.102,0.299],[0.298,0.101],[0.698,0.698],[0.304,0.899]],"lps":[],"fps":[[0.099,0.5],[0.101,0.1],[0.699,0.9],[0.699,0.101],[0.703,0.5],[0.903,0.499],[0.697,0.299],[0.099,0.896],[0.495,0.101],[0.905,0.101],[0.303,0.705],[0.303,0.695],[0.897,0.895],[0.098,0.706],[0.498,0.706],[0.502,0.894],[0.106,0.698],[0.496,0.695],[0.893,0.297],[0.502,0.308],[0.092,0.302],[0.493,0.505],[0.692,0.504],[0.099,0.909],[0.699,0.091],[0.108,0.505],[0.905,0.308],[0.897,0.909],[0.297,0.309],[0.096,0.091],[0.893,0.307],[0.101,0.49],[0.301,0.49],[0.094,0.108],[0.702,0.51],[0.305,0.909],[0.105,0.309],[0.109,0.895],[0.701,0.711],[0.511,0.902],[0.302,0.889],[0.692,0.908],[0.693,0.491],[0.91,0.894],[0.29,0.894],[0.094,0.51],[0.289,0.505],[0.688,0.898],[0.109,0.708],[0.109,0.108],[0.092,0.691],[0.69,0.107],[0.69,0.707],[0.71,0.692],[0.287,0.7],[0.301,0.513],[0.713,0.298],[0.111,0.907],[0.69,0.691],[0.708,0.911],[0.507,0.512],[0.491,0.911],[0.913,0.507],[0.505,0.114],[0.899,0.115],[0.315,0.101],[0.315,0.499],[0.288,0.091],[0.313,0.692],[0.504,0.685],[0.914,0.707],[0.086,0.707],[0.089,0.489],[0.689,0.311],[0.1,0.684],[0.699,0.684],[0.922,0.49],[0.493,0.64],[0.641,0.828]],"np":5,"gp":5,"pr":0.05952380952380952,"gpr":1,"fpr":0.9404761904761905,"reason":"statistic"}