{"avgHealth":0.4287884920000048,"seeds":[[-0.7000000000000001],[0.7000000000000001],[-0.6],[0.5800000000000001]],"nseeds":4,"executions":2596,"nfe":260100,"gps":[],"lps":[],"fps":[[-0.7000000000000001],[0.7000000000000001],[-0.6],[0.5800000000000001]],"np":0,"gp":0,"pr":0,"fpr":1,"reason":"statistic"}