{"avgHealth":0.42125193200000144,"seeds":[[-0.7000000000000001],[0.7000000000000001],[0.72],[-0.72],[-0.68],[0.68],[-0.74],[0.74],[0.66],[-0.66],[-0.76],[0.76],[-0.64],[0.64],[0.78],[-0.78],[0.62],[-0.62],[-0.8],[0.8],[-0.6],[0.6],[0.8200000000000001],[-0.8200000000000001],[-0.8400000000000001],[0.8400000000000001],[-0.5800000000000001],[0.5800000000000001],[-0.8599999999999999],[0.8599999999999999],[-0.56],[0.56],[1.08],[-0.16]],"nseeds":34,"executions":460,"nfe":46500,"gps":[],"lps":[],"fps":[[-0.7000000000000001],[0.7000000000000001],[0.72],[-0.72],[-0.68],[0.68],[-0.74],[0.74],[0.66],[-0.66],[-0.76],[0.76],[-0.64],[0.64],[0.78],[-0.78],[0.62],[-0.62],[-0.8],[0.8],[-0.6],[0.6],[0.8200000000000001],[-0.8200000000000001],[-0.8400000000000001],[0.8400000000000001],[-0.5800000000000001],[0.5800000000000001],[-0.8599999999999999],[0.8599999999999999],[-0.56],[0.56],[1.08],[-0.16]],"np":0,"gp":0,"pr":0,"fpr":1,"reason":"statistic"}