{"avgHealth":0.42281179000000385,"seeds":[[0.7000000000000001],[-0.7000000000000001],[0.72],[-0.72],[0.68],[-0.68],[-0.74],[0.74],[-0.66],[0.66],[-0.76],[0.76],[0.64],[-0.64],[-0.78],[0.78],[0.62],[-0.62],[0.8],[-0.8],[0.6],[-0.6],[-0.8200000000000001],[0.8200000000000001],[-0.8400000000000001],[0.8400000000000001],[-0.5800000000000001],[0.5800000000000001],[-0.8599999999999999],[1.1400000000000001],[1.26],[-0.24]],"nseeds":32,"executions":493,"nfe":49800,"gps":[],"lps":[],"fps":[[0.7000000000000001],[-0.7000000000000001],[0.72],[-0.72],[0.68],[-0.68],[-0.74],[0.74],[-0.66],[0.66],[-0.76],[0.76],[0.64],[-0.64],[-0.78],[0.78],[0.62],[-0.62],[0.8],[-0.8],[0.6],[-0.6],[-0.8200000000000001],[0.8200000000000001],[-0.8400000000000001],[0.8400000000000001],[-0.5800000000000001],[0.5800000000000001],[-0.8599999999999999],[1.1400000000000001],[1.26],[-0.24]],"np":0,"gp":0,"pr":0,"fpr":1,"reason":"statistic"}