{"avgHealth":0.4160716279999996,"seeds":[[-0.7000000000000001],[0.7000000000000001],[0.72],[-0.72],[0.68],[-0.68],[0.74],[-0.74],[-0.66],[0.66],[0.76],[-0.76],[-0.64],[0.64],[0.78],[-0.78],[0.62],[-0.62],[0.8],[-0.8],[0.6],[-0.6],[0.8200000000000001],[-0.8200000000000001],[0.8400000000000001],[-0.8400000000000001],[-0.5800000000000001],[0.5800000000000001],[0.8599999999999999],[-0.8599999999999999],[0.56],[-0.56],[-0.8799999999999999],[0.8799999999999999],[0.54],[-0.54],[0.8999999999999999],[-0.8999999999999999],[-0.26],[0.02]],"nseeds":40,"executions":430,"nfe":43500,"gps":[],"lps":[],"fps":[[-0.7000000000000001],[0.7000000000000001],[0.72],[-0.72],[0.68],[-0.68],[0.74],[-0.74],[-0.66],[0.66],[0.76],[-0.76],[-0.64],[0.64],[0.78],[-0.78],[0.62],[-0.62],[0.8],[-0.8],[0.6],[-0.6],[0.8200000000000001],[-0.8200000000000001],[0.8400000000000001],[-0.8400000000000001],[-0.5800000000000001],[0.5800000000000001],[0.8599999999999999],[-0.8599999999999999],[0.56],[-0.56],[-0.8799999999999999],[0.8799999999999999],[0.54],[-0.54],[0.8999999999999999],[-0.8999999999999999],[-0.26],[0.02]],"np":0,"gp":0,"pr":0,"fpr":1,"reason":"statistic"}