{"avgHealth":1.6953183885894993,"seeds":[[0.0024999999999999467,0],[0.040999999999999925,0],[0.1014999999999997,0],[0.129,0],[0.17300000000000004,0],[0.7889999999999997,-0.0040000000000000036],[0.778,-0.008000000000000007],[0.778,-0.07200000000000006],[0.2004999999999999,-0.08400000000000007],[0.21150000000000002,-0.256],[0.17300000000000004,0.7200000000000002],[0.6789999999999998,-0.06800000000000006],[0.6789999999999998,-0.1279999999999999],[0.6734999999999998,0.02400000000000002],[0.6679999999999997,0.0040000000000000036],[0.6734999999999998,-0.22399999999999998],[0.6734999999999998,-0.272],[0.2665000000000002,-0.020000000000000018],[0.2004999999999999,0.7679999999999998],[0.6569999999999996,0.0040000000000000036],[0.6734999999999998,-0.4119999999999999],[-1.818,0.6520000000000001],[0.6569999999999996,-0.21599999999999997],[1.9275000000000002,-0.19199999999999995],[0.6459999999999999,0.03200000000000003],[0.6459999999999999,-0.09600000000000009],[-1.6364999999999998,0.13600000000000012],[0.6514999999999995,0.33999999999999986],[0.6404999999999998,0.01200000000000001],[0.6404999999999998,-0.052000000000000046],[0.6404999999999998,-0.06800000000000006],[0.6294999999999997,0],[0.6294999999999997,-0.016000000000000014],[1.779,-1.1400000000000001],[-1.8784999999999998,1.1280000000000001],[0.9264999999999999,-1.288],[1.8944999999999999,1.1320000000000001],[0.6239999999999997,-0.256],[0.6184999999999996,-0.01200000000000001],[0.2004999999999999,0.972],[0.2829999999999999,-0.6000000000000001],[0.9925000000000002,1.2799999999999998],[0.6129999999999995,0.016000000000000014],[1.8175,1.448],[2.6095000000000006,-1.1640000000000001],[0.6129999999999995,0.30799999999999983],[2.8019999999999996,1.1320000000000001],[1.8395000000000001,1.564],[0.6074999999999999,-0.0040000000000000036],[1.9825,1.024],[0.2004999999999999,1.02],[1.9275000000000002,1.504],[1.779,1.6840000000000002],[2.6644999999999994,1.568],[2.8404999999999996,-1.556],[0.6019999999999999,0.016000000000000014],[0.2004999999999999,1.048],[0.6019999999999999,0.3039999999999998],[1.867,-1.8639999999999999],[-1.653,1.6640000000000001],[2.593,1.7120000000000002],[2.032,1.392],[-1.609,1.912],[2.032,1.7639999999999998],[-2.0435,-1.044],[-2.0435,2],[-1.4935,2],[0.5910000000000002,-0.0040000000000000036],[0.5910000000000002,-0.23199999999999998],[-2.39,-1.488],[2.45,1.7040000000000002],[-2.4065,1.2360000000000002],[1.5424999999999995,0.34399999999999986],[0.32699999999999996,-0.0040000000000000036],[0.32699999999999996,-0.268],[-2.423,-1.748],[0.5910000000000002,-0.42399999999999993],[0.3325,-0.03600000000000003],[2.1639999999999997,1.428],[-2.4945,0.8519999999999999],[2.2024999999999997,1.424],[-0.6025,-0.708],[2.1144999999999996,1.072],[-1.1195,1.436],[-1.301,1.7480000000000002],[2.2245,1.2200000000000002],[0.34350000000000014,-0.256],[2.0815,0.30799999999999983],[2.0815,-0.268],[2.0815,-0.19199999999999995],[2.0869999999999997,0.34399999999999986],[0.3490000000000002,-0.30800000000000005],[2.7799999999999994,0.6080000000000001],[2.0869999999999997,0.18800000000000017],[0.3490000000000002,-0.0040000000000000036],[0.3490000000000002,-0.472],[-1.2075,1.536],[0.35450000000000026,-0.07200000000000006],[0.34350000000000014,-0.6319999999999999],[2.1254999999999997,-0.528],[0.36549999999999994,0.30799999999999983],[1.2620000000000005,1.536],[0.3600000000000003,-0.01200000000000001],[2.8294999999999995,-0.528],[0.6129999999999995,0.948],[0.36549999999999994,-0.52],[0.5415000000000001,0.34399999999999986],[2.3015,-0.812],[2.1475,0.504],[0.5415000000000001,-0.516],[2.1475,-0.30000000000000004],[2.2135,-0.6319999999999999],[0.3875000000000002,-0.256],[1.3444999999999996,1.42],[2.1639999999999997,0.24400000000000022],[2.1585,-0.1279999999999999],[0.5250000000000004,0.0040000000000000036],[-0.3054999999999999,-1.016],[2.285,-0.484],[0.41500000000000004,-0.42399999999999993],[2.2245,0.3599999999999999],[0.5140000000000002,-0.020000000000000018],[0.4370000000000003,0.33999999999999986],[2.3345000000000002,0.2160000000000002],[2.2409999999999997,0.2679999999999998],[0.44250000000000034,-0.28800000000000003],[0.42600000000000016,-0.18799999999999994],[0.44250000000000034,-0.248],[0.4535,-0.256],[0.49750000000000005,-0.0040000000000000036],[0.41500000000000004,-0.0040000000000000036],[0.4865000000000004,-0.008000000000000007],[0.4810000000000003,0.016000000000000014],[0.44250000000000034,0.04800000000000004],[0.4700000000000002,0.008000000000000007],[0.44250000000000034,0.016000000000000014],[0.4590000000000001,0.016000000000000014],[0.4480000000000004,-0.01200000000000001],[0.4480000000000004,0.0040000000000000036]],"nseeds":139,"executions":592,"nfe":59700,"gps":[[0.0024999999999999467,0]],"lps":[],