{"avgHealth":1.772359166290291,"seeds":[[0.0024999999999999467,0],[0.013500000000000068,0],[-0.01399999999999979,0],[0.03000000000000025,0],[0.046499999999999986,0],[0.08499999999999996,0],[0.09050000000000002,0.052000000000000046],[0.1014999999999997,0],[0.9100000000000001,0],[0.9100000000000001,-0.04400000000000004],[-0.9544999999999999,0],[-0.9435000000000002,0.09200000000000008],[-0.9435000000000002,0.3919999999999999],[0.9045000000000001,0.492],[0.9485000000000001,-0.48],[-0.1955,0.2400000000000002],[-0.8280000000000001,0.5960000000000001],[-0.25050000000000017,-0.31200000000000006],[-1.8235000000000001,0.45599999999999996],[-1.8235000000000001,0.484],[-1.818,0.7000000000000002],[1.7845000000000004,0.7280000000000002],[-1.9224999999999999,-0.10000000000000009],[0.8715000000000002,1.076],[-1.818,0.7440000000000002],[0.9264999999999999,-1.096],[-1.609,0.028000000000000025],[-1.62,0.4039999999999999],[1.8285,-1.1280000000000001],[-1.719,-1.124],[-1.884,1.1920000000000002],[-1.862,1.2360000000000002],[1.9825,-0.3440000000000001],[1.6745,-0.992],[1.9329999999999998,1.2759999999999998],[2.9065000000000003,1.464],[1.7240000000000002,-1.3479999999999999],[2.5875000000000004,1.1920000000000002],[1.9329999999999998,1.3239999999999998],[0.8054999999999999,1.2999999999999998],[-1.928,-1.452],[1.5700000000000003,0.33599999999999985],[1.0255,-1.672],[-1.9060000000000001,1.6520000000000001],[2.9725,-1.676],[-1.5485000000000002,-0.09200000000000008],[2.0374999999999996,1.388],[1.6029999999999998,-1.812],[-1.554,1.96],[2.4610000000000003,2],[0.5910000000000002,-0.08400000000000007],[2.043,-0.6759999999999999],[-2.3955,1.3159999999999998],[0.6074999999999999,-0.6160000000000001],[2.0649999999999995,1.568],[2.043,-0.31200000000000006],[-2.1645,1.6480000000000001],[2.3950000000000005,-1.1400000000000001],[-1.532,0.17600000000000016],[2.1144999999999996,-1.224],[1.2070000000000003,1.7160000000000002],[-1.565,-1.456],[-2.3955,-0.988],[0.2665000000000002,-1.668],[-1.4055,1.7160000000000002],[-1.554,-1.12],[2.1034999999999995,-0.6000000000000001],[-0.5530000000000002,-0.1120000000000001],[-0.23399999999999999,1.1560000000000001],[1.4215,1.528],[2.7855,-0.31200000000000006],[1.1960000000000002,1.3399999999999999],[-2.1205,0.17200000000000015],[2.3125,0.7160000000000002],[2.351,0.6080000000000001],[2.3070000000000004,-0.6759999999999999],[1.4489999999999998,-1.312],[-0.5255000000000001,0.2200000000000002],[2.2904999999999998,-0.6160000000000001],[2.2465,-0.6160000000000001],[2.1475,-0.04800000000000004],[-1.29,0.2599999999999998],[-2.192,0.3839999999999999],[2.1529999999999996,0.05600000000000005],[2.3895,0.2559999999999998],[2.2465,-0.492],[2.2904999999999998,0.476],[1.2730000000000001,1.1480000000000001],[-2.159,0.020000000000000018],[-1.279,-1.12],[-1.3065,0.2559999999999998],[-2.214,0.3639999999999999],[0.5085000000000002,0.15600000000000014],[-2.214,0.34799999999999986],[2.9559999999999995,0.35199999999999987],[2.2190000000000003,-0.3520000000000001],[-2.17,0.04400000000000004],[-2.214,0.31199999999999983],[-2.28,0.4039999999999999],[-2.2635,0.3919999999999999],[2.2355,0.35199999999999987],[0.5085000000000002,0.05600000000000005],[0.4865000000000004,0.31599999999999984],[-2.1755,-0.020000000000000018],[-2.2415,0.33199999999999985],[-2.1755,-0.008000000000000007],[-2.181,0.052000000000000046],[-2.181,-0.03600000000000003],[-1.3835,0.3039999999999998],[-2.2635,0.30799999999999983],[-2.1865,-0.008000000000000007],[-2.1865,0.0040000000000000036],[-2.313,-0.22399999999999998],[2.2135,-0.1200000000000001],[-2.203,0.052000000000000046],[-2.269,-0.21999999999999997],[-2.203,-0.01200000000000001],[-2.203,0.0040000000000000036],[-2.2085,-0.028000000000000025],[-2.2195,0],[-2.258,-0.09200000000000008],[-2.2525,-0.05600000000000005],[2.2904999999999998,0.03200000000000003],[-2.269,-0.03600000000000003],[-2.28,-0.03200000000000003],[-2.302,0],[-2.291,-0.0040000000000000036],[-2.28,-0.0040000000000000036]],"nseeds":128,"executions":587,"nfe":59200,"gps":[[0.0024999999999999467,0]],"lps":[],"fps":[[0.013500000000000068,0],[-0.01399999999999979,0],[0.03000000000000025,0],[0.046499999999999986,0],[0.08499999999999996,0],[0.09050000000000002,0.052000000000000046],[0.1014999999999997,0],[0.9100000000000001,0],[0.9100000000000001,-0.04400000000000004],[-0.9544999999999999,0],[-0.9435000000000002,0.09200000000000008],[-0.9435000000000002,0.3919999999999999],[0.9045000000000001,0.492],[0.9485000000000001,-0.48],[-0.1955,0.2400000000000002],[-0.8280000000000001,0.5960000000000001],[-0.25050000000000017,-0.31200000000000006],[-1.8235000000000001,0.45599999999999996],[-1.8235000000000001,0.484],[-1.818,0.7000000000000002],[1.7845000000000004,0.7280000000000002],[-1.9224999999999999,-0.10000000000000009],[0.8715000000000002,1.076],[-1.818,0.7440000000000002],[0.9264999999999999,-1.096],[-1.609,0.028000000000000025],[-1.62,0.4039999999999999],[1.8285,-1.1280000000000001],[-1.719,-1.124],[-1.884,1.1920000000000002],[-1.862,1.2360000000000002],[1.9825,-0.3440000000000001],[1.6745,-0.992],[1.9329999999999998,1.2759999999999998],[2.9065000000000003,1.464],[1.7240000000000002,-1.3479999999999999],[2.5875000000000004,1.1920000000000002],[1.9329999999999998,1.3239999999999998],[0.8054999999999999,1.2999999999999998],[-1.928,-1.452],[1.5700000000000003,0.33599999999999985],[1.0255,-1.672],[-1.9060000000000001,1.6520000000000001],[2.9725,-1.676],[-1.5485000000000002,-0.09200000000000008],[2.0374999999999996,1.388],[1.6029999999999998,-1.812],[-1.554,1.96],[2.4610000000000003,2],[0.5910000000000002,-0.08400000000000007],[2.043,-0.6759999999999999],[-2.3955,1.3159999999999998],[0.6074999999999999,-0.6160000000000001],[2.0649999999999995,1.568],[2.043,-0.31200000000000006],[-2.1645,1.6480000000000001],[2.3950000000000005,-1.1400000000000001],[-1.532,0.17600000000000016],[2.1144999999999996,-1.224],[1.2070000000000003,1.7160000000000002],[-1.565,-1.456],[-2.3955,-0.988],[0.2665000000000002,-1.668],[-1.4055,1.7160000000000002],[-1.554,-1.12],[2.1034999999999995,-0.6000000000000001],[-0.5530000000000002,-0.1120000000000001],[-0.23399999999999999,1.1560000000000001],[1.4215,1.528],[2.7855,-0.31200000000000006],[1.1960000000000002,1.3399999999999999],[-2.1205,0.17200000000000015],[2.3125,0.7160000000000002],[2.351,0.6080000000000001],[2.3070000000000004,-0.6759999999999999],[1.4489999999999998,-1.312],[-0.5255000000000001,0.2200000000000002],[2.2904999999999998,-0.6160000000000001],[2.2465,-0.6160000000000001],[2.1475,-0.04800000000000004],[-1.29,0.2599999999999998],[-2.192,0.3839999999999999],[2.1529999999999996,0.05600000000000005],[2.3895,0.2559999999999998],[2.2465,-0.492],[2.2904999999999998,0.476],[1.2730000000000001,1.1480000000000001],[-2.159,0.020000000000000018],[-1.279,-1.12],[-1.3065,0.2559999999999998],[-2.214,0.3639999999999999],[0.5085000000000002,0.15600000000000014],[-2.214,0.34799999999999986],[2.9559999999999995,0.35199999999999987],[2.2190000000000003,-0.3520000000000001],[-2.17,0.04400000000000004],[-2.214,0.31199999999999983],[-2.28,0.4039999999999999],[-2.2635,0.3919999999999999],[2.2355,0.35199999999999987],[0.5085000000000002,0.05600000000000005],[0.4865000000000004,0.31599999999999984],[-2.1755,-0.020000000000000018],[-2.2415,0.33199999999999985],[-2.1755,-0.008000000000000007],[-2.181,0.052000000000000046],[-2.181,-0.03600000000000003],[-1.3835,0.3039999999999998],[-2.2635,0.30799999999999983],[-2.1865,-0.008000000000000007],[-2.1865,0.0040000000000000036],[-2.313,-0.22399999999999998],[2.2135,-0.1200000000000001],[-2.203,0.052000000000000046],[-2.269,-0.21999999999999997],[-2.203,-0.01200000000000001],[-2.203,0.0040000000000000036],[-2.2085,-0.028000000000000025],[-2.2195,0],[-2.258,-0.09200000000000008],[-2.2525,-0.05600000000000005],[2.2904999999999998,0.03200000000000003],[-2.269,-0.03600000000000003],[-2.28,-0.03200000000000003],[-2.302,0],[-2.291,-0.0040000000000000036],[-2.28,-0.0040000000000000036]],"np":1,"gp":1,"pr":0.0078125,"gpr":1,"lp":0,"lpr":0,"fpr":0.9921875,