{"avgHealth":1.7968275924700303,"seeds":[[0.0024999999999999467,0],[0.0024999999999999467,0.016000000000000014],[0.0024999999999999467,0.028000000000000025],[-0.0030000000000001137,0.09200000000000008],[-0.0030000000000001137,0.2559999999999998],[0.09600000000000009,0],[0.09600000000000009,0.01200000000000001],[0.09600000000000009,0.028000000000000025],[0.16749999999999998,0],[0.17300000000000004,0.01200000000000001],[0.1785000000000001,0],[1.0145,0.08400000000000007],[1.0145,0.476],[-1.8895,-0.0040000000000000036],[0.6514999999999995,0.03600000000000003],[-1.895,0.43999999999999995],[0.27749999999999986,0],[1.7845000000000004,-0.796],[0.6404999999999998,0.20000000000000018],[0.6349999999999998,0.008000000000000007],[1.8615000000000004,0.9239999999999999],[1.6195000000000004,-0.19599999999999995],[0.6294999999999997,-0.01200000000000001],[0.6294999999999997,0.020000000000000018],[1.7569999999999997,-1.064],[1.1520000000000001,-0.3999999999999999],[0.6294999999999997,0.2559999999999998],[0.6239999999999997,0],[-1.1360000000000001,0.6720000000000002],[-1.884,-1.1],[0.6239999999999997,-0.08400000000000007],[0.6239999999999997,-0.10000000000000009],[1.7845000000000004,1.1960000000000002],[1.6085000000000003,0.46399999999999997],[1.944,0.8319999999999999],[0.6459999999999999,0.5880000000000001],[0.6239999999999997,-0.21999999999999997],[1.7845000000000004,-1.236],[0.9375,-1.3239999999999998],[1.1630000000000003,-0.5],[1.9825,-0.6080000000000001],[1.9275000000000002,1.1960000000000002],[2.934,-1.3239999999999998],[-0.9764999999999999,-1.3239999999999998],[2.9559999999999995,1.2759999999999998],[1.79,-1.5],[1.9935,-0.6439999999999999],[0.6074999999999999,0],[1.5865,-0.6399999999999999],[0.7835000000000001,-1.708],[1.8780000000000001,-1.676],[1.0365000000000002,-1.284],[-1.0259999999999998,-1.3319999999999999],[3,-1.58],[-1.5594999999999999,0.03200000000000003],[2.6535,-1.62],[1.9989999999999997,1.2000000000000002],[2.934,-1.084],[2.7634999999999996,-0.988],[2.0045,-1.3279999999999998],[-2.478,-1.196],[-1.158,-0.8160000000000001],[-1.9555,1.7879999999999998],[-1.6145,1.088],[-2.038,1.92],[1.8725000000000005,2],[-2.3955,2],[-1.9445000000000001,2],[2.197,-1.98],[2.175,-1.944],[-2.071,-1.604],[-0.5805000000000002,-1.888],[2.0759999999999996,-1.3],[-2.3295,1.896],[-1.334,-1.88],[1.5149999999999997,1.7719999999999998],[-2.3625,-1.228],[-1.1415,-1.056],[-2.4395,-0.992],[1.5259999999999998,0.12400000000000011],[2.3235,1.1880000000000002],[2.1475,1.1600000000000001],[-0.5805000000000002,-0.6120000000000001],[-1.147,-1.196],[0.3490000000000002,0.2559999999999998],[0.3490000000000002,0.2400000000000002],[-1.5430000000000001,-1.1600000000000001],[2.516,0.52],[0.3490000000000002,0.01200000000000001],[0.5635000000000003,0.06800000000000006],[1.5259999999999998,-1.036],[-1.3725,1.6360000000000001],[-1.521,1.064],[0.35450000000000026,-0.020000000000000018],[0.35450000000000026,-0.0040000000000000036],[0.3600000000000003,0.3839999999999999],[0.3600000000000003,-0.08400000000000007],[0.3600000000000003,0.052000000000000046],[0.371,-0.28400000000000003],[0.36549999999999994,0.01200000000000001],[-0.41549999999999976,1.6520000000000001],[0.371,-0.052000000000000046],[2.1805000000000003,0.552],[2.1475,-0.256],[0.3875000000000002,-0.30800000000000005],[0.3875000000000002,-0.26],[0.5305000000000004,0.028000000000000025],[0.5305000000000004,0.016000000000000014],[1.4269999999999996,-0.48],[0.4095,0.2599999999999998],[0.4095,0.5840000000000001],[1.3775,-0.5],[1.383,-0.472],[0.4865000000000004,0.34799999999999986],[0.4535,0.43999999999999995],[0.4370000000000003,0.2599999999999998],[0.46450000000000014,0.14400000000000013],[0.4590000000000001,-0.10000000000000009],[0.4480000000000004,0.06000000000000005],[0.4480000000000004,0.028000000000000025],[0.46450000000000014,-0.020000000000000018],[0.44250000000000034,0],[0.4480000000000004,0.01200000000000001],[0.46450000000000014,-0.0040000000000000036],[0.4535,-0.0040000000000000036]],"nseeds":125,"executions":510,"nfe":51500,"gps":[[0.0024999999999999467,0]],"lps":[],"fps":[[0.0024999999999999467,0.016000000000000014],[0.0024999999999999467,0.028000000000000025],[-0.0030000000000001137,0.09200000000000008],[-0.0030000000000001137,0.2559999999999998],[0.09600000000000009,0],[0.09600000000000009,0.01200000000000001],[0.09600000000000009,0.028000000000000025],[0.16749999999999998,0],[0.17300000000000004,0.01200000000000001],[0.1785000000000001,0],[1.0145,0.08400000000000007],[1.0145,0.476],[-1.8895,-0.0040000000000000036],[0.6514999999999995,0.03600000000000003],[-1.895,0.43999999999999995],[0.27749999999999986,0],[1.7845000000000004,-0.796],[0.6404999999999998,0.20000000000000018],[0.6349999999999998,0.008000000000000007],[1.8615000000000004,0.9239999999999999],[1.6195000000000004,-0.19599999999999995],[0.6294999999999997,-0.01200000000000001],[0.6294999999999997,0.020000000000000018],[1.7569999999999997,-1.064],[1.1520000000000001,-0.3999999999999999],[0.6294999999999997,0.2559999999999998],[0.6239999999999997,0],[-1.1360000000000001,0.6720000000000002],[-1.884,-1.1],[0.6239999999999997,-0.08400000000000007],[0.6239999999999997,-0.10000000000000009],[1.7845000000000004,1.1960000000000002],[1.6085000000000003,0.46399999999999997],[1.944,0.8319999999999999],[0.6459999999999999,0.5880000000000001],[0.6239999999999997,-0.21999999999999997],[1.7845000000000004,-1.236],[0.9375,-1.3239999999999998],[1.1630000000000003,-0.5],[1.9825,-0.6080000000000001],[1.9275000000000002,1.1960000000000002],[2.934,-1.3239999999999998],[-0.9764999999999999,-1.3239999999999998],[2.9559999999999995,1.2759999999999998],[1.79,-1.5],[1.9935,-0.6439999999999999],[0.6074999999999999,0],[1.5865,-0.6399999999999999],[0.7835000000000001,-1.708],[1.8780000000000001,-1.676],[1.0365000000000002,-1.284],[-1.0259999999999998,-1.3319999999999999],[3,-1.58],[-1.5594999999999999,0.03200000000000003],[2.6535,-1.62],[1.9989999999999997,1.2000000000000002],[2.934,-1.084],[2.7634999999999996,-0.988],[2.0045,-1.3279999999999998],[-2.478,-1.196],[-1.158,-0.8160000000000001],[-1.9555,1.7879999999999998],[-1.6145,1.088],[-2.038,1.92],[1.8725000000000005,2],[-2.3955,2],[-1.9445000000000001,2],[2.197,-1.98],[2.175,-1.944],[-2.071,-1.604],[-0.5805000000000002,-1.888],[2.0759999999999996,-1.3],[-2.3295,1.896],[-1.334,-1.88],[1.5149999999999997,1.7719999999999998],[-2.3625,-1.228],[-1.1415,-1.056],[-2.4395,-0.992],[1.5259999999999998,0.12400000000000011],[2.3235,1.1880000000000002],[2.1475,1.1600000000000001],[-0.5805000000000002,-0.6120000000000001],[-1.147,-1.196],[0.3490000000000002,0.2559999999999998],[0.3490000000000002,0.2400000000000002],[-1.5430000000000001,-1.1600000000000001],[2.516,0.52],[0.3490000000000002,0.01200000000000001],[0.5635000000000003,0.06800000000000006],[1.5259999999999998,-1.036],[-1.3725,1.6360000000000001],[-1.521,1.064],[0.35450000000000026,-0.020000000000000018],[0.35450000000000026,-0.0040000000000000036],[0.3600000000000003,0.3839999999999999],[0.3600000000000003,-0.08400000000000007],[0.3600000000000003,0.052000000000000046],[0.371,-0.28400000000000003],[0.36549999999999994,0.01200000000000001],[-0.41549999999999976,1.6520000000000001],[0.371,-0.052000000000000046],[2.1805000000000003,0.552],[2.1475,-0.256],[0.3875000000000002,-0.30800000000000005],[0.3875000000000002,-0.26],[0.5305000000000004,0.028000000000000025],[0.5305000000000004,0.016000000000000014],[1.4269999999999996,-0.48],[0.4095,0.2599999999999998],[0.4095,0.5840000000000001],[1.3775,-0.5],[1.383,-0.472],[0.4865000000000004,0.34799999999999986],[0.4535,0.43999999999999995],[0.4370000000000003,0.2599999999999998],[0.46450000000000014,0.14400000000000013],[0.4590000000000001,-0.10000000000000009],[0.4480000000000004,0.06000000000000005],[0.4480000000000004,0.028000000000000025],[0.46450000000000014,-0.020000000000000018],[0.44250000000000034,0],[0.4480000000000004,0.01200000000000001],[0.46450000000000014,-0.0040000000000000036],[0.4535,-0.0040000000000000036]],"np":1,"gp":1,"pr":0.008,"gpr":1,