{"avgHealth":1.7044523472552067,"seeds":[[0.0024999999999999467,0],[0.013500000000000068,0],[-0.00849999999999973,-0.16399999999999992],[-0.17900000000000027,0.0040000000000000036],[0.21150000000000002,-0.008000000000000007],[0.21150000000000002,0.020000000000000018],[0.21150000000000002,0.05600000000000005],[1.0695000000000001,0.08800000000000008],[0.7614999999999998,-0.524],[-0.817,0.7120000000000002],[1.0420000000000003,-0.552],[-1.015,0.6800000000000002],[1.0420000000000003,-0.5680000000000001],[-1.015,-0.724],[-0.25050000000000017,0.0040000000000000036],[0.6679999999999997,0.0040000000000000036],[0.2610000000000001,-0.008000000000000007],[0.2665000000000002,0.0040000000000000036],[0.6569999999999996,-0.0040000000000000036],[0.6569999999999996,-0.08800000000000008],[-1.6695,-0.30400000000000005],[0.6789999999999998,-0.524],[1.8230000000000004,-0.74],[0.27749999999999986,-0.0040000000000000036],[1.6855000000000002,-0.556],[-1.939,-0.0040000000000000036],[-1.7080000000000002,0.7480000000000002],[-1.7245,0.8119999999999998],[0.2829999999999999,-0.07200000000000006],[0.2829999999999999,-0.08800000000000008],[1.0420000000000003,-0.976],[0.6569999999999996,-0.492],[1.6085000000000003,0.09200000000000008],[0.6294999999999997,0],[-1.8345,-1.092],[0.6239999999999997,0.016000000000000014],[0.6239999999999997,0.07200000000000006],[-0.9160000000000001,1.2919999999999998],[-1.9555,0.7679999999999998],[1.8835000000000006,1.2519999999999998],[0.30500000000000016,0],[2.6864999999999997,1.3359999999999999],[2.7634999999999996,1.3399999999999999],[0.30500000000000016,-0.08000000000000007],[0.6129999999999995,0.020000000000000018],[-1.6035,0.6680000000000001],[1.6580000000000004,-1.028],[2.912,1.468],[-1.8565,-1.52],[-1.6804999999999999,1.2040000000000002],[0.6074999999999999,0],[0.3105000000000002,-0.1319999999999999],[-1.851,-1.6280000000000001],[-1.565,-0.28],[0.6019999999999999,-0.12400000000000011],[-2.456,1.4],[-2.0105,-1.3319999999999999],[1.9989999999999997,1.492],[-2.027,-1.252],[-2.445,-1.508],[-2.016,1.544],[-1.1745,1.948],[1.3004999999999995,1.984],[2.6260000000000003,1.948],[1.0915,1.564],[2.1805000000000003,1.8159999999999998],[2.197,-1.388],[0.5745000000000005,0.01200000000000001],[-1.5594999999999999,1.2959999999999998],[0.5690000000000004,-0.21199999999999997],[-1.158,1.512],[0.5690000000000004,0.07200000000000006],[-1.356,1.6920000000000002],[-1.5430000000000001,-1.3519999999999999],[-1.1965000000000001,-0.9319999999999999],[2.2299999999999995,-1.092],[-0.3054999999999999,1.6640000000000001],[2.6425,-0.016000000000000014],[2.6864999999999997,-0.0040000000000000036],[2.7855,-0.512],[2.989,0.7440000000000002],[2.7359999999999998,-0.256],[0.5525000000000002,-0.21999999999999997],[0.3600000000000003,0.06000000000000005],[-1.5045000000000002,-1.068],[-1.3725,-1.572],[2.9450000000000003,0.6800000000000002],[2.7799999999999994,0.33999999999999986],[-2.3845,0.6840000000000002],[-2.4945,-0.0040000000000000036],[2.4005,-0.5720000000000001],[2.175,-0.6359999999999999],[2.769,0.03200000000000003],[-2.4835,0.0040000000000000036],[3,-0.6240000000000001],[2.8129999999999997,-0.21999999999999997],[-2.456,-0.06400000000000006],[1.4434999999999998,0.6960000000000002],[-2.4615,0],[2.8019999999999996,-0.06400000000000006],[3,-0.5680000000000001],[2.8075,0.016000000000000014],[2.8129999999999997,0],[2.824,-0.08000000000000007],[2.8294999999999995,-0.09600000000000009],[2.824,0.052000000000000046],[2.824,-0.03600000000000003],[2.8294999999999995,-0.0040000000000000036],[0.5030000000000001,0.33199999999999985],[2.8845,0.2120000000000002],[2.8680000000000003,-0.1319999999999999],[2.846,0],[3,-0.43999999999999995],[2.8735,0.07200000000000006],[-1.2955,1.1760000000000002],[3,0.34399999999999986],[0.2885,1.1520000000000001],[3,0.30799999999999983],[-2.1865,0.0040000000000000036],[2.9725,-0.21999999999999997],[3,-0.21999999999999997],[2.923,-0.01200000000000001],[3,-0.1319999999999999],[-2.247,0.08800000000000008],[3,0.10400000000000009],[3,-0.10000000000000009],[3,-0.08800000000000008],[3,0.07200000000000006],[3,-0.06400000000000006],[3,0.052000000000000046],[3,-0.04400000000000004],[-2.247,-0.008000000000000007],[3,-0.008000000000000007]],"nseeds":133,"executions":630,"nfe":63500,"gps":[[0.0024999999999999467,0]],"lps":[],