{"avgHealth":1.7080170899787266,"seeds":[[0.0024999999999999467,0],[-0.01399999999999979,0],[-0.0030000000000001137,0.09200000000000008],[0.0024999999999999467,-0.20799999999999996],[0.11249999999999982,0],[0.16199999999999992,0],[0.13999999999999968,0.2559999999999998],[0.1785000000000001,0],[0.0024999999999999467,0.8159999999999998],[0.0024999999999999467,0.8599999999999999],[-0.03600000000000003,0.8519999999999999],[-0.03600000000000003,0.8759999999999999],[0.16199999999999992,0.7320000000000002],[0.13999999999999968,0.8159999999999998],[0.13999999999999968,0.8319999999999999],[0.16749999999999998,-0.768],[0.13999999999999968,0.8519999999999999],[-0.03600000000000003,1.024],[0.1785000000000001,0.7679999999999998],[0.16749999999999998,0.8319999999999999],[0.129,0.9359999999999999],[0.16199999999999992,0.8599999999999999],[0.7449999999999997,0.7759999999999998],[0.25550000000000006,-0.28800000000000003],[0.6624999999999996,-0.0040000000000000036],[-0.883,1.02],[0.7119999999999997,-0.6719999999999999],[0.7174999999999998,0.7040000000000002],[0.6569999999999996,-0.020000000000000018],[0.17300000000000004,0.8839999999999999],[0.6569999999999996,-0.1200000000000001],[0.7119999999999997,-0.728],[0.27200000000000024,-0.19599999999999995],[0.23349999999999982,-0.6759999999999999],[0.6459999999999999,0.040000000000000036],[0.8054999999999999,1.032],[-1.048,-0.9159999999999999],[0.14549999999999974,1.012],[0.16199999999999992,-0.972],[0.27749999999999986,0.20000000000000018],[-1.048,-0.9319999999999999],[0.7174999999999998,-0.8360000000000001],[0.7999999999999998,1.056],[0.7174999999999998,-0.8480000000000001],[-0.16800000000000015,0.984],[0.7284999999999999,0.8959999999999999],[0.6459999999999999,0.4159999999999999],[-1.6695,0.7719999999999998],[0.16199999999999992,1.024],[0.6294999999999997,-0.01200000000000001],[-1.851,-1.064],[0.6294999999999997,-0.20399999999999996],[0.6294999999999997,0.2120000000000002],[0.6184999999999996,-0.01200000000000001],[0.18400000000000016,1.016],[2.6535,-1.3239999999999998],[2.6535,-1.248],[0.6294999999999997,-0.524],[-1.873,1.396],[-0.8720000000000001,1.7519999999999998],[1.7955000000000005,1.516],[1.7240000000000002,1.376],[0.6404999999999998,0.6920000000000002],[0.6074999999999999,-0.21599999999999997],[0.6184999999999996,-0.544],[0.6239999999999997,0.6080000000000001],[-1.9885000000000002,1.2000000000000002],[2.835,-1.056],[-1.6804999999999999,-1.552],[-1.994,1.38],[0.6019999999999999,0.31599999999999984],[-1.763,-1.848],[0.6404999999999998,0.7719999999999998],[-2.478,1.1880000000000002],[-1.0975,-1.848],[-1.939,-1.788],[2.0264999999999995,-0.9039999999999999],[1.7679999999999998,-1.928],[1.9825,1.7839999999999998],[2.0264999999999995,1.452],[-1.642,-1.3639999999999999],[0.6294999999999997,0.7519999999999998],[-1.84,-1.98],[-1.103,-1.6520000000000001],[-1.7574999999999998,2],[0.25550000000000006,-0.8959999999999999],[0.5910000000000002,-0.06800000000000006],[2.4335000000000004,-1.1600000000000001],[2.0815,1.884],[-2.4945,1.8399999999999999],[2.8404999999999996,1.924],[2.2904999999999998,1.944],[2.8514999999999997,1.904],[0.6129999999999995,0.7120000000000002],[-2.3185000000000002,1.7679999999999998],[2.3235,-1.508],[2.098,1.2400000000000002],[2.109,-1.268],[2.3015,-1.4],[2.1254999999999997,1.3159999999999998],[2.12,1.2480000000000002],[-1.4605,1.7559999999999998],[0.5800000000000001,0.09200000000000008],[0.5800000000000001,-0.020000000000000018],[0.6129999999999995,0.7599999999999998],[-0.2889999999999997,0.8319999999999999],[0.5745000000000005,-0.252],[0.6239999999999997,0.8519999999999999],[-1.4605,-1.6560000000000001],[1.5424999999999995,-1.064],[-1.5430000000000001,1.1760000000000002],[0.5635000000000003,0.2799999999999998],[0.3490000000000002,0.09200000000000008],[0.5635000000000003,-0.512],[0.35450000000000026,0],[2.186,-0.8799999999999999],[0.5690000000000004,0.6920000000000002],[0.3600000000000003,-0.020000000000000018],[0.5580000000000003,-0.6479999999999999],[0.5745000000000005,0.7719999999999998],[2.208,0.7240000000000002],[0.37650000000000006,-0.244],[-1.3725,1.492],[0.3490000000000002,0.7679999999999998],[0.5580000000000003,0.7719999999999998],[1.4215,1.3639999999999999],[0.3875000000000002,0.2200000000000002],[2.3125,-0.5920000000000001],[0.39300000000000024,0.4159999999999999],[2.34,0.496],[0.36549999999999994,0.7599999999999998],[1.4324999999999997,1.112],[0.3985000000000003,-0.15999999999999992],[0.3820000000000001,-0.708],[0.39300000000000024,-0.016000000000000014],[2.2465,-0.43999999999999995],[0.41500000000000004,-0.5],[0.41500000000000004,0.2959999999999998],[0.49750000000000005,0.6040000000000001],[0.49750000000000005,-0.6279999999999999],[0.47550000000000026,-0.5],[0.4865000000000004,0.2559999999999998],[0.35450000000000026,0.8839999999999999],[0.3325,-0.968],[0.4810000000000003,-0.6000000000000001],[0.3875000000000002,0.7639999999999998],[0.4590000000000001,-0.536],[0.35450000000000026,0.8959999999999999],[0.3820000000000001,-0.796],[0.4590000000000001,0.5640000000000001],[0.4810000000000003,0.2200000000000002],[0.5250000000000004,0.8279999999999998],[0.46450000000000014,-0.256],[0.4865000000000004,-0.1279999999999999],[0.4865000000000004,0.1080000000000001],[0.4590000000000001,-0.6399999999999999],[0.4480000000000004,0.2200000000000002],[0.46450000000000014,-0.17199999999999993],[0.492,0.008000000000000007],[0.46450000000000014,0.6920000000000002],[0.46450000000000014,-0.1279999999999999],[0.4810000000000003,0.028000000000000025],[0.46450000000000014,0.04400000000000004],[0.4480000000000004,0]],"nseeds":164,"executions":1945,"nfe":195000,"gps":[[0.0024999999999999467,0]],"lps":[],