{"avgHealth":1.709646276945763,"seeds":[[0.0024999999999999467,0],[-0.0030000000000001137,-0.016000000000000014],[-0.03600000000000003,0],[0.046499999999999986,0],[-0.04700000000000015,0],[0.7504999999999997,0],[0.7504999999999997,-0.016000000000000014],[-0.74,0],[-0.74,-0.016000000000000014],[0.7119999999999997,0.028000000000000025],[0.7064999999999997,-0.008000000000000007],[0.7064999999999997,-0.03600000000000003],[-0.7015,0],[0.6955,-0.0040000000000000036],[1.7955000000000005,0.016000000000000014],[-0.6849999999999998,-0.01200000000000001],[-0.23950000000000005,0.2240000000000002],[1.7955000000000005,-0.09200000000000008],[-0.25050000000000017,-0.040000000000000036],[1.8505000000000003,0],[1.8450000000000006,0.10400000000000009],[0.6734999999999998,-0.0040000000000000036],[1.8064999999999998,0.41999999999999993],[0.8384999999999998,0.96],[0.6624999999999996,0.0040000000000000036],[0.6624999999999996,0.02400000000000002],[1.0034999999999998,-0.9319999999999999],[-0.6575,0],[1.6524999999999999,-0.1120000000000001],[1.6304999999999996,-0.07600000000000007],[-1.8235000000000001,-0.8680000000000001],[-1.1195,0.6040000000000001],[1.1520000000000001,0.03600000000000003],[-0.8555000000000001,-1.1520000000000001],[0.6349999999999998,-0.016000000000000014],[0.6349999999999998,0.016000000000000014],[1.9275000000000002,0.6120000000000001],[0.8824999999999998,-1.204],[0.6294999999999997,0],[0.6294999999999997,0.028000000000000025],[1.8559999999999999,-1.076],[0.6239999999999997,-0.016000000000000014],[1.7845000000000004,1.1920000000000002],[1.8450000000000006,1.3079999999999998],[1.9165,-1.1520000000000001],[0.9925000000000002,1.2679999999999998],[2.6754999999999995,-1.376],[1.9000000000000004,-1.284],[-1.84,1.396],[-0.9929999999999999,1.2959999999999998],[2.6095000000000006,-1.3399999999999999],[2.6754999999999995,1.44],[2.7139999999999995,-1.464],[0.9375,1.516],[1.7735000000000003,1.516],[2.6315,1.112],[2.681,-1.528],[1.9220000000000006,-1.452],[-1.8675,-1.588],[0.8220000000000001,1.58],[1.5644999999999998,0.008000000000000007],[1.6524999999999999,-1.1400000000000001],[2.8514999999999997,1.1],[2.6864999999999997,-1.004],[2.8404999999999996,1.576],[1.8615000000000004,-1.72],[2.5215000000000005,-1.488],[0.6019999999999999,0.016000000000000014],[0.6019999999999999,0.1120000000000001],[1.7625000000000002,1.8079999999999998],[1.7515,-1.856],[-1.5924999999999998,0.8839999999999999],[-2.0215,1.036],[1.9714999999999998,-1.74],[2.032,-0.1120000000000001],[2.4775,1.58],[2.7305,1.7559999999999998],[-2.0435,-1.04],[1.5590000000000002,1.98],[-2.4725,2],[-2.0545,2],[2.3950000000000005,1.468],[-2.0545,-1.608],[-2.0875,-1.604],[-1.5924999999999998,-1.544],[0.5855000000000001,-0.008000000000000007],[2.2190000000000003,1.6960000000000002],[2.6315,-0.692],[2.285,-1.496],[-0.542,-1.824],[2.3345000000000002,-1.276],[-1.576,-1.512],[1.5259999999999998,-0.0040000000000000036],[-2.379,1.072],[-1.1195,-1.256],[-1.466,1.6640000000000001],[-0.3660000000000001,-0.536],[-0.3660000000000001,0.03200000000000003],[0.371,0.14400000000000013],[-0.5365000000000002,-0.5],[1.4655,-0.268],[1.4655,0.016000000000000014],[1.2839999999999998,-0.07600000000000007],[-0.399,0.19600000000000017],[1.2894999999999999,-0.10000000000000009],[1.2839999999999998,-0.008000000000000007],[1.2839999999999998,0.0040000000000000036],[-0.39349999999999996,0.6520000000000001],[-0.5310000000000001,-0.772],[1.3059999999999996,0.18000000000000016],[-0.4045000000000001,-0.1319999999999999],[-0.41549999999999976,0.2360000000000002],[-0.48150000000000004,-0.24],[1.4049999999999998,0.18400000000000016],[-0.4375,0.2919999999999998],[-0.41000000000000014,0.052000000000000046],[1.3059999999999996,0.01200000000000001],[-0.4209999999999998,0.14400000000000013],[1.3664999999999998,-0.268],[1.4215,-0.0040000000000000036],[-0.4540000000000002,-0.26],[1.3114999999999997,-0.020000000000000018],[1.416,0.028000000000000025],[1.3609999999999998,0.2240000000000002],[-0.41549999999999976,0.03200000000000003],[-0.41549999999999976,-0.02400000000000002],[1.383,0.18000000000000016],[-0.45950000000000024,-0.6639999999999999],[1.4104999999999999,-0.028000000000000025],[1.4104999999999999,-0.008000000000000007],[1.4049999999999998,0.028000000000000025],[1.3279999999999998,-0.0040000000000000036],[1.3335,-0.016000000000000014],[1.3719999999999999,0.028000000000000025],[1.3609999999999998,0.02400000000000002],[1.3775,-0.008000000000000007],[1.3609999999999998,-0.016000000000000014],[1.3609999999999998,-0.0040000000000000036]],"nseeds":138,"executions":668,"nfe":67300,"gps":[[0.0024999999999999467,0]],"lps":[],