{"avgHealth":0.999999777692739,"seeds":[[-2.08,-2.08],[-2.08,5.300000000000001],[5.300000000000001,-2.08]],"nseeds":3,"executions":4221,"nfe":422600,"gps":[],"lps":[],"fps":[[-2.08,-2.08],[-2.08,5.300000000000001],[5.300000000000001,-2.08]],"np":0,"gp":0,"pr":0,"gpr":0,"fpr":1,"reason":"statistic"}