{"avgHealth":0.9982421426426797,"seeds":[[-2.08,-2.08],[-2.58,-2.08],[-0.019999999999999574,-2.08]],"nseeds":3,"executions":4223,"nfe":422800,"gps":[],"lps":[],"fps":[[-2.08,-2.08],[-2.58,-2.08],[-0.019999999999999574,-2.08]],"np":0,"gp":0,"pr":0,"gpr":0,"fpr":1,"reason":"statistic"}