{"avgHealth":0.9971431748986125,"seeds":[[-2.08,-2.08],[3.040000000000001,-2.08],[-2.08,-4.64]],"nseeds":3,"executions":4414,"nfe":441900,"gps":[],"lps":[],"fps":[[-2.08,-2.08],[3.040000000000001,-2.08],[-2.08,-4.64]],"np":0,"gp":0,"pr":0,"gpr":0,"fpr":1,"reason":"statistic"}