{"avgHealth":0.9999995994109634,"seeds":[[-2.08,-2.08],[-2.08,5.300000000000001],[-2.08,-2.0599999999999996]],"nseeds":3,"executions":4368,"nfe":437300,"gps":[],"lps":[],"fps":[[-2.08,-2.08],[-2.08,5.300000000000001],[-2.08,-2.0599999999999996]],"np":0,"gp":0,"pr":0,"gpr":0,"fpr":1,"reason":"statistic"}