{"avgHealth":0.9999998580033093,"seeds":[[-2.08,-2.08],[5.300000000000001,-2.08],[-2.08,5.300000000000001]],"nseeds":3,"executions":3935,"nfe":394000,"gps":[],"lps":[],"fps":[[-2.08,-2.08],[5.300000000000001,-2.08],[-2.08,5.300000000000001]],"np":0,"gp":0,"pr":0,"gpr":0,"fpr":1,"reason":"statistic"}