{"avgHealth":0.9999995599276981,"seeds":[[-2.08,-2.08],[-2.08,5.280000000000001],[-2.08,-2.0599999999999996]],"nseeds":3,"executions":3958,"nfe":396300,"gps":[],"lps":[],"fps":[[-2.08,-2.08],[-2.08,5.280000000000001],[-2.08,-2.0599999999999996]],"np":0,"gp":0,"pr":0,"gpr":0,"fpr":1,"reason":"statistic"}