{"avgHealth":0.9999921803536549,"seeds":[[-2.08,-2.08],[5.300000000000001,-2.08],[5.1,-2.08]],"nseeds":3,"executions":4429,"nfe":443400,"gps":[],"lps":[],"fps":[[-2.08,-2.08],[5.300000000000001,-2.08],[5.1,-2.08]],"np":0,"gp":0,"pr":0,"gpr":0,"fpr":1,"reason":"statistic"}