{"avgHealth":0.9982421426426797,"seeds":[[-2.08,-2.08],[-2.08,-2.58],[-2.08,-0.019999999999999574]],"nseeds":3,"executions":3598,"nfe":360300,"gps":[],"lps":[],"fps":[[-2.08,-2.08],[-2.08,-2.58],[-2.08,-0.019999999999999574]],"np":0,"gp":0,"pr":0,"gpr":0,"fpr":1,"reason":"statistic"}