{"avgHealth":0.9984232183486486,"seeds":[[-2.08,-2.08],[-2.08,-2.0599999999999996],[-2.08,-0.019999999999999574]],"nseeds":3,"executions":5146,"nfe":515100,"gps":[],"lps":[],"fps":[[-2.08,-2.08],[-2.08,-2.0599999999999996],[-2.08,-0.019999999999999574]],"np":0,"gp":0,"pr":0,"gpr":0,"fpr":1,"reason":"statistic"}