{"avgHealth":0.9999921408703897,"seeds":[[-2.08,-2.08],[5.280000000000001,-2.08],[-2.08,5.1]],"nseeds":3,"executions":4230,"nfe":423500,"gps":[],"lps":[],"fps":[[-2.08,-2.08],[5.280000000000001,-2.08],[-2.08,5.1]],"np":0,"gp":0,"pr":0,"gpr":0,"fpr":1,"reason":"statistic"}