{"avgHealth":0.6873184644764434,"seeds":[[3.141592653589793,3.141592653589793],[3.141592653589793,3.1290262829754347],[3.141592653589793,3.1164599123610746],[3.1164599123610746,3.141592653589793],[3.0661944299036374,3.1290262829754347],[3.141592653589793,2.8023006470020952],[3.141592653589793,2.789734276387737],[2.839999758845172,2.8023006470020952],[2.839999758845172,2.789734276387737],[2.7771679057733767,2.7771679057733767],[3.141592653589793,2.324778563656448],[3.141592653589793,2.2870794518133692],[2.839999758845172,2.2870794518133692],[3.141592653589793,2.2242475987415737],[3.1164599123610746,2.2242475987415737],[3.141592653589793,2.035752039526187],[2.3373449342708064,2.3373449342708064],[3.1164599123610746,2.035752039526187],[2.3373449342708064,2.186548486898497],[4.410796085640069,2.3373449342708064],[2.953097094374405,1.6587609210954106],[0.9801769079200149,4.938583651443155],[5.076813728201106,5.49150395847496],[1.068141502220529,5.6046012940041905],[5.617167664618549,5.403539364174446],[0.46495571273128977,5.101946469429825],[1.5205308443374594,5.855928706291374],[0.46495571273128977,5.805663223833937],[0.5780530482605224,6.006725153663684],[0.5277875658030853,6.031857894892402],[1.5582299561805373,0.13823007675795118],[5.127079210658543,-0.21362830044410597],[-0.3267256359733386,5.00141550451495],[0.691150383789755,-0.1884955592153874],[-0.27646015351590236,5.504070329089316],[-0.27646015351590236,5.717698629533423],[0.08796459430051407,6.283185307179586],[-0.30159289474462003,5.881061447520093],[-0.7162831250184727,1.5205308443374594],[-0.23876104167282453,-0.012566370614359279],[5.7553977413765,-0.6785840131753949],[-0.9299114254625787,5.039114616358029],[-0.389557489045135,6.207787083493431],[-0.4523893421169296,-0.08796459430051407],[-1.0681415022205298,5.290442028645213],[0.8042477193189868,-1.0178760197630936],[5.956459671206247,-0.8042477193189868],[5.529203070318035,-1.030442390377452],[-1.156106096521044,5.139645581272902],[-0.4649557127312889,-0.2638937829015431],[6.157521601035995,-0.8042477193189868],[5.579468552775472,-1.332035285122072],[-1.7341591447815663,4.611858015469815],[-1.0555751316061706,-0.28902652413026164],[-0.7414158662471912,-0.7539822368615505],[-1.5582299561805373,4.800353574685204],[-2.148849375055418,1.7467255153959247],[-1.244070690821558,-0.33929200658769787],[-0.8922123136195017,-0.8042477193189868],[-1.0430087609918113,-0.6911503837897541],[4.285132379496478,-2.4253095285713204],[-1.2566370614359172,-0.816814089933346],[-1.0807078728348891,-1.030442390377452],[-1.4074335088082268,-0.9550441666912972],[-1.8221237390820804,-1.6838936623241292],[-3.9207076316800618,2.0483184101405456],[-2.199114857512855,-2.111150263212341],[4.5364597917836615,-4.54902616239802],[-4.762654462842127,5.152211951887262],[0.7916813487046275,-4.838052686528282],[1.2943361732789942,-4.976282763286232],[-1.7969909978533618,-3.6442474781641603],[-4.775220833456485,0.47752208334564905],[0.5277875658030853,-4.737521721613408],[1.156106096521044,-5.1773446931159794],[-4.913450910214436,6.283185307179586],[-5.365840252331367,1.1309733552923253],[1.419999879422586,-5.453804846631881],[1.0178760197630927,-5.46637121724624],[-2.010619298297467,-4.084070449666731],[1.4702653618800232,-5.5669021821611135],[-5.076813728201106,-0.47752208334564816],[0.7288494956328329,-5.579468552775473],[-0.07539822368615479,-5.353273881717008],[-1.6838936623241292,-4.373096973796992],[-5.076813728201106,-0.7162831250184727],[-4.7877872040708445,-1.2315043202071987],[-1.1686724671354032,-4.926017280828796],[-4.737521721613408,-1.2566370614359172],[-5.893627818134452,1.4451326206513047],[-2.2116812281272145,-4.435928826868788],[-2.664070570244145,-4.373096973796992],[0.40212385965949426,-6.031857894892402],[-1.545663585566178,-4.900884539600077],[-5.981592412434966,-0.050265482457437116],[-0.7162831250184727,-5.906194188748811],[0.15079644737231046,-6.258052565950868],[-5.9941587830493255,-0.728849495632832],[-1.3697343969651499,-5.805663223833938],[-1.281769802664635,-5.881061447520093],[-3.443185548334413,-4.624424386084176],[-5.353273881717008,-4.838052686528282],[-5.202477434344697,-5.340707511102648],[-4.863185427756999,-5.981592412434966],[-5.868495076905734,-4.134335932124168],[-4.071504079052373,-5.881061447520093],[-6.031857894892402,-3.367787324648258],[-5.730265000147782,-3.719645701850315],[-2.6389378290154264,-6.283185307179586],[-3.933274002294421,-5.00141550451495],[-2.940530723760046,-5.7805304826052195],[-3.9709731141374984,-4.775220833456485],[-3.694512960621597,-4.913450910214436],[-2.0860175219836226,-5.943893300591888],[-5.101946469429824,-2.8399997588451726],[-5.403539364174444,-2.2116812281272145],[-5.16477832250162,-2.475575011028757],[-1.6461945504810513,-5.1773446931159794],[-5.026548245743669,-1.7341591447815663],[-4.636990756698535,-0.7665486074759098],[2.060884780754904,-5.5669021821611135],[-1.3697343969651499,-4.259999638267759],[-4.310265120725196,-1.118406984677967],[-1.118406984677967,-4.121769561509809],[1.6084954386379744,-4.812919945299563],[-0.8922123136195017,-4.172035043967245],[0.4523893421169305,-4.611858015469816],[-1.419999879422586,-3.5814156250923643],[-0.7162831250184727,-4.0589377084380125],[5.679999517690346,-4.385663344411351],[-0.6911503837897541,-3.7699111843077517],[-4.297698750110837,5.076813728201106],[-1.0681415022205298,-3.34265458341954],[-3.6065483663210824,-0.6660176425610365],[5.7302650001477815,-4.071504079052373],[-0.2638937829015431,-3.2169908772759483],[5.629734035232909,4.71238898038469],[-0.8670795723907831,-1.809557368467721],[-0.7916813487046275,-1.6838936623241292],[-1.6587609210954106,-0.6660176425610365],[5.692565888304705,-1.9100883333825944],[2.023185668911827,-1.3194689145077128],[1.935221074611313,1.5205308443374594],[2.8525661294595324,0.41469023027385266],[3.0787608005179976,0.41469023027385266],[3.141592653589793,0.5152211951887269],[3.2421236185046673,4.724955350999048],[2.3499113048851665,1.4953981031087418],[2.3373449342708064,1.457698991265664],[3.1164599123610746,1.5330972149518187],[3.1541590242041515,1.5330972149518187],[3.141592653589793,1.5330972149518187],[2.324778563656448,1.1812388377497616],[2.3373449342708064,1.1812388377497616],[2.3373449342708064,1.1938052083641209],[2.3373449342708064,1.2315043202071987],[3.1541590242041515,1.4828317324943825],[2.839999758845172,1.1812388377497616],[2.839999758845172,1.1938052083641209],[2.8525661294595324,1.2189379495928394],[2.839999758845172,1.2315043202071987],[3.1164599123610746,1.1686724671354023],[3.141592653589793,1.1686724671354023],[3.0661944299036374,1.1812388377497616],[3.1164599123610746,1.1812388377497616],[3.141592653589793,1.1812388377497616]],"nseeds":166,"executions":1489,"nfe":149400,"gps":[],"lps":[],