{"avgHealth":2.999036272738497,"seeds":[[559.2,-417.6,0],[559.2,-284.4,0],[600,164.39999999999998,0],[600,-120,0],[-132,-417.6,0],[-40.799999999999955,600,0],[600,600,0],[-442.79999999999995,164.39999999999998,0],[559.2,-346.8,0],[559.2,-417.6,-10.799999999999955],[559.2,-417.6,10.799999999999955]],"nseeds":11,"executions":875,"nfe":88000,"gps":[],"lps":[],"fps":[[559.2,-417.6,0],[559.2,-284.4,0],[600,164.39999999999998,0],[600,-120,0],[-132,-417.6,0],[-40.799999999999955,600,0],[600,600,0],[-442.79999999999995,164.39999999999998,0],[559.2,-346.8,0],[559.2,-417.6,-10.799999999999955],[559.2,-417.6,10.799999999999955]],"np":0,"gp":0,"pr":0,"gpr":0,"fpr":1,"reason":"statistic"}