{"avgHealth":2.999697718156044,"seeds":[[-279.59999999999997,208.80000000000007,0],[-559.2,-328.8,0],[-559.2,328.80000000000007,0],[-559.2,-462,0],[-238.8,-328.8,0],[-238.8,328.80000000000007,0],[600,208.80000000000007,0],[320.4,-328.8,0],[320.4,328.80000000000007,0],[-238.8,-462,0],[132,-462,0],[-477.6,-328.8,0],[-477.6,-462,0],[-279.59999999999997,208.80000000000007,10.799999999999955]],"nseeds":14,"executions":983,"nfe":98800,"gps":[],"lps":[],"fps":[[-279.59999999999997,208.80000000000007,0],[-559.2,-328.8,0],[-559.2,328.80000000000007,0],[-559.2,-462,0],[-238.8,-328.8,0],[-238.8,328.80000000000007,0],[600,208.80000000000007,0],[320.4,-328.8,0],[320.4,328.80000000000007,0],[-238.8,-462,0],[132,-462,0],[-477.6,-328.8,0],[-477.6,-462,0],[-279.59999999999997,208.80000000000007,10.799999999999955]],"np":0,"gp":0,"pr":0,"gpr":0,"fpr":1,"reason":"statistic"}