{"avgHealth":2.9969470939380627,"seeds":[[600,75.59999999999991,0],[600,-75.60000000000002,0],[-452.4,-177.60000000000002,0],[-304.8,75.59999999999991,0],[427.20000000000005,-177.60000000000002,0],[-25.200000000000045,-177.60000000000002,0],[-452.4,346.80000000000007,0]],"nseeds":7,"executions":1088,"nfe":109300,"gps":[],"lps":[],"fps":[[600,75.59999999999991,0],[600,-75.60000000000002,0],[-452.4,-177.60000000000002,0],[-304.8,75.59999999999991,0],[427.20000000000005,-177.60000000000002,0],[-25.200000000000045,-177.60000000000002,0],[-452.4,346.80000000000007,0]],"np":0,"gp":0,"pr":0,"gpr":0,"fpr":1,"reason":"statistic"}