{"avgHealth":2.9374414647238507,"seeds":[[-279.59999999999997,-284.4,6],[-279.59999999999997,-284.4,-6],[600,-284.4,-6],[600,-284.4,6],[-254.40000000000003,-284.4,-6],[-254.40000000000003,-284.4,6],[-279.59999999999997,195.60000000000002,-6],[-279.59999999999997,195.60000000000002,6],[600,195.60000000000002,-6],[600,195.60000000000002,6],[436.79999999999995,-284.4,-6],[436.79999999999995,-284.4,6],[436.79999999999995,195.60000000000002,6],[132,600,-6],[132,600,6],[584.4000000000001,600,-6],[584.4000000000001,600,6],[-254.40000000000003,-399.6,6]],"nseeds":18,"executions":826,"nfe":83100,"gps":[],"lps":[],"fps":[[-279.59999999999997,-284.4,6],[-279.59999999999997,-284.4,-6],[600,-284.4,-6],[600,-284.4,6],[-254.40000000000003,-284.4,-6],[-254.40000000000003,-284.4,6],[-279.59999999999997,195.60000000000002,-6],[-279.59999999999997,195.60000000000002,6],[600,195.60000000000002,-6],[600,195.60000000000002,6],[436.79999999999995,-284.4,-6],[436.79999999999995,-284.4,6],[436.79999999999995,195.60000000000002,6],[132,600,-6],[132,600,6],[584.4000000000001,600,-6],[584.4000000000001,600,6],[-254.40000000000003,-399.6,6]],"np":0,"gp":0,"pr":0,"gpr":0,"fpr":1,"reason":"statistic"}