{"avgHealth":2.999499946508019,"seeds":[[0,0,0],[0,417.6,0],[238.79999999999995,0,0],[0,284.4,0],[600,-493.2,0],[238.79999999999995,284.4,0],[518.4000000000001,-448.8,0],[600,-448.8,0],[402,0,0],[6,417.6,0]],"nseeds":10,"executions":654,"nfe":65900,"gps":[],"lps":[],"fps":[[0,0,0],[0,417.6,0],[238.79999999999995,0,0],[0,284.4,0],[600,-493.2,0],[238.79999999999995,284.4,0],[518.4000000000001,-448.8,0],[600,-448.8,0],[402,0,0],[6,417.6,0]],"np":0,"gp":0,"pr":0,"gpr":0,"fpr":1,"reason":"statistic"}