{"avgHealth":2.998590517536383,"seeds":[[452.4000000000001,-88.80000000000001,0],[-172.8,448.79999999999995,0],[452.4000000000001,595.2,0],[-56.39999999999998,-88.80000000000001,0],[-56.39999999999998,595.2,0],[-56.39999999999998,-310.8,0],[452.4000000000001,-88.80000000000001,10.799999999999955]],"nseeds":7,"executions":761,"nfe":76600,"gps":[],"lps":[],"fps":[[452.4000000000001,-88.80000000000001,0],[-172.8,448.79999999999995,0],[452.4000000000001,595.2,0],[-56.39999999999998,-88.80000000000001,0],[-56.39999999999998,595.2,0],[-56.39999999999998,-310.8,0],[452.4000000000001,-88.80000000000001,10.799999999999955]],"np":0,"gp":0,"pr":0,"gpr":0,"fpr":1,"reason":"statistic"}