{"avgHealth":2.9791260171476237,"seeds":[[106.79999999999995,-284.4,0],[40.80000000000007,253.19999999999993,0],[600,253.19999999999993,0],[-263.99999999999994,-284.4,0],[568.8,253.19999999999993,0],[-263.99999999999994,-302.4,0],[106.79999999999995,582,6],[600,417.6,6],[40.80000000000007,462,6]],"nseeds":9,"executions":1062,"nfe":106700,"gps":[],"lps":[],"fps":[[106.79999999999995,-284.4,0],[40.80000000000007,253.19999999999993,0],[600,253.19999999999993,0],[-263.99999999999994,-284.4,0],[568.8,253.19999999999993,0],[-263.99999999999994,-302.4,0],[106.79999999999995,582,6],[600,417.6,6],[40.80000000000007,462,6]],"np":0,"gp":0,"pr":0,"gpr":0,"fpr":1,"reason":"statistic"}