{"avgHealth":2.9958848154584268,"seeds":[[386.4,-537.6,0],[40.80000000000007,-537.6,0],[600,-537.6,0],[386.4,297.6,0],[40.80000000000007,297.6,0],[-304.8,-537.6,0],[106.79999999999995,-595.2,0],[106.79999999999995,-106.80000000000001,0],[-295.2,-595.2,0],[-402,-595.2,0],[-304.8,600,0],[106.79999999999995,258,0],[106.79999999999995,-120,6],[106.79999999999995,-120,-6],[386.4,568.8,6]],"nseeds":15,"executions":1032,"nfe":103700,"gps":[],"lps":[],"fps":[[386.4,-537.6,0],[40.80000000000007,-537.6,0],[600,-537.6,0],[386.4,297.6,0],[40.80000000000007,297.6,0],[-304.8,-537.6,0],[106.79999999999995,-595.2,0],[106.79999999999995,-106.80000000000001,0],[-295.2,-595.2,0],[-402,-595.2,0],[-304.8,600,0],[106.79999999999995,258,0],[106.79999999999995,-120,6],[106.79999999999995,-120,-6],[386.4,568.8,6]],"np":0,"gp":0,"pr":0,"gpr":0,"fpr":1,"reason":"statistic"}