{"avgHealth":2.998786323511215,"seeds":[[559.2,0,0],[345.6,0,0],[-493.2,75.59999999999991,0],[600,75.59999999999991,0],[-493.2,31.200000000000045,0],[-147.60000000000002,31.200000000000045,0],[-198,75.59999999999991,0],[600,-13.200000000000045,0],[559.2,-480,0],[600,57.60000000000002,0],[-157.2,0,0],[-157.2,373.20000000000005,0],[-198,57.60000000000002,0],[-198,102,0],[-157.2,-480,0],[-182.40000000000003,-480,0],[-204,102,0],[559.2,0,10.799999999999955]],"nseeds":18,"executions":670,"nfe":67500,"gps":[],"lps":[],"fps":[[559.2,0,0],[345.6,0,0],[-493.2,75.59999999999991,0],[600,75.59999999999991,0],[-493.2,31.200000000000045,0],[-147.60000000000002,31.200000000000045,0],[-198,75.59999999999991,0],[600,-13.200000000000045,0],[559.2,-480,0],[600,57.60000000000002,0],[-157.2,0,0],[-157.2,373.20000000000005,0],[-198,57.60000000000002,0],[-198,102,0],[-157.2,-480,0],[-182.40000000000003,-480,0],[-204,102,0],[559.2,0,10.799999999999955]],"np":0,"gp":0,"pr":0,"gpr":0,"fpr":1,"reason":"statistic"}