{"avgHealth":2.990557399813399,"seeds":[[452.4000000000001,373.20000000000005,0],[452.4000000000001,-151.2,0],[600,102,0],[436.79999999999995,386.4,0],[452.4000000000001,18,0],[452.4000000000001,355.20000000000005,0],[436.79999999999995,102,0],[452.4000000000001,-159.60000000000002,0],[452.4000000000001,373.20000000000005,10.799999999999955],[452.4000000000001,373.20000000000005,-10.799999999999955],[-75.60000000000002,18,0],[-72,386.4,0],[600,102,-10.799999999999955],[600,102,10.799999999999955],[-178.8,386.4,0],[436.79999999999995,386.4,10.799999999999955],[436.79999999999995,386.4,-10.799999999999955],[-178.8,102,0],[436.79999999999995,102,10.799999999999955],[-75.60000000000002,373.20000000000005,-10.799999999999955],[-72,466.79999999999995,0],[-75.60000000000002,-391.20000000000005,-10.799999999999955],[-75.60000000000002,18,-10.799999999999955],[-75.60000000000002,18,10.799999999999955],[-178.8,102,10.799999999999955],[-100.80000000000001,102,15.600000000000023],[-72,471.5999999999999,-4.7999999999999545]],"nseeds":27,"executions":931,"nfe":93600,"gps":[],"lps":[],"fps":[[452.4000000000001,373.20000000000005,0],[452.4000000000001,-151.2,0],[600,102,0],[436.79999999999995,386.4,0],[452.4000000000001,18,0],[452.4000000000001,355.20000000000005,0],[436.79999999999995,102,0],[452.4000000000001,-159.60000000000002,0],[452.4000000000001,373.20000000000005,10.799999999999955],[452.4000000000001,373.20000000000005,-10.799999999999955],[-75.60000000000002,18,0],[-72,386.4,0],[600,102,-10.799999999999955],[600,102,10.799999999999955],[-178.8,386.4,0],[436.79999999999995,386.4,10.799999999999955],[436.79999999999995,386.4,-10.799999999999955],[-178.8,102,0],[436.79999999999995,102,10.799999999999955],[-75.60000000000002,373.20000000000005,-10.799999999999955],[-72,466.79999999999995,0],[-75.60000000000002,-391.20000000000005,-10.799999999999955],[-75.60000000000002,18,-10.799999999999955],[-75.60000000000002,18,10.799999999999955],[-178.8,102,10.799999999999955],[-100.80000000000001,102,15.600000000000023],[-72,471.5999999999999,-4.7999999999999545]],"np":0,"gp":0,"pr":0,"gpr":0,"fpr":1,"reason":"statistic"}