{"avgHealth":1.7714322995180827,"seeds":[[0.0024999999999999467,0],[-0.00849999999999973,0],[0.0024999999999999467,0.01200000000000001],[0.0024999999999999467,-0.01200000000000001],[0.013500000000000068,0],[-0.00849999999999973,-0.01200000000000001],[-0.00849999999999973,0.01200000000000001],[0.0024999999999999467,0.02400000000000002],[0.0024999999999999467,-0.02400000000000002],[-0.01949999999999985,0],[0.013500000000000068,0.01200000000000001],[0.013500000000000068,-0.020000000000000018],[-0.00849999999999973,0.028000000000000025],[0.0024999999999999467,0.03600000000000003],[0.0024999999999999467,-0.03600000000000003],[-0.01949999999999985,0.01200000000000001],[0.02450000000000019,0.0040000000000000036],[-0.01949999999999985,-0.016000000000000014],[0.013500000000000068,-0.03200000000000003],[0.0024999999999999467,-0.04800000000000004],[-0.00849999999999973,-0.04400000000000004],[0.0024999999999999467,0.052000000000000046],[0.02450000000000019,-0.020000000000000018],[-0.01949999999999985,0.03200000000000003],[0.03550000000000031,0],[-0.02499999999999991,-0.03200000000000003],[-0.03600000000000003,-0.0040000000000000036],[-0.03600000000000003,0.008000000000000007],[0.03550000000000031,0.01200000000000001],[0.0024999999999999467,-0.07600000000000007],[0.03550000000000031,-0.016000000000000014],[0.0024999999999999467,0.08000000000000007],[0.013500000000000068,-0.06800000000000006],[-0.03600000000000003,0.02400000000000002],[-0.00849999999999973,0.08000000000000007],[-0.0030000000000001137,0.09200000000000008],[0.013500000000000068,0.08400000000000007],[-0.03600000000000003,-0.040000000000000036],[-0.03600000000000003,0.04800000000000004],[0.013500000000000068,0.10000000000000009],[0.052000000000000046,0],[0.046499999999999986,0.028000000000000025],[0.046499999999999986,-0.03200000000000003],[-0.0030000000000001137,0.1280000000000001],[0.052000000000000046,-0.016000000000000014],[-0.01399999999999979,0.1200000000000001],[0.0024999999999999467,0.14000000000000012],[0.0024999999999999467,-0.15599999999999992],[-0.0030000000000001137,0.17200000000000015],[-0.01399999999999979,0.17200000000000015],[-0.02499999999999991,-0.16399999999999992],[0.0024999999999999467,-0.20799999999999996],[-0.07450000000000001,-0.008000000000000007],[-0.07450000000000001,0.01200000000000001],[0.07400000000000029,-0.016000000000000014],[0.0024999999999999467,-0.21999999999999997],[-0.01399999999999979,-0.22799999999999998],[0.07400000000000029,-0.04800000000000004],[0.019000000000000128,-0.22799999999999998],[-0.0030000000000001137,-0.256],[-0.08000000000000007,0.028000000000000025],[-0.08000000000000007,-0.03200000000000003],[-0.01399999999999979,0.2519999999999998],[0.02450000000000019,-0.244],[0.09050000000000002,0.008000000000000007],[0.09050000000000002,-0.008000000000000007],[-0.08000000000000007,-0.08000000000000007],[-0.00849999999999973,-0.29600000000000004],[-0.00849999999999973,0.3039999999999998],[0.0024999999999999467,-0.31200000000000006],[0.09600000000000009,-0.028000000000000025],[0.1014999999999997,-0.008000000000000007],[0.1014999999999997,0.03600000000000003],[0.0024999999999999467,-0.3999999999999999],[-0.0030000000000001137,-0.4119999999999999],[0.12349999999999994,0],[-0.0030000000000001137,-0.46799999999999997],[0.008000000000000007,-0.46799999999999997],[-0.0030000000000001137,-0.484],[-0.0030000000000001137,-0.5],[0.05750000000000011,-0.46799999999999997],[0.14549999999999974,0.01200000000000001],[0.14549999999999974,-0.02400000000000002],[-0.08000000000000007,-0.46399999999999997],[0.1509999999999998,0],[-0.01949999999999985,0.6040000000000001],[0.8879999999999999,0],[0.8935,0.01200000000000001],[0.9100000000000001,0],[0.8935,-0.020000000000000018],[0.8824999999999998,-0.020000000000000018],[0.9100000000000001,0.016000000000000014],[0.9100000000000001,-0.016000000000000014],[0.9100000000000001,-0.03600000000000003],[0.9319999999999999,0],[0.9430000000000001,0],[0.9319999999999999,-0.03600000000000003],[0.9375,0.02400000000000002],[-0.9215000000000002,0.09600000000000009],[0.9045000000000001,0.14000000000000012],[0.9595000000000002,-0.020000000000000018],[0.9649999999999999,0.01200000000000001],[0.8879999999999999,-0.22799999999999998],[0.0024999999999999467,0.7120000000000002],[0.976,0.016000000000000014],[0.976,-0.03200000000000003],[-0.8005,-0.016000000000000014],[0.15649999999999986,-0.244],[-0.9819999999999998,-0.0040000000000000036],[-0.8005,-0.028000000000000025],[-0.9819999999999998,0.01200000000000001],[-0.7949999999999999,0],[0.1785000000000001,0.052000000000000046],[0.9430000000000001,-0.264],[0.18400000000000016,-0.008000000000000007],[-0.784,0.016000000000000014],[0.18400000000000016,0.08000000000000007],[-0.7675000000000001,-0.008000000000000007],[-0.7675000000000001,0.01200000000000001],[0.8935,-0.5],[0.9319999999999999,-0.46799999999999997],[0.16199999999999992,-0.46799999999999997],[-0.0030000000000001137,-0.8520000000000001],[0.9815,-0.46799999999999997],[-0.0030000000000001137,-0.8919999999999999],[-1.0534999999999999,0.09200000000000008],[0.7174999999999998,-0.0040000000000000036],[0.22250000000000014,-0.040000000000000036],[0.18949999999999978,-0.508],[0.7064999999999997,0.10000000000000009],[0.0024999999999999467,-0.996],[1.7845000000000004,0],[1.7735000000000003,-0.0040000000000000036],[1.779,0.01200000000000001],[1.8120000000000003,0],[1.7625000000000002,-0.03200000000000003],[-1.752,0.02400000000000002],[1.7460000000000004,0.01200000000000001],[0.7009999999999996,0.3879999999999999],[-0.2560000000000002,0.016000000000000014],[-1.675,0.016000000000000014],[-1.675,0.03200000000000003],[0.6624999999999996,0.0040000000000000036],[-0.00849999999999973,1.108],[-0.2615000000000003,0.16000000000000014],[0.0024999999999999467,-1.116],[-0.2669999999999999,-0.020000000000000018],[0.6569999999999996,0.016000000000000014],[1.6799999999999997,-0.32000000000000006],[0.27200000000000024,0],[0.27200000000000024,-0.028000000000000025],[0.9264999999999999,-1.06],[0.9264999999999999,-1.072],[0.6459999999999999,0.016000000000000014],[-1.147,-0.0040000000000000036],[-1.004,-1.056],[0.9870000000000001,1.108],[-1.609,-0.008000000000000007],[-1.609,0.08000000000000007],[0.09050000000000002,-1.1720000000000002],[0.6294999999999997,-0.008000000000000007],[0.6294999999999997,0.01200000000000001],[0.09050000000000002,-1.1840000000000002],[0.6239999999999997,-0.020000000000000018],[0.019000000000000128,1.6720000000000002],[0.0024999999999999467,1.3279999999999998],[-0.03049999999999997,1.6880000000000002],[-0.01399999999999979,1.3279999999999998],[0.6184999999999996,0.0040000000000000036],[2.6260000000000003,1.3279999999999998],[2.6260000000000003,1.384],[1.9329999999999998,1.2639999999999998],[2.659,-1.088],[2.659,-1.076],[-1.994,0.992],[1.5644999999999998,-0.0040000000000000036],[-1.884,1.6560000000000001],[1.5644999999999998,-0.23199999999999998],[0.3105000000000002,-0.3759999999999999],[2.9284999999999997,1.092],[-0.3165,-0.008000000000000007],[-1.6145,-0.992],[-2.027,-0.028000000000000025],[-1.554,-0.03200000000000003],[0.0024999999999999467,-1.968],[2.6260000000000003,1.6800000000000002],[2.769,1.6840000000000002],[2.032,0.008000000000000007],[2.032,0.06400000000000006],[-0.7565,-1.576],[-1.554,-0.472],[-1.5485000000000002,0.05600000000000005],[0.0024999999999999467,1.988],[0.06850000000000023,1.988],[2.3070000000000004,2],[-0.04700000000000015,2],[-1.4935,1.936],[-0.3274999999999997,-0.040000000000000036],[-2.3405,-1.6520000000000001],[2.3070000000000004,1.6720000000000002],[2.1144999999999996,-1.224],[-1.455,-1.752],[1.5424999999999995,0.8399999999999999],[-1.521,0],[-1.4055,1.7160000000000002],[-2.104,0.040000000000000036],[1.4489999999999998,-1.312],[2.8185000000000002,-0.008000000000000007],[1.4215,-0.5],[1.4324999999999997,1.1640000000000001],[1.4104999999999999,-0.32000000000000006],[-0.5145,0.03200000000000003],[1.4215,-0.20799999999999996],[1.3884999999999996,0.996],[-0.5750000000000002,-0.992],[1.4269999999999996,-0.052000000000000046],