{"avgHealth":-0.003469043379410646,"seeds":[[0],[0.0653560000000013],[-0.1307120000000026]],"nseeds":3,"executions":2460,"nfe":246500,"gps":[[0]],"lps":[],"fps":[[0.0653560000000013],[-0.1307120000000026]],"np":1,"gp":1,"pr":0.3333333333333333,"gpr":1,"fpr":0.6666666666666666,"reason":"statistic"}