{"avgHealth":0.9983289545693521,"seeds":[[3.141592653589793,3.141592653589793],[3.1290262829754347,3.141592653589793],[3.141592653589793,3.1541590242041515],[3.141592653589793,3.1290262829754347],[3.1290262829754347,3.1290262829754347],[3.1290262829754347,3.1541590242041515],[3.1541590242041515,3.1290262829754347],[3.1541590242041515,3.1541590242041515],[3.1164599123610746,3.141592653589793],[3.1667253948185117,3.141592653589793],[3.141592653589793,3.1667253948185117],[3.141592653589793,3.1164599123610746],[3.1290262829754347,3.1164599123610746],[3.1164599123610746,3.1290262829754347],[3.1290262829754347,3.1667253948185117],[3.1164599123610746,3.1541590242041515],[3.1667253948185117,3.1290262829754347],[3.1541590242041515,3.1667253948185117],[3.1667253948185117,3.1541590242041515],[3.1541590242041515,3.1164599123610746],[3.1164599123610746,3.1667253948185117],[3.1164599123610746,3.1164599123610746],[3.1667253948185117,3.1667253948185117],[3.1667253948185117,3.1164599123610746],[3.103893541746716,3.141592653589793],[3.141592653589793,3.103893541746716],[3.17929176543287,3.141592653589793],[3.141592653589793,3.17929176543287],[3.1290262829754347,3.103893541746716],[3.17929176543287,3.1290262829754347],[3.17929176543287,3.1541590242041515],[3.103893541746716,3.1541590242041515],[3.103893541746716,3.1290262829754347],[3.1290262829754347,3.17929176543287],[3.1541590242041515,3.103893541746716],[3.1541590242041515,3.17929176543287],[3.17929176543287,3.1667253948185117],[3.1164599123610746,3.17929176543287],[3.17929176543287,3.1164599123610746],[3.1164599123610746,3.103893541746716],[3.103893541746716,3.1667253948185117],[3.1667253948185117,3.17929176543287],[3.2044245066615886,3.2044245066615886]],"nseeds":43,"executions":1165,"nfe":117000,"gps":[],"lps":[],"fps":[[3.141592653589793,3.141592653589793],[3.1290262829754347,3.141592653589793],[3.141592653589793,3.1541590242041515],[3.141592653589793,3.1290262829754347],[3.1290262829754347,3.1290262829754347],[3.1290262829754347,3.1541590242041515],[3.1541590242041515,3.1290262829754347],[3.1541590242041515,3.1541590242041515],[3.1164599123610746,3.141592653589793],[3.1667253948185117,3.141592653589793],[3.141592653589793,3.1667253948185117],[3.141592653589793,3.1164599123610746],[3.1290262829754347,3.1164599123610746],[3.1164599123610746,3.1290262829754347],[3.1290262829754347,3.1667253948185117],[3.1164599123610746,3.1541590242041515],[3.1667253948185117,3.1290262829754347],[3.1541590242041515,3.1667253948185117],[3.1667253948185117,3.1541590242041515],[3.1541590242041515,3.1164599123610746],[3.1164599123610746,3.1667253948185117],[3.1164599123610746,3.1164599123610746],[3.1667253948185117,3.1667253948185117],[3.1667253948185117,3.1164599123610746],[3.103893541746716,3.141592653589793],[3.141592653589793,3.103893541746716],[3.17929176543287,3.141592653589793],[3.141592653589793,3.17929176543287],[3.1290262829754347,3.103893541746716],[3.17929176543287,3.1290262829754347],[3.17929176543287,3.1541590242041515],[3.103893541746716,3.1541590242041515],[3.103893541746716,3.1290262829754347],[3.1290262829754347,3.17929176543287],[3.1541590242041515,3.103893541746716],[3.1541590242041515,3.17929176543287],[3.17929176543287,3.1667253948185117],[3.1164599123610746,3.17929176543287],[3.17929176543287,3.1164599123610746],[3.1164599123610746,3.103893541746716],[3.103893541746716,3.1667253948185117],[3.1667253948185117,3.17929176543287],[3.2044245066615886,3.2044245066615886]],"np":0,"gp":0,"pr":0,"gpr":0,"fpr":1,"reason":"statistic"}