{"avgHealth":0.99921254474533,"seeds":[[3.141592653589793,3.141592653589793],[3.141592653589793,3.1290262829754347],[3.1541590242041515,3.141592653589793],[3.141592653589793,3.1541590242041515],[3.1290262829754347,3.141592653589793],[3.1541590242041515,3.1541590242041515],[3.1290262829754347,3.1290262829754347],[3.1541590242041515,3.1290262829754347],[3.1290262829754347,3.1541590242041515],[3.141592653589793,3.1164599123610746],[3.1164599123610746,3.141592653589793],[3.141592653589793,3.1667253948185117],[3.1667253948185117,3.141592653589793],[3.1164599123610746,3.1541590242041515],[3.1164599123610746,3.1290262829754347],[3.1541590242041515,3.1667253948185117],[3.1290262829754347,3.1667253948185117],[3.1541590242041515,3.1164599123610746],[3.1667253948185117,3.1541590242041515],[3.1290262829754347,3.1164599123610746],[3.1667253948185117,3.1290262829754347]],"nseeds":21,"executions":1459,"nfe":146400,"gps":[],"lps":[],"fps":[[3.141592653589793,3.141592653589793],[3.141592653589793,3.1290262829754347],[3.1541590242041515,3.141592653589793],[3.141592653589793,3.1541590242041515],[3.1290262829754347,3.141592653589793],[3.1541590242041515,3.1541590242041515],[3.1290262829754347,3.1290262829754347],[3.1541590242041515,3.1290262829754347],[3.1290262829754347,3.1541590242041515],[3.141592653589793,3.1164599123610746],[3.1164599123610746,3.141592653589793],[3.141592653589793,3.1667253948185117],[3.1667253948185117,3.141592653589793],[3.1164599123610746,3.1541590242041515],[3.1164599123610746,3.1290262829754347],[3.1541590242041515,3.1667253948185117],[3.1290262829754347,3.1667253948185117],[3.1541590242041515,3.1164599123610746],[3.1667253948185117,3.1541590242041515],[3.1290262829754347,3.1164599123610746],[3.1667253948185117,3.1290262829754347]],"np":0,"gp":0,"pr":0,"gpr":0,"fpr":1,"reason":"statistic"}