{"avgHealth":0.9998950154498152,"seeds":[[4.111000000000001],[7.70875],[2.19025],[7.68925],[7.72825],[1.1665],[0.6205],[2.17075]],"nseeds":8,"executions":150,"nfe":15500,"gps":[],"lps":[],"fps":[[4.111000000000001],[7.70875],[2.19025],[7.68925],[7.72825],[1.1665],[0.6205],[2.17075]],"np":0,"gp":0,"pr":0,"gpr":0,"fpr":1,"reason":"statistic"}