{"avgHealth":0.9998574913375823,"seeds":[[4.111000000000001],[7.70875],[2.19025],[7.68925],[7.72825],[1.1665],[4.0915],[2.2195]],"nseeds":8,"executions":169,"nfe":17400,"gps":[],"lps":[],"fps":[[4.111000000000001],[7.70875],[2.19025],[7.68925],[7.72825],[1.1665],[4.0915],[2.2195]],"np":0,"gp":0,"pr":0,"gpr":0,"fpr":1,"reason":"statistic"}