{"avgHealth":0.9998587867167862,"seeds":[[4.111000000000001],[7.70875],[2.19025],[7.68925],[7.72825],[1.1665],[4.1305],[7.6697500000000005],[4.0915],[0.6205],[7.7575]],"nseeds":11,"executions":174,"nfe":17900,"gps":[],"lps":[],"fps":[[4.111000000000001],[7.70875],[2.19025],[7.68925],[7.72825],[1.1665],[4.1305],[7.6697500000000005],[4.0915],[0.6205],[7.7575]],"np":0,"gp":0,"pr":0,"gpr":0,"fpr":1,"reason":"statistic"}