{"avgHealth":0.9998859228712894,"seeds":[[4.111000000000001],[7.70875],[2.19025],[7.68925],[7.72825],[1.1665],[4.1305],[7.6697500000000005],[0.6205],[2.17075],[4.062250000000001]],"nseeds":11,"executions":157,"nfe":16200,"gps":[],"lps":[],"fps":[[4.111000000000001],[7.70875],[2.19025],[7.68925],[7.72825],[1.1665],[4.1305],[7.6697500000000005],[0.6205],[2.17075],[4.062250000000001]],"np":0,"gp":0,"pr":0,"gpr":0,"fpr":1,"reason":"statistic"}