{"avgHealth":0.999952717320909,"seeds":[[4.111000000000001],[7.70875],[2.19025],[7.68925],[4.1305]],"nseeds":5,"executions":190,"nfe":19500,"gps":[],"lps":[],"fps":[[4.111000000000001],[7.70875],[2.19025],[7.68925],[4.1305]],"np":0,"gp":0,"pr":0,"gpr":0,"fpr":1,"reason":"statistic"}