{"avgHealth":0.9998882379654704,"seeds":[[4.111000000000001],[7.70875],[2.19025],[7.72825],[1.1665],[7.6795],[4.1305],[0.63025],[2.161]],"nseeds":9,"executions":153,"nfe":15800,"gps":[],"lps":[],"fps":[[4.111000000000001],[7.70875],[2.19025],[7.72825],[1.1665],[7.6795],[4.1305],[0.63025],[2.161]],"np":0,"gp":0,"pr":0,"gpr":0,"fpr":1,"reason":"statistic"}