{"avgHealth":0.9997148815012931,"seeds":[[4.111000000000001],[7.70875],[2.19025],[7.68925],[7.72825],[1.1665],[4.1305],[4.0915],[7.74775],[0.6205],[7.65025],[4.072],[7.5625]],"nseeds":13,"executions":167,"nfe":17200,"gps":[],"lps":[],"fps":[[4.111000000000001],[7.70875],[2.19025],[7.68925],[7.72825],[1.1665],[4.1305],[4.0915],[7.74775],[0.6205],[7.65025],[4.072],[7.5625]],"np":0,"gp":0,"pr":0,"gpr":0,"fpr":1,"reason":"statistic"}