{"avgHealth":0.9999356563662121,"seeds":[[4.111000000000001],[7.70875],[2.19025],[7.68925],[4.1305],[2.20975]],"nseeds":6,"executions":145,"nfe":15000,"gps":[],"lps":[],"fps":[[4.111000000000001],[7.70875],[2.19025],[7.68925],[4.1305],[2.20975]],"np":0,"gp":0,"pr":0,"gpr":0,"fpr":1,"reason":"statistic"}