{"avgHealth":0.9998510552664849,"seeds":[[4.111000000000001],[7.70875],[2.19025],[7.68925],[1.1665],[7.738],[4.1305],[7.6697500000000005],[4.0817499999999995],[7.6405],[4.15],[7.61125]],"nseeds":12,"executions":144,"nfe":14900,"gps":[],"lps":[],"fps":[[4.111000000000001],[7.70875],[2.19025],[7.68925],[1.1665],[7.738],[4.1305],[7.6697500000000005],[4.0817499999999995],[7.6405],[4.15],[7.61125]],"np":0,"gp":0,"pr":0,"gpr":0,"fpr":1,"reason":"statistic"}