{"avgHealth":0.9998212362617807,"seeds":[[4.111000000000001],[7.70875],[2.19025],[7.68925],[7.72825],[4.1305],[7.6697500000000005],[0.6205],[7.7575],[7.65025],[0.64]],"nseeds":11,"executions":155,"nfe":16000,"gps":[],"lps":[],"fps":[[4.111000000000001],[7.70875],[2.19025],[7.68925],[7.72825],[4.1305],[7.6697500000000005],[0.6205],[7.7575],[7.65025],[0.64]],"np":0,"gp":0,"pr":0,"gpr":0,"fpr":1,"reason":"statistic"}