{"avgHealth":416.26130824985535,"seeds":[[0.249,0.449,0.453],[0.914,0.083,0.678],[0.926,0.67,0.696],[0.447,0.232,0.086],[0.661,0.254,0.681],[0.234,0.26,0.933],[0.438,0.232,0.669],[0.939,0.914,0.957],[0.928,0.969,0.452],[0.916,0.067,0.234],[0.66,0.958,0.086],[0.419,0.935,0.457],[0.217,0.257,0.665],[0.893,0.265,0.929]],"nseeds":14,"executions":46,"nfe":5100,"gps":[[0.249,0.449,0.453]],"lps":[],"fps":[[0.914,0.083,0.678],[0.926,0.67,0.696],[0.447,0.232,0.086],[0.661,0.254,0.681],[0.234,0.26,0.933],[0.438,0.232,0.669],[0.939,0.914,0.957],[0.928,0.969,0.452],[0.916,0.067,0.234],[0.66,0.958,0.086],[0.419,0.935,0.457],[0.217,0.257,0.665],[0.893,0.265,0.929]],"np":1,"gp":1,"pr":0.07142857142857142,"gpr":0.2,"fpr":0.9285714285714286,"reason":"statistic"}