{"avgHealth":0.584224258,"seeds":[[0.5,0.52],[0.52,0.52],[-0.45999999999999996,0.52],[0.52,0.45999999999999996],[0.54,-0.5],[0.5,0.54],[0.5,-0.54],[0.56,-0.5],[0.43999999999999995,-0.54],[-0.43999999999999995,-0.5],[0.43999999999999995,-0.5],[0.56,-0.52],[-0.43999999999999995,-0.56],[0.42000000000000004,0.52],[-0.42000000000000004,-0.54],[-0.42000000000000004,0.54],[0.42000000000000004,-0.54],[-0.5800000000000001,-0.5],[0.42000000000000004,-0.5],[-0.42000000000000004,-0.5],[0.56,-0.54],[0.43999999999999995,-0.5800000000000001],[-0.56,0.42000000000000004],[0.56,-0.42000000000000004],[0.5800000000000001,0.52],[-0.5800000000000001,0.52],[0.52,0.5800000000000001],[-0.42000000000000004,-0.48],[0.5800000000000001,-0.42000000000000004],[0.5800000000000001,0.42000000000000004],[0.42000000000000004,-0.5800000000000001],[-0.6,0.45999999999999996],[0.6,-0.48],[-0.6,0.48],[-0.4,-0.54],[0.4,-0.54],[-0.4,-0.52],[0.5800000000000001,-0.54],[-0.5800000000000001,0.54],[-0.6,-0.5],[-0.6,0.5],[0.4,-0.5],[-0.4,-0.5],[-0.42000000000000004,0.45999999999999996],[0.6,-0.42000000000000004],[-0.6,-0.42000000000000004],[-0.6,0.42000000000000004],[0.6,0.52],[-0.6,0.52],[0.52,-0.6],[-0.4,0.48],[0.62,0.45999999999999996],[-0.62,-0.45999999999999996],[-0.38,-0.54],[-0.62,0.48],[0.62,0.48],[-0.6,0.4],[-0.6,-0.4],[-0.38,0.52],[-0.38,-0.52],[0.6,-0.54],[-0.6,-0.54],[-0.6,0.54],[0.62,-0.5],[-0.62,-0.5],[0.62,0.42000000000000004],[0.62,-0.42000000000000004],[0.5800000000000001,-0.38],[-0.38,-0.5],[-0.4,0.45999999999999996],[0.62,-0.52],[-0.62,0.52],[0.62,0.4],[-0.62,-0.4],[-0.6,-0.38],[-0.6,0.38],[-0.6,-0.56],[-0.38,-0.48],[-0.38,0.48],[-0.43999999999999995,-0.64],[-0.36,0.54],[-0.36,-0.54],[0.36,-0.54],[0.62,0.54],[0.62,-0.54],[-0.36,0.52],[0.36,0.52],[-0.36,-0.52],[0.43999999999999995,-0.4],[-0.4,-0.43999999999999995],[-0.64,-0.5],[0.64,-0.5],[-0.38,0.45999999999999996],[-0.4,-0.64],[-0.64,-0.4],[-0.36,-0.5],[-0.36,0.5],[0.6,0.5800000000000001],[0.62,-0.56],[-0.66,0.45999999999999996],[-0.36,-0.62],[-0.36,-0.48],[-0.36,0.48],[0.36,0.48],[-0.34,0.56],[0.42000000000000004,-0.4],[0.4,-0.42000000000000004],[-0.4,-0.42000000000000004],[0.4,0.42000000000000004],[0.66,0.48],[-0.34,0.54],[-0.5800000000000001,0.34],[-0.64,-0.54],[0.64,-0.54],[-0.34,0.52],[0.66,-0.5],[-0.66,-0.5],[0.66,-0.4],[-0.4,-0.66],[-0.6,0.34],[0.6,-0.6],[0.62,-0.5800000000000001],[-0.36,-0.64],[-0.36,-0.45999999999999996],[-0.34,-0.5],[-0.34,0.5],[-0.66,-0.52],[0.66,0.52],[-0.66,0.52],[-0.38,-0.66],[0.66,-0.38],[-0.64,-0.56],[0.68,0.43999999999999995],[0.68,0.45999999999999996],[0.68,-0.45999999999999996],[-0.4,-0.4],[0.68,-0.42000000000000004],[-0.38,-0.42000000000000004],[0.42000000000000004,-0.38],[0.5800000000000001,0.32],[-0.5800000000000001,-0.32],[0.68,0.48],[-0.34,0.48],[0.66,-0.54],[-0.66,-0.54],[-0.66,0.54],[0.66,0.36],[0.68,-0.4],[0.68,0.4],[-0.6,-0.62],[-0.6,-0.32],[-0.6,0.32],[0.6,-0.32],[0.68,-0.5],[0.68,0.5],[0.68,-0.38],[-0.68,-0.38],[0.62,0.32],[-0.62,0.32],[0.62,-0.32],[-0.32,0.62],[-0.62,-0.32],[-0.34,0.45999999999999996],[0.66,-0.56],[0.56,-0.66],[0.68,-0.52],[0.68,0.52],[0.66,0.34],[-0.7000000000000001,0.43999999999999995],[-0.43999999999999995,-0.7000000000000001],[0.64,-0.32],[-0.4,-0.38],[-0.7000000000000001,0.42000000000000004],[-0.7000000000000001,0.45999999999999996],[-0.36,-0.42000000000000004],[-0.36,0.42000000000000004],[-0.6,0.64],[0.4,-0.7000000000000001],[-0.7000000000000001,-0.4],[-0.7000000000000001,0.4],[-0.4,-0.7000000000000001],[-0.7000000000000001,-0.48],[-0.7000000000000001,0.48],[0.68,-0.54],[-0.6,-0.3],[-0.6,0.3],[0.3,-0.54],[0.3,0.54],[0.66,-0.5800000000000001],[-0.38,-0.7000000000000001],[-0.7000000000000001,-0.38],[-0.7000000000000001,0.5],[-0.7000000000000001,-0.5],[0.7000000000000001,-0.5],[0.68,-0.34],[0.68,0.34],[0.66,-0.32],[0.66,0.32],[0.3,-0.52],[0.3,0.52],[0.68,0.56],[0.68,-0.56],[-0.36,-0.7000000000000001],[0.64,-0.3],[-0.7000000000000001,0.52],[0.7000000000000001,0.52],[0.52,-0.7000000000000001],[-0.7000000000000001,-0.52],[0.72,-0.43999999999999995],[0.72,0.42000000000000004],[0.72,-0.42000000000000004],[-0.72,0.45999999999999996],[0.68,-0.32],[-0.5800000000000001,0.78],[-0.16,-0.5],[-0.16,-0.08]],"nseeds":216,"executions":677,"nfe":68200,"gps":[],"lps":[],