{"avgHealth":2.9982519643246763,"seeds":[[172.80000000000007,582,0],[172.80000000000007,-582,0],[172.80000000000007,571.2,0]],"nseeds":3,"executions":81217,"nfe":8122200,"gps":[],"lps":[],"fps":[[172.80000000000007,582,0],[172.80000000000007,-582,0],[172.80000000000007,571.2,0]],"np":0,"gp":0,"pr":0,"gpr":0,"fpr":1,"reason":"statistic"}