{"avgHealth":2.999705303833594,"seeds":[[386.4,-582,0],[386.4,493.20000000000005,0],[386.4,-120,0]],"nseeds":3,"executions":8151,"nfe":815600,"gps":[],"lps":[],"fps":[[386.4,-582,0],[386.4,493.20000000000005,0],[386.4,-120,0]],"np":0,"gp":0,"pr":0,"gpr":0,"fpr":1,"reason":"statistic"}