{"avgHealth":2.9992193232007267,"seeds":[[-386.4,-164.40000000000003,0],[-430.8,-164.40000000000003,0],[-424.8,-164.40000000000003,0]],"nseeds":3,"executions":6124,"nfe":612900,"gps":[],"lps":[],"fps":[[-386.4,-164.40000000000003,0],[-430.8,-164.40000000000003,0],[-424.8,-164.40000000000003,0]],"np":0,"gp":0,"pr":0,"gpr":0,"fpr":1,"reason":"statistic"}