{"avgHealth":2.9959501165012035,"seeds":[[-559.2,328.80000000000007,0],[-507.6,-301.2,0],[-488.4,328.80000000000007,0]],"nseeds":3,"executions":7473,"nfe":747800,"gps":[],"lps":[],"fps":[[-559.2,328.80000000000007,0],[-507.6,-301.2,0],[-488.4,328.80000000000007,0]],"np":0,"gp":0,"pr":0,"gpr":0,"fpr":1,"reason":"statistic"}