{"avgHealth":2.9384722330777233,"seeds":[[386.4,-373.2,6],[386.4,-373.2,-6],[386.4,-373.2,-7.2000000000000455]],"nseeds":3,"executions":6348,"nfe":635300,"gps":[],"lps":[],"fps":[[386.4,-373.2,6],[386.4,-373.2,-6],[386.4,-373.2,-7.2000000000000455]],"np":0,"gp":0,"pr":0,"gpr":0,"fpr":1,"reason":"statistic"}