{"avgHealth":2.9989838667040694,"seeds":[[-106.80000000000001,-44.39999999999998,0],[-106.80000000000001,417.6,0],[-106.80000000000001,-43.19999999999993,0]],"nseeds":3,"executions":6385,"nfe":639000,"gps":[],"lps":[],"fps":[[-106.80000000000001,-44.39999999999998,0],[-106.80000000000001,417.6,0],[-106.80000000000001,-43.19999999999993,0]],"np":0,"gp":0,"pr":0,"gpr":0,"fpr":1,"reason":"statistic"}