{"avgHealth":2.9933641074886457,"seeds":[[452.4000000000001,-44.39999999999998,0],[452.4000000000001,-198,0],[452.4000000000001,-235.2,0]],"nseeds":3,"executions":7266,"nfe":727100,"gps":[],"lps":[],"fps":[[452.4000000000001,-44.39999999999998,0],[452.4000000000001,-198,0],[452.4000000000001,-235.2,0]],"np":0,"gp":0,"pr":0,"gpr":0,"fpr":1,"reason":"statistic"}