{"avgHealth":2.9963230367083318,"seeds":[[-106.80000000000001,-373.2,0],[-345.6,-373.2,0],[-480,-373.2,0]],"nseeds":3,"executions":6624,"nfe":662900,"gps":[],"lps":[],"fps":[[-106.80000000000001,-373.2,0],[-345.6,-373.2,0],[-480,-373.2,0]],"np":0,"gp":0,"pr":0,"gpr":0,"fpr":1,"reason":"statistic"}