{"avgHealth":2.9380505164231523,"seeds":[[132,537.5999999999999,6],[132,537.5999999999999,-6],[132,537.5999999999999,4.7999999999999545]],"nseeds":3,"executions":4481,"nfe":448600,"gps":[],"lps":[],"fps":[[132,537.5999999999999,6],[132,537.5999999999999,-6],[132,537.5999999999999,4.7999999999999545]],"np":0,"gp":0,"pr":0,"gpr":0,"fpr":1,"reason":"statistic"}