{"avgHealth":0.9385888318390428,"seeds":[[3.141592653589793],[3.1541590242041515],[3.1290262829754347],[3.1164599123610746],[3.103893541746716],[3.17929176543287],[3.091327171132356],[3.216990877275949],[3.0661944299036374],[3.053628059289279],[3.229557247890307],[3.041061688674919],[3.2421236185046673],[3.0284953180605605],[3.267256359733384],[3.015928947446202],[3.2798227303477443],[3.003362576831842],[3.2923891009621027],[3.304955471576463],[3.3175218421908212],[2.8902652413026093],[2.8651325000738908],[2.7771679057733767],[3.5060174014062095],[3.581415625092365],[2.5886723465579884],[2.3499113048851665],[2.2493803399702923],[2.1362830044410597],[4.1846014145816035],[2.060884780754904],[1.97292018645439],[1.8346901096964388],[1.7090264035528477],[1.67132729170977],[-3.2169908772759483],[-3.3175218421908217],[-3.380353695262617],[-3.656813848778519],[-4.69982260977033],[-6.06955700673548],[-6.044424265506762],[-5.642300405847268],[-5.592034923389832],[-5.554335811546754],[-5.46637121724624],[-5.340707511102648],[-4.988849133900592],[-4.976282763286232],[-4.900884539600077]],"nseeds":51,"executions":284,"nfe":28900,"gps":[[3.141592653589793]],"lps":[],"fps":[[3.1541590242041515],[3.1290262829754347],[3.1164599123610746],[3.103893541746716],[3.17929176543287],[3.091327171132356],[3.216990877275949],[3.0661944299036374],[3.053628059289279],[3.229557247890307],[3.041061688674919],[3.2421236185046673],[3.0284953180605605],[3.267256359733384],[3.015928947446202],[3.2798227303477443],[3.003362576831842],[3.2923891009621027],[3.304955471576463],[3.3175218421908212],[2.8902652413026093],[2.8651325000738908],[2.7771679057733767],[3.5060174014062095],[3.581415625092365],[2.5886723465579884],[2.3499113048851665],[2.2493803399702923],[2.1362830044410597],[4.1846014145816035],[2.060884780754904],[1.97292018645439],[1.8346901096964388],[1.7090264035528477],[1.67132729170977],[-3.2169908772759483],[-3.3175218421908217],[-3.380353695262617],[-3.656813848778519],[-4.69982260977033],[-6.06955700673548],[-6.044424265506762],[-5.642300405847268],[-5.592034923389832],[-5.554335811546754],[-5.46637121724624],[-5.340707511102648],[-4.988849133900592],[-4.976282763286232],[-4.900884539600077]],"np":1,"gp":1,"pr":0.0196078431372549,"gpr":1,"fpr":0.9803921568627451,"reason":"statistic"}