{"avgHealth":0.9400540148539203,"seeds":[[3.141592653589793],[3.1541590242041515],[3.1290262829754347],[3.1667253948185117],[3.1164599123610746],[3.103893541746716],[3.091327171132356],[3.2044245066615886],[3.053628059289279],[2.953097094374405],[3.3552209540339],[2.915397982531328],[3.3803536952626168],[2.9028316119169695],[3.392920065876977],[2.8902652413026093],[2.827433388230814],[2.8148670176164536],[2.7269024233159396],[2.714336052701581],[3.581415625092365],[2.5509732347149114],[2.5007077522574743],[2.400176787342602],[2.3373449342708064],[2.2870794518133692],[-1.7844246272390025],[-2.4253095285713204],[-2.5258404934861938],[-2.8148670176164545],[-2.852566129459532],[-6.182654342264713],[-5.906194188748811],[-5.855928706291374],[-5.805663223833938],[-5.654866776461628],[-5.629734035232909],[-5.6046012940041905],[-5.403539364174444],[-5.328141140488289],[-4.863185427756999],[-4.850619057142641],[-4.762654462842127],[-1.2566370614359172]],"nseeds":44,"executions":249,"nfe":25400,"gps":[[3.141592653589793]],"lps":[],"fps":[[3.1541590242041515],[3.1290262829754347],[3.1667253948185117],[3.1164599123610746],[3.103893541746716],[3.091327171132356],[3.2044245066615886],[3.053628059289279],[2.953097094374405],[3.3552209540339],[2.915397982531328],[3.3803536952626168],[2.9028316119169695],[3.392920065876977],[2.8902652413026093],[2.827433388230814],[2.8148670176164536],[2.7269024233159396],[2.714336052701581],[3.581415625092365],[2.5509732347149114],[2.5007077522574743],[2.400176787342602],[2.3373449342708064],[2.2870794518133692],[-1.7844246272390025],[-2.4253095285713204],[-2.5258404934861938],[-2.8148670176164545],[-2.852566129459532],[-6.182654342264713],[-5.906194188748811],[-5.855928706291374],[-5.805663223833938],[-5.654866776461628],[-5.629734035232909],[-5.6046012940041905],[-5.403539364174444],[-5.328141140488289],[-4.863185427756999],[-4.850619057142641],[-4.762654462842127],[-1.2566370614359172]],"np":1,"gp":1,"pr":0.022727272727272728,"gpr":1,"fpr":0.9772727272727273,"reason":"statistic"}