{"avgHealth":0.9607840216388438,"seeds":[[3.141592653589793],[3.1541590242041515],[3.1290262829754347],[3.1667253948185117],[3.103893541746716],[3.091327171132356],[3.041061688674919],[3.267256359733384],[3.2798227303477443],[2.9907962062174835],[3.304955471576463],[3.3300882128051814],[3.34265458341954],[2.9279643531456863],[3.4180528071056955],[2.7646015351590183],[2.752035164544658],[2.7394687939302997],[2.6389378290154255],[2.538406864100553],[2.2870794518133692],[2.1362830044410597],[1.6838936623241292],[-1.633628179866692],[-2.4504422698000385],[-2.8148670176164545],[4.71238898038469],[-3.8955748904513436],[-6.270618936565227],[-5.61716766461855],[-5.504070329089318],[-5.416105734788803],[-5.2653092874164935],[-5.215043804959056],[-5.139645581272902],[-4.976282763286232],[-1.244070690821558]],"nseeds":37,"executions":338,"nfe":34300,"gps":[[3.141592653589793]],"lps":[],"fps":[[3.1541590242041515],[3.1290262829754347],[3.1667253948185117],[3.103893541746716],[3.091327171132356],[3.041061688674919],[3.267256359733384],[3.2798227303477443],[2.9907962062174835],[3.304955471576463],[3.3300882128051814],[3.34265458341954],[2.9279643531456863],[3.4180528071056955],[2.7646015351590183],[2.752035164544658],[2.7394687939302997],[2.6389378290154255],[2.538406864100553],[2.2870794518133692],[2.1362830044410597],[1.6838936623241292],[-1.633628179866692],[-2.4504422698000385],[-2.8148670176164545],[4.71238898038469],[-3.8955748904513436],[-6.270618936565227],[-5.61716766461855],[-5.504070329089318],[-5.416105734788803],[-5.2653092874164935],[-5.215043804959056],[-5.139645581272902],[-4.976282763286232],[-1.244070690821558]],"np":1,"gp":1,"pr":0.02702702702702703,"gpr":1,"fpr":0.972972972972973,"reason":"statistic"}