{"avgHealth":0.9314316813150016,"seeds":[[3.141592653589793],[3.1290262829754347],[3.1541590242041515],[3.1164599123610746],[3.1667253948185117],[3.103893541746716],[3.17929176543287],[3.091327171132356],[3.216990877275949],[3.0661944299036374],[3.053628059289279],[3.229557247890307],[3.2421236185046673],[3.2546899891190257],[3.267256359733384],[3.2923891009621027],[3.304955471576463],[3.3175218421908212],[3.430619177720054],[2.4253095285713204],[2.1739821162841366],[1.7090264035528477],[-2.136283004441059],[-2.7771679057733767],[-2.978229835603124],[-3.141592653589793],[-3.593981995706723],[-4.69982260977033],[-5.76796411199086],[-5.629734035232909],[-5.5669021821611135],[-5.416105734788803],[-5.277875658030853],[-5.2653092874164935],[-5.240176546187775],[-5.16477832250162],[-5.101946469429824],[-5.01398187512931],[-4.988849133900592],[-4.9637163926718735],[-4.938583651443155],[-4.913450910214436],[-4.900884539600077],[-4.850619057142641],[-4.825486315913922],[-1.3446016557364313],[-1.2943361732789942],[-0.7791149780902691],[-0.7037167544041134],[-0.4649557127312889],[-0.23876104167282453]],"nseeds":51,"executions":183,"nfe":18800,"gps":[[3.141592653589793]],"lps":[],"fps":[[3.1290262829754347],[3.1541590242041515],[3.1164599123610746],[3.1667253948185117],[3.103893541746716],[3.17929176543287],[3.091327171132356],[3.216990877275949],[3.0661944299036374],[3.053628059289279],[3.229557247890307],[3.2421236185046673],[3.2546899891190257],[3.267256359733384],[3.2923891009621027],[3.304955471576463],[3.3175218421908212],[3.430619177720054],[2.4253095285713204],[2.1739821162841366],[1.7090264035528477],[-2.136283004441059],[-2.7771679057733767],[-2.978229835603124],[-3.141592653589793],[-3.593981995706723],[-4.69982260977033],[-5.76796411199086],[-5.629734035232909],[-5.5669021821611135],[-5.416105734788803],[-5.277875658030853],[-5.2653092874164935],[-5.240176546187775],[-5.16477832250162],[-5.101946469429824],[-5.01398187512931],[-4.988849133900592],[-4.9637163926718735],[-4.938583651443155],[-4.913450910214436],[-4.900884539600077],[-4.850619057142641],[-4.825486315913922],[-1.3446016557364313],[-1.2943361732789942],[-0.7791149780902691],[-0.7037167544041134],[-0.4649557127312889],[-0.23876104167282453]],"np":1,"gp":1,"pr":0.0196078431372549,"gpr":1,"fpr":0.9803921568627451,"reason":"statistic"}