{"avgHealth":0.9988965542059953,"seeds":[[3.141592653589793],[3.1290262829754347],[3.1541590242041515],[3.1667253948185117],[3.1164599123610746],[3.103893541746716],[3.17929176543287],[3.1918581360472302],[3.0787608005179976],[3.216990877275949],[3.267256359733384],[3.015928947446202],[2.965663464988765],[2.915397982531328],[2.7269024233159396]],"nseeds":15,"executions":409,"nfe":41400,"gps":[[3.141592653589793]],"lps":[],"fps":[[3.1290262829754347],[3.1541590242041515],[3.1667253948185117],[3.1164599123610746],[3.103893541746716],[3.17929176543287],[3.1918581360472302],[3.0787608005179976],[3.216990877275949],[3.267256359733384],[3.015928947446202],[2.965663464988765],[2.915397982531328],[2.7269024233159396]],"np":1,"gp":1,"pr":0.06666666666666667,"gpr":1,"fpr":0.9333333333333333,"reason":"statistic"}