{"avgHealth":0.9821972813992319,"seeds":[[3.141592653589793],[3.1541590242041515],[3.1290262829754347],[3.1667253948185117],[3.1164599123610746],[3.17929176543287],[3.103893541746716],[3.091327171132356],[3.0787608005179976],[3.216990877275949],[3.0661944299036374],[3.053628059289279],[3.0284953180605605],[3.267256359733384],[2.7269024233159396],[2.701769682087221],[2.664070570244144],[2.6515041996297857],[2.3750440461138833],[2.1739821162841366],[-3.2169908772759483],[-3.3175218421908217],[-3.330088212805181],[-4.046371337823654],[-6.107256118578558]],"nseeds":25,"executions":398,"nfe":40300,"gps":[[3.141592653589793]],"lps":[],"fps":[[3.1541590242041515],[3.1290262829754347],[3.1667253948185117],[3.1164599123610746],[3.17929176543287],[3.103893541746716],[3.091327171132356],[3.0787608005179976],[3.216990877275949],[3.0661944299036374],[3.053628059289279],[3.0284953180605605],[3.267256359733384],[2.7269024233159396],[2.701769682087221],[2.664070570244144],[2.6515041996297857],[2.3750440461138833],[2.1739821162841366],[-3.2169908772759483],[-3.3175218421908217],[-3.330088212805181],[-4.046371337823654],[-6.107256118578558]],"np":1,"gp":1,"pr":0.04,"gpr":1,"fpr":0.96,"reason":"statistic"}