{"avgHealth":0.9523561223575477,"seeds":[[3.141592653589793],[3.1541590242041515],[3.1290262829754347],[3.1164599123610746],[3.103893541746716],[3.17929176543287],[3.091327171132356],[3.0787608005179976],[3.0284953180605605],[3.2798227303477443],[3.003362576831842],[3.4557519189487724],[2.57610597594363],[2.538406864100553],[2.5132741228718345],[2.488141381643116],[-1.633628179866692],[-2.199114857512855],[-2.8776988706882505],[-3.2798227303477443],[-3.292389100962103],[-3.4054864364913358],[-3.430619177720054],[-4.0212385965949355],[-4.674689868541612],[-4.687256239155971],[-6.0821233773498395],[-6.06955700673548],[-5.529203070318036],[-5.453804846631881],[-5.240176546187775],[-5.152211951887261],[-5.127079210658542]],"nseeds":33,"executions":335,"nfe":34000,"gps":[[3.141592653589793]],"lps":[],"fps":[[3.1541590242041515],[3.1290262829754347],[3.1164599123610746],[3.103893541746716],[3.17929176543287],[3.091327171132356],[3.0787608005179976],[3.0284953180605605],[3.2798227303477443],[3.003362576831842],[3.4557519189487724],[2.57610597594363],[2.538406864100553],[2.5132741228718345],[2.488141381643116],[-1.633628179866692],[-2.199114857512855],[-2.8776988706882505],[-3.2798227303477443],[-3.292389100962103],[-3.4054864364913358],[-3.430619177720054],[-4.0212385965949355],[-4.674689868541612],[-4.687256239155971],[-6.0821233773498395],[-6.06955700673548],[-5.529203070318036],[-5.453804846631881],[-5.240176546187775],[-5.152211951887261],[-5.127079210658542]],"np":1,"gp":1,"pr":0.030303030303030304,"gpr":1,"fpr":0.9696969696969697,"reason":"statistic"}