{"avgHealth":0.9402248528458065,"seeds":[[3.141592653589793],[3.1290262829754347],[3.1541590242041515],[3.1667253948185117],[3.1164599123610746],[3.103893541746716],[3.17929176543287],[3.1918581360472302],[3.091327171132356],[3.0787608005179976],[3.216990877275949],[3.053628059289279],[3.041061688674919],[3.2421236185046673],[2.915397982531328],[3.4683182895631326],[3.531150142634928],[3.568849254478005],[3.581415625092365],[2.6766369408585025],[2.538406864100553],[2.525840493486193],[2.5132741228718345],[3.7950439255364703],[3.8453094079939074],[2.437875899185679],[2.4127431579569603],[2.324778563656448],[2.2242475987415737],[4.611858015469815],[-3.4180528071056946],[-4.09663682028109],[-4.335397861953915],[-5.7805304826052195],[-5.642300405847268],[-5.441238476017522],[-5.390972993560085],[-5.378406622945726],[-5.353273881717008],[-5.340707511102648],[-5.31557476987393],[-5.277875658030853],[-5.152211951887261],[-5.101946469429824],[-5.0893800988154645],[-4.988849133900592],[-4.888318168985718],[-4.7877872040708445],[-0.8419468311620646],[6.283185307179586]],"nseeds":50,"executions":253,"nfe":25800,"gps":[[3.141592653589793]],"lps":[],"fps":[[3.1290262829754347],[3.1541590242041515],[3.1667253948185117],[3.1164599123610746],[3.103893541746716],[3.17929176543287],[3.1918581360472302],[3.091327171132356],[3.0787608005179976],[3.216990877275949],[3.053628059289279],[3.041061688674919],[3.2421236185046673],[2.915397982531328],[3.4683182895631326],[3.531150142634928],[3.568849254478005],[3.581415625092365],[2.6766369408585025],[2.538406864100553],[2.525840493486193],[2.5132741228718345],[3.7950439255364703],[3.8453094079939074],[2.437875899185679],[2.4127431579569603],[2.324778563656448],[2.2242475987415737],[4.611858015469815],[-3.4180528071056946],[-4.09663682028109],[-4.335397861953915],[-5.7805304826052195],[-5.642300405847268],[-5.441238476017522],[-5.390972993560085],[-5.378406622945726],[-5.353273881717008],[-5.340707511102648],[-5.31557476987393],[-5.277875658030853],[-5.152211951887261],[-5.101946469429824],[-5.0893800988154645],[-4.988849133900592],[-4.888318168985718],[-4.7877872040708445],[-0.8419468311620646],[6.283185307179586]],"np":1,"gp":1,"pr":0.02,"gpr":1,"fpr":0.98,"reason":"statistic"}