{"avgHealth":0.9316894809727294,"seeds":[[3.141592653589793],[3.1541590242041515],[3.1290262829754347],[3.1667253948185117],[3.103893541746716],[3.1918581360472302],[3.2044245066615886],[3.0787608005179976],[3.0661944299036374],[3.053628059289279],[3.229557247890307],[3.2421236185046673],[3.041061688674919],[3.2546899891190257],[3.0284953180605605],[3.003362576831842],[3.3175218421908212],[2.9279643531456863],[2.877698870688251],[3.4180528071056955],[3.443185548334414],[2.8148670176164536],[3.480884660177491],[2.752035164544658],[2.7269024233159396],[2.6766369408585025],[2.6389378290154255],[2.5509732347149114],[2.450442269800037],[2.3876104167282417],[-1.809557368467721],[-2.1614157456697773],[-2.3750440461138838],[-2.5258404934861938],[-2.8399997588451726],[-2.852566129459532],[-2.9656634649887645],[-4.197167785195964],[-4.347964232568273],[-4.360530603182633],[-4.385663344411351],[-4.5364597917836615],[-6.006725153663685],[-5.91876055936317],[-5.830795965062656],[-5.805663223833938],[-5.755397741376501],[-5.416105734788803],[-5.403539364174444],[-5.1773446931159794],[-5.16477832250162],[-5.127079210658542],[-4.988849133900592],[-4.913450910214436],[-4.762654462842127],[-1.2566370614359172]],"nseeds":56,"executions":207,"nfe":21200,"gps":[[3.141592653589793]],"lps":[],"fps":[[3.1541590242041515],[3.1290262829754347],[3.1667253948185117],[3.103893541746716],[3.1918581360472302],[3.2044245066615886],[3.0787608005179976],[3.0661944299036374],[3.053628059289279],[3.229557247890307],[3.2421236185046673],[3.041061688674919],[3.2546899891190257],[3.0284953180605605],[3.003362576831842],[3.3175218421908212],[2.9279643531456863],[2.877698870688251],[3.4180528071056955],[3.443185548334414],[2.8148670176164536],[3.480884660177491],[2.752035164544658],[2.7269024233159396],[2.6766369408585025],[2.6389378290154255],[2.5509732347149114],[2.450442269800037],[2.3876104167282417],[-1.809557368467721],[-2.1614157456697773],[-2.3750440461138838],[-2.5258404934861938],[-2.8399997588451726],[-2.852566129459532],[-2.9656634649887645],[-4.197167785195964],[-4.347964232568273],[-4.360530603182633],[-4.385663344411351],[-4.5364597917836615],[-6.006725153663685],[-5.91876055936317],[-5.830795965062656],[-5.805663223833938],[-5.755397741376501],[-5.416105734788803],[-5.403539364174444],[-5.1773446931159794],[-5.16477832250162],[-5.127079210658542],[-4.988849133900592],[-4.913450910214436],[-4.762654462842127],[-1.2566370614359172]],"np":1,"gp":1,"pr":0.017857142857142856,"gpr":1,"fpr":0.9821428571428571,"reason":"statistic"}