{"avgHealth":0.9398674954068243,"seeds":[[3.141592653589793],[3.1541590242041515],[3.1290262829754347],[3.1164599123610746],[3.103893541746716],[3.091327171132356],[3.2044245066615886],[3.0787608005179976],[3.0661944299036374],[3.053628059289279],[3.2421236185046673],[3.0284953180605605],[3.267256359733384],[3.015928947446202],[3.2798227303477443],[3.2923891009621027],[2.8902652413026093],[3.430619177720054],[3.4934510307918494],[3.518583772020568],[3.531150142634928],[2.626371458401067],[3.6819465900072377],[3.7070793312359562],[2.5509732347149114],[2.538406864100553],[2.5007077522574743],[2.488141381643116],[2.437875899185679],[2.4253095285713204],[2.400176787342602],[2.3499113048851665],[4.649557127312894],[-2.199114857512855],[-2.2116812281272145],[-2.2619467105846507],[-3.7573448136933925],[-4.69982260977033],[-6.119822489192917],[-5.705132258919065],[-5.654866776461628],[-5.390972993560085],[-5.2653092874164935],[-5.202477434344697],[-4.888318168985718],[-4.863185427756999],[-4.850619057142641],[-4.737521721613408],[-1.244070690821558]],"nseeds":49,"executions":221,"nfe":22600,"gps":[[3.141592653589793]],"lps":[],"fps":[[3.1541590242041515],[3.1290262829754347],[3.1164599123610746],[3.103893541746716],[3.091327171132356],[3.2044245066615886],[3.0787608005179976],[3.0661944299036374],[3.053628059289279],[3.2421236185046673],[3.0284953180605605],[3.267256359733384],[3.015928947446202],[3.2798227303477443],[3.2923891009621027],[2.8902652413026093],[3.430619177720054],[3.4934510307918494],[3.518583772020568],[3.531150142634928],[2.626371458401067],[3.6819465900072377],[3.7070793312359562],[2.5509732347149114],[2.538406864100553],[2.5007077522574743],[2.488141381643116],[2.437875899185679],[2.4253095285713204],[2.400176787342602],[2.3499113048851665],[4.649557127312894],[-2.199114857512855],[-2.2116812281272145],[-2.2619467105846507],[-3.7573448136933925],[-4.69982260977033],[-6.119822489192917],[-5.705132258919065],[-5.654866776461628],[-5.390972993560085],[-5.2653092874164935],[-5.202477434344697],[-4.888318168985718],[-4.863185427756999],[-4.850619057142641],[-4.737521721613408],[-1.244070690821558]],"np":1,"gp":1,"pr":0.02040816326530612,"gpr":1,"fpr":0.9795918367346939,"reason":"statistic"}