{"avgHealth":0.828480586696875,"seeds":[[4.111000000000001],[7.70875],[2.19025],[7.68925],[7.72825],[7.66],[7.621],[7.6015],[2.161],[2.2292500000000004],[7.543],[2.1414999999999997],[3.9842500000000003],[2.122],[2.26825],[3.96475],[3.916],[2.07325],[3.877],[3.8575],[2.34625],[8.2645],[2.044],[8.283999999999999],[7.16275],[8.31325],[7.123749999999999],[8.381499999999999],[7.036],[4.54],[2.4242500000000002],[0.55225],[4.657],[6.77275],[3.5747500000000003],[8.869],[8.8885],[2.5315000000000003],[6.616750000000001],[6.59725],[6.57775],[1.37125],[6.46075],[2.61925],[2.63875],[0.406],[0.952],[5.05675],[2.707],[2.7265],[6.178],[3.292],[2.75575],[5.1835],[2.77525],[5.21275],[2.79475],[5.25175],[2.81425],[1.5077500000000001],[10],[1.52725],[2.8727500000000004],[5.398000000000001],[5.81725],[5.787999999999999],[1.5662500000000001],[1.6344999999999998],[5.739249999999999],[1.6150000000000002],[1.5955000000000001]],"nseeds":71,"executions":682,"nfe":68700,"gps":[],"lps":[],"fps":[[4.111000000000001],[7.70875],[2.19025],[7.68925],[7.72825],[7.66],[7.621],[7.6015],[2.161],[2.2292500000000004],[7.543],[2.1414999999999997],[3.9842500000000003],[2.122],[2.26825],[3.96475],[3.916],[2.07325],[3.877],[3.8575],[2.34625],[8.2645],[2.044],[8.283999999999999],[7.16275],[8.31325],[7.123749999999999],[8.381499999999999],[7.036],[4.54],[2.4242500000000002],[0.55225],[4.657],[6.77275],[3.5747500000000003],[8.869],[8.8885],[2.5315000000000003],[6.616750000000001],[6.59725],[6.57775],[1.37125],[6.46075],[2.61925],[2.63875],[0.406],[0.952],[5.05675],[2.707],[2.7265],[6.178],[3.292],[2.75575],[5.1835],[2.77525],[5.21275],[2.79475],[5.25175],[2.81425],[1.5077500000000001],[10],[1.52725],[2.8727500000000004],[5.398000000000001],[5.81725],[5.787999999999999],[1.5662500000000001],[1.6344999999999998],[5.739249999999999],[1.6150000000000002],[1.5955000000000001]],"np":0,"gp":0,"pr":0,"gpr":0,"fpr":1,"reason":"statistic"}