{"avgHealth":0.8061923295654094,"seeds":[[4.111000000000001],[7.70875],[2.19025],[7.68925],[7.6697500000000005],[4.0915],[7.63075],[2.17075],[4.062250000000001],[4.04275],[2.15125],[4.0135000000000005],[7.49425],[4.228],[7.47475],[4.2475],[7.4455],[8.011],[1.225],[3.8965],[3.86725],[8.19625],[8.25475],[2.044],[8.283999999999999],[7.153],[2.3755],[8.362],[2.40475],[4.54],[8.5375],[2.4535],[3.67225],[3.6527499999999997],[2.473],[6.79225],[6.77275],[4.68625],[4.7155000000000005],[8.89825],[1.37125],[6.53875],[9.142],[9.1615],[2.63875],[1.81975],[9.298],[4.968999999999999],[9.327250000000001],[6.36325],[4.99825],[1.8002500000000001],[9.3955],[2.6875],[3.3505000000000003],[5.047],[9.493],[3.331],[3.3115],[5.11525],[3.292],[5.164],[2.75575],[2.77525],[5.203],[2.79475],[2.81425],[2.8435],[10],[2.863],[2.8825000000000003],[1.54675],[0.8252499999999999],[2.9312500000000004],[5.495500000000001],[3.0385],[2.9800000000000004],[3.0189999999999997],[2.9995]],"nseeds":79,"executions":784,"nfe":78900,"gps":[],"lps":[],"fps":[[4.111000000000001],[7.70875],[2.19025],[7.68925],[7.6697500000000005],[4.0915],[7.63075],[2.17075],[4.062250000000001],[4.04275],[2.15125],[4.0135000000000005],[7.49425],[4.228],[7.47475],[4.2475],[7.4455],[8.011],[1.225],[3.8965],[3.86725],[8.19625],[8.25475],[2.044],[8.283999999999999],[7.153],[2.3755],[8.362],[2.40475],[4.54],[8.5375],[2.4535],[3.67225],[3.6527499999999997],[2.473],[6.79225],[6.77275],[4.68625],[4.7155000000000005],[8.89825],[1.37125],[6.53875],[9.142],[9.1615],[2.63875],[1.81975],[9.298],[4.968999999999999],[9.327250000000001],[6.36325],[4.99825],[1.8002500000000001],[9.3955],[2.6875],[3.3505000000000003],[5.047],[9.493],[3.331],[3.3115],[5.11525],[3.292],[5.164],[2.75575],[2.77525],[5.203],[2.79475],[2.81425],[2.8435],[10],[2.863],[2.8825000000000003],[1.54675],[0.8252499999999999],[2.9312500000000004],[5.495500000000001],[3.0385],[2.9800000000000004],[3.0189999999999997],[2.9995]],"np":0,"gp":0,"pr":0,"gpr":0,"fpr":1,"reason":"statistic"}