{"avgHealth":0.7444505309498944,"seeds":[[4.111000000000001],[7.70875],[2.19025],[7.72825],[7.6795],[7.66],[4.14025],[4.072],[0.63025],[2.17075],[7.621],[7.7965],[4.0525],[2.2292500000000004],[7.835500000000001],[4.0329999999999995],[7.884250000000001],[7.5235],[7.504],[4.228],[7.4845],[7.4552499999999995],[2.26825],[7.972],[4.2669999999999995],[7.41625],[2.1025],[7.3675],[7.348],[4.3255],[8.11825],[7.29925],[2.3169999999999997],[8.157250000000001],[4.35475],[4.37425],[0.6692499999999999],[7.18225],[0.5815],[2.356],[4.423],[8.3035],[4.45225],[7.1042499999999995],[2.395],[3.7405],[4.54],[8.58625],[2.44375],[8.60575],[0.6985],[3.6624999999999996],[8.68375],[4.6375],[6.77275],[4.68625],[0.5425],[1.89775],[4.774],[6.607],[4.80325],[4.82275],[4.851999999999999],[4.88125],[9.2005],[2.61925],[6.44125],[0.74725],[6.412],[1.81975],[6.3925],[9.30775],[6.36325],[6.34375],[5.03725],[3.331],[0.2695],[2.71675],[5.21275],[9.805],[2.79475],[9.8245],[5.242],[9.844],[5.2615],[9.8635],[5.29075],[2.8240000000000003],[5.32975],[5.3492500000000005],[5.38825],[3.1359999999999997],[5.856249999999999],[5.4175],[5.836749999999999],[5.437],[5.81725],[5.4565],[5.79775],[5.7684999999999995],[5.739249999999999],[5.52475],[5.71975],[5.7002500000000005],[5.5735],[5.671],[5.593],[5.612500000000001],[5.64175]],"nseeds":109,"executions":840,"nfe":84500,"gps":[],"lps":[],"fps":[[4.111000000000001],[7.70875],[2.19025],[7.72825],[7.6795],[7.66],[4.14025],[4.072],[0.63025],[2.17075],[7.621],[7.7965],[4.0525],[2.2292500000000004],[7.835500000000001],[4.0329999999999995],[7.884250000000001],[7.5235],[7.504],[4.228],[7.4845],[7.4552499999999995],[2.26825],[7.972],[4.2669999999999995],[7.41625],[2.1025],[7.3675],[7.348],[4.3255],[8.11825],[7.29925],[2.3169999999999997],[8.157250000000001],[4.35475],[4.37425],[0.6692499999999999],[7.18225],[0.5815],[2.356],[4.423],[8.3035],[4.45225],[7.1042499999999995],[2.395],[3.7405],[4.54],[8.58625],[2.44375],[8.60575],[0.6985],[3.6624999999999996],[8.68375],[4.6375],[6.77275],[4.68625],[0.5425],[1.89775],[4.774],[6.607],[4.80325],[4.82275],[4.851999999999999],[4.88125],[9.2005],[2.61925],[6.44125],[0.74725],[6.412],[1.81975],[6.3925],[9.30775],[6.36325],[6.34375],[5.03725],[3.331],[0.2695],[2.71675],[5.21275],[9.805],[2.79475],[9.8245],[5.242],[9.844],[5.2615],[9.8635],[5.29075],[2.8240000000000003],[5.32975],[5.3492500000000005],[5.38825],[3.1359999999999997],[5.856249999999999],[5.4175],[5.836749999999999],[5.437],[5.81725],[5.4565],[5.79775],[5.7684999999999995],[5.739249999999999],[5.52475],[5.71975],[5.7002500000000005],[5.5735],[5.671],[5.593],[5.612500000000001],[5.64175]],"np":0,"gp":0,"pr":0,"gpr":0,"fpr":1,"reason":"statistic"}