{"avgHealth":0.8364158603436862,"seeds":[[4.111000000000001],[7.70875],[2.19025],[7.68925],[7.72825],[4.0915],[7.63075],[2.17075],[4.04275],[7.855],[2.15125],[2.239],[7.543],[4.02325],[7.9135],[7.49425],[2.2584999999999997],[7.47475],[4.2475],[2.122],[7.4552499999999995],[8.128],[1.108],[4.345],[3.86725],[7.240749999999999],[8.2645],[2.044],[2.356],[8.283999999999999],[2.3755],[2.395],[8.517999999999999],[8.58625],[2.473],[2.4925],[8.947000000000001],[6.55825],[4.8325],[6.53875],[4.851999999999999],[9.142],[4.968999999999999],[4.9885],[2.668],[1.7905],[2.6875],[3.3505000000000003],[0.7667499999999999],[3.32125],[3.30175],[2.746],[3.28225],[2.7655000000000003],[5.19325],[5.21275],[2.785],[2.8240000000000003],[5.31025],[2.8435],[1.5175],[10],[2.863],[5.4662500000000005],[1.5565],[5.48575],[2.9312500000000004],[1.576],[3.04825],[2.9800000000000004],[3.0189999999999997],[2.9995]],"nseeds":72,"executions":693,"nfe":69800,"gps":[],"lps":[],"fps":[[4.111000000000001],[7.70875],[2.19025],[7.68925],[7.72825],[4.0915],[7.63075],[2.17075],[4.04275],[7.855],[2.15125],[2.239],[7.543],[4.02325],[7.9135],[7.49425],[2.2584999999999997],[7.47475],[4.2475],[2.122],[7.4552499999999995],[8.128],[1.108],[4.345],[3.86725],[7.240749999999999],[8.2645],[2.044],[2.356],[8.283999999999999],[2.3755],[2.395],[8.517999999999999],[8.58625],[2.473],[2.4925],[8.947000000000001],[6.55825],[4.8325],[6.53875],[4.851999999999999],[9.142],[4.968999999999999],[4.9885],[2.668],[1.7905],[2.6875],[3.3505000000000003],[0.7667499999999999],[3.32125],[3.30175],[2.746],[3.28225],[2.7655000000000003],[5.19325],[5.21275],[2.785],[2.8240000000000003],[5.31025],[2.8435],[1.5175],[10],[2.863],[5.4662500000000005],[1.5565],[5.48575],[2.9312500000000004],[1.576],[3.04825],[2.9800000000000004],[3.0189999999999997],[2.9995]],"np":0,"gp":0,"pr":0,"gpr":0,"fpr":1,"reason":"statistic"}