{"avgHealth":0.8013438937914675,"seeds":[[4.111000000000001],[7.70875],[2.19025],[7.68925],[7.72825],[7.6697500000000005],[4.0915],[7.7575],[7.777],[4.072],[7.63075],[2.17075],[7.7965],[2.2195],[4.04275],[2.15125],[4.0135000000000005],[7.4845],[7.465],[4.2475],[7.4455],[7.9915],[7.426],[1.1275],[4.2669999999999995],[0.64975],[2.1025],[3.90625],[4.345],[3.88675],[7.27975],[2.32675],[3.86725],[8.19625],[7.240749999999999],[2.05375],[7.18225],[2.356],[8.283999999999999],[7.123749999999999],[2.3755],[2.395],[8.5375],[1.0495],[2.4535],[0.6985],[3.6624999999999996],[6.841],[2.473],[3.643],[3.6235],[2.4925],[4.68625],[3.6039999999999996],[6.7435],[4.774],[6.607],[2.61925],[9.2395],[4.9495],[4.97875],[2.668],[3.3505000000000003],[2.69725],[6.24625],[3.331],[1.771],[2.71675],[6.217],[3.3115],[9.61975],[3.292],[2.746],[1.7515],[3.26275],[2.7655000000000003],[0.49375],[2.785],[2.8045],[2.8240000000000003],[2.8435],[10],[2.863],[2.8825000000000003],[5.827],[2.9312500000000004],[5.495500000000001],[5.52475],[3.0385],[2.9800000000000004],[3.0189999999999997],[2.9995]],"nseeds":92,"executions":804,"nfe":80900,"gps":[],"lps":[],"fps":[[4.111000000000001],[7.70875],[2.19025],[7.68925],[7.72825],[7.6697500000000005],[4.0915],[7.7575],[7.777],[4.072],[7.63075],[2.17075],[7.7965],[2.2195],[4.04275],[2.15125],[4.0135000000000005],[7.4845],[7.465],[4.2475],[7.4455],[7.9915],[7.426],[1.1275],[4.2669999999999995],[0.64975],[2.1025],[3.90625],[4.345],[3.88675],[7.27975],[2.32675],[3.86725],[8.19625],[7.240749999999999],[2.05375],[7.18225],[2.356],[8.283999999999999],[7.123749999999999],[2.3755],[2.395],[8.5375],[1.0495],[2.4535],[0.6985],[3.6624999999999996],[6.841],[2.473],[3.643],[3.6235],[2.4925],[4.68625],[3.6039999999999996],[6.7435],[4.774],[6.607],[2.61925],[9.2395],[4.9495],[4.97875],[2.668],[3.3505000000000003],[2.69725],[6.24625],[3.331],[1.771],[2.71675],[6.217],[3.3115],[9.61975],[3.292],[2.746],[1.7515],[3.26275],[2.7655000000000003],[0.49375],[2.785],[2.8045],[2.8240000000000003],[2.8435],[10],[2.863],[2.8825000000000003],[5.827],[2.9312500000000004],[5.495500000000001],[5.52475],[3.0385],[2.9800000000000004],[3.0189999999999997],[2.9995]],"np":0,"gp":0,"pr":0,"gpr":0,"fpr":1,"reason":"statistic"}