{"avgHealth":0.7946990109879224,"seeds":[[4.111000000000001],[7.70875],[2.19025],[7.68925],[7.72825],[7.6697500000000005],[4.0915],[7.65025],[4.072],[2.17075],[4.04275],[2.15125],[4.0135000000000005],[4.228],[7.47475],[4.2475],[7.4455],[4.2669999999999995],[7.3285],[3.88675],[3.86725],[8.2255],[8.2645],[2.044],[2.356],[8.283999999999999],[4.423],[8.3035],[7.1335],[2.3755],[2.395],[2.4145],[3.7112499999999997],[2.44375],[6.87025],[2.46325],[4.6375],[2.4827500000000002],[6.79225],[6.77275],[2.50225],[4.70575],[6.67525],[2.5509999999999997],[6.53875],[4.9007499999999995],[6.46075],[2.61925],[2.63875],[4.9495],[4.968999999999999],[6.34375],[5.008],[1.4297499999999999],[2.6875],[3.3505000000000003],[9.5125],[6.2364999999999995],[2.71675],[6.217],[3.30175],[2.75575],[6.10975],[2.77525],[5.203],[9.844],[2.8045],[5.2615],[2.8240000000000003],[2.8435],[2.863],[5.836749999999999],[5.787999999999999],[5.7684999999999995],[2.9312500000000004],[1.6344999999999998],[3.04825],[5.563750000000001],[5.680750000000001],[3.0287499999999996],[1.6150000000000002],[2.9800000000000004],[3.0092499999999998]],"nseeds":83,"executions":919,"nfe":92400,"gps":[],"lps":[],"fps":[[4.111000000000001],[7.70875],[2.19025],[7.68925],[7.72825],[7.6697500000000005],[4.0915],[7.65025],[4.072],[2.17075],[4.04275],[2.15125],[4.0135000000000005],[4.228],[7.47475],[4.2475],[7.4455],[4.2669999999999995],[7.3285],[3.88675],[3.86725],[8.2255],[8.2645],[2.044],[2.356],[8.283999999999999],[4.423],[8.3035],[7.1335],[2.3755],[2.395],[2.4145],[3.7112499999999997],[2.44375],[6.87025],[2.46325],[4.6375],[2.4827500000000002],[6.79225],[6.77275],[2.50225],[4.70575],[6.67525],[2.5509999999999997],[6.53875],[4.9007499999999995],[6.46075],[2.61925],[2.63875],[4.9495],[4.968999999999999],[6.34375],[5.008],[1.4297499999999999],[2.6875],[3.3505000000000003],[9.5125],[6.2364999999999995],[2.71675],[6.217],[3.30175],[2.75575],[6.10975],[2.77525],[5.203],[9.844],[2.8045],[5.2615],[2.8240000000000003],[2.8435],[2.863],[5.836749999999999],[5.787999999999999],[5.7684999999999995],[2.9312500000000004],[1.6344999999999998],[3.04825],[5.563750000000001],[5.680750000000001],[3.0287499999999996],[1.6150000000000002],[2.9800000000000004],[3.0092499999999998]],"np":0,"gp":0,"pr":0,"gpr":0,"fpr":1,"reason":"statistic"}