{"avgHealth":0.7964487360562102,"seeds":[[4.111000000000001],[7.70875],[2.19025],[7.68925],[7.72825],[4.1305],[7.6697500000000005],[4.0915],[2.17075],[2.2195],[4.04275],[2.15125],[7.49425],[4.228],[7.47475],[4.2475],[2.122],[7.4552499999999995],[3.96475],[4.27675],[7.39675],[3.94525],[2.30725],[3.90625],[3.88675],[3.86725],[7.240749999999999],[2.05375],[2.34625],[7.191999999999999],[0.6692499999999999],[8.2645],[8.283999999999999],[8.3035],[2.36575],[7.143249999999999],[8.35225],[2.395],[2.4242500000000002],[2.4535],[2.473],[1.03],[4.68625],[4.7155000000000005],[2.5315000000000003],[2.5509999999999997],[1.8782500000000002],[6.5095],[2.61925],[9.21025],[3.43825],[4.95925],[9.298],[4.97875],[9.3565],[2.668],[2.6875],[5.047],[3.34075],[3.32125],[0.7765],[3.30175],[6.1585],[2.746],[3.26275],[2.7655000000000003],[9.71725],[2.785],[5.2322500000000005],[2.8045],[3.214],[2.863],[5.4175],[2.902],[5.4662500000000005],[5.787999999999999],[2.9215],[5.495500000000001],[2.9410000000000003],[5.739249999999999],[3.0385],[1.6150000000000002],[2.9800000000000004],[3.0189999999999997],[2.9995]],"nseeds":85,"executions":729,"nfe":73400,"gps":[],"lps":[],"fps":[[4.111000000000001],[7.70875],[2.19025],[7.68925],[7.72825],[4.1305],[7.6697500000000005],[4.0915],[2.17075],[2.2195],[4.04275],[2.15125],[7.49425],[4.228],[7.47475],[4.2475],[2.122],[7.4552499999999995],[3.96475],[4.27675],[7.39675],[3.94525],[2.30725],[3.90625],[3.88675],[3.86725],[7.240749999999999],[2.05375],[2.34625],[7.191999999999999],[0.6692499999999999],[8.2645],[8.283999999999999],[8.3035],[2.36575],[7.143249999999999],[8.35225],[2.395],[2.4242500000000002],[2.4535],[2.473],[1.03],[4.68625],[4.7155000000000005],[2.5315000000000003],[2.5509999999999997],[1.8782500000000002],[6.5095],[2.61925],[9.21025],[3.43825],[4.95925],[9.298],[4.97875],[9.3565],[2.668],[2.6875],[5.047],[3.34075],[3.32125],[0.7765],[3.30175],[6.1585],[2.746],[3.26275],[2.7655000000000003],[9.71725],[2.785],[5.2322500000000005],[2.8045],[3.214],[2.863],[5.4175],[2.902],[5.4662500000000005],[5.787999999999999],[2.9215],[5.495500000000001],[2.9410000000000003],[5.739249999999999],[3.0385],[1.6150000000000002],[2.9800000000000004],[3.0189999999999997],[2.9995]],"np":0,"gp":0,"pr":0,"gpr":0,"fpr":1,"reason":"statistic"}