{"avgHealth":0.7713398505187461,"seeds":[[4.111000000000001],[7.70875],[2.19025],[7.68925],[7.72825],[7.74775],[7.66],[4.14025],[7.76725],[7.6405],[4.072],[7.621],[7.80625],[7.6015],[2.161],[7.82575],[7.84525],[2.239],[7.543],[4.208500000000001],[7.5235],[7.504],[7.4845],[7.952500000000001],[7.4552499999999995],[7.39675],[7.3382499999999995],[4.33525],[8.128],[7.2505],[4.3839999999999995],[7.2115],[2.34625],[4.41325],[8.27425],[8.29375],[8.332749999999999],[4.45225],[7.114],[0.679],[2.395],[4.53025],[8.517999999999999],[4.58875],[2.4535],[4.62775],[6.77275],[6.733750000000001],[8.85925],[4.735],[4.774],[8.95675],[4.7935],[6.5875],[4.813000000000001],[4.84225],[9.103],[4.9007499999999995],[6.44125],[6.40225],[6.38275],[9.327250000000001],[6.36325],[6.34375],[0.2695],[5.1835],[2.7655000000000003],[9.727],[5.21275],[9.805],[9.8245],[5.25175],[3.214],[5.281000000000001],[5.31025],[5.32975],[1.5175],[10],[5.359],[3.1359999999999997],[5.8465],[5.827],[3.10675],[5.807499999999999],[5.77825],[1.6344999999999998],[5.739249999999999],[1.576],[5.710000000000001],[5.554],[5.6905],[5.5735],[1.6150000000000002],[5.671],[5.6515],[5.612500000000001],[5.632000000000001]],"nseeds":97,"executions":1242,"nfe":124700,"gps":[],"lps":[],"fps":[[4.111000000000001],[7.70875],[2.19025],[7.68925],[7.72825],[7.74775],[7.66],[4.14025],[7.76725],[7.6405],[4.072],[7.621],[7.80625],[7.6015],[2.161],[7.82575],[7.84525],[2.239],[7.543],[4.208500000000001],[7.5235],[7.504],[7.4845],[7.952500000000001],[7.4552499999999995],[7.39675],[7.3382499999999995],[4.33525],[8.128],[7.2505],[4.3839999999999995],[7.2115],[2.34625],[4.41325],[8.27425],[8.29375],[8.332749999999999],[4.45225],[7.114],[0.679],[2.395],[4.53025],[8.517999999999999],[4.58875],[2.4535],[4.62775],[6.77275],[6.733750000000001],[8.85925],[4.735],[4.774],[8.95675],[4.7935],[6.5875],[4.813000000000001],[4.84225],[9.103],[4.9007499999999995],[6.44125],[6.40225],[6.38275],[9.327250000000001],[6.36325],[6.34375],[0.2695],[5.1835],[2.7655000000000003],[9.727],[5.21275],[9.805],[9.8245],[5.25175],[3.214],[5.281000000000001],[5.31025],[5.32975],[1.5175],[10],[5.359],[3.1359999999999997],[5.8465],[5.827],[3.10675],[5.807499999999999],[5.77825],[1.6344999999999998],[5.739249999999999],[1.576],[5.710000000000001],[5.554],[5.6905],[5.5735],[1.6150000000000002],[5.671],[5.6515],[5.612500000000001],[5.632000000000001]],"np":0,"gp":0,"pr":0,"gpr":0,"fpr":1,"reason":"statistic"}