{"avgHealth":0.8354560999278814,"seeds":[[4.111000000000001],[7.70875],[7.68925],[7.72825],[4.1305],[7.6697500000000005],[4.0915],[7.74775],[7.76725],[7.7867500000000005],[4.0525],[4.0329999999999995],[2.15125],[7.543],[7.5235],[7.4845],[4.23775],[7.465],[4.25725],[7.9915],[7.39675],[2.30725],[3.90625],[8.11825],[3.86725],[8.25475],[2.356],[8.283999999999999],[7.16275],[8.323],[7.123749999999999],[8.35225],[0.68875],[8.5765],[4.62775],[4.6472500000000005],[2.4925],[4.72525],[8.91775],[1.8880000000000001],[8.95675],[6.5095],[9.15175],[4.93975],[9.30775],[4.97875],[4.99825],[9.3955],[5.03725],[2.6875],[3.3505000000000003],[2.707],[3.331],[0.2695],[3.3115],[3.292],[2.746],[2.7655000000000003],[5.19325],[2.785],[9.79525],[2.8045],[2.8240000000000003],[9.93175],[5.32975],[2.8435],[10],[2.863],[2.8825000000000003],[5.8465],[2.91175],[2.9312500000000004],[2.95075],[3.04825],[3.0287499999999996],[2.9800000000000004],[3.0092499999999998]],"nseeds":77,"executions":854,"nfe":85900,"gps":[],"lps":[],"fps":[[4.111000000000001],[7.70875],[7.68925],[7.72825],[4.1305],[7.6697500000000005],[4.0915],[7.74775],[7.76725],[7.7867500000000005],[4.0525],[4.0329999999999995],[2.15125],[7.543],[7.5235],[7.4845],[4.23775],[7.465],[4.25725],[7.9915],[7.39675],[2.30725],[3.90625],[8.11825],[3.86725],[8.25475],[2.356],[8.283999999999999],[7.16275],[8.323],[7.123749999999999],[8.35225],[0.68875],[8.5765],[4.62775],[4.6472500000000005],[2.4925],[4.72525],[8.91775],[1.8880000000000001],[8.95675],[6.5095],[9.15175],[4.93975],[9.30775],[4.97875],[4.99825],[9.3955],[5.03725],[2.6875],[3.3505000000000003],[2.707],[3.331],[0.2695],[3.3115],[3.292],[2.746],[2.7655000000000003],[5.19325],[2.785],[9.79525],[2.8045],[2.8240000000000003],[9.93175],[5.32975],[2.8435],[10],[2.863],[2.8825000000000003],[5.8465],[2.91175],[2.9312500000000004],[2.95075],[3.04825],[3.0287499999999996],[2.9800000000000004],[3.0092499999999998]],"np":0,"gp":0,"pr":0,"gpr":0,"fpr":1,"reason":"statistic"}