{"avgHealth":0.7703315542894414,"seeds":[[4.111000000000001],[7.70875],[2.19025],[7.68925],[7.72825],[7.6697500000000005],[4.072],[0.63025],[2.17075],[4.0329999999999995],[2.239],[7.504],[4.228],[2.1317500000000003],[7.4845],[7.94275],[7.465],[7.96225],[2.26825],[4.25725],[7.41625],[8.011],[4.27675],[7.348],[8.089],[7.31875],[4.345],[4.3645],[8.2255],[4.4035],[7.18225],[8.27425],[2.356],[4.423],[7.16275],[8.3035],[8.323],[7.1335],[2.3755],[7.1042499999999995],[0.367],[4.54],[2.4242500000000002],[2.473],[4.6375],[0.55225],[2.4925],[4.696],[6.607],[1.8782500000000002],[4.82275],[6.53875],[4.851999999999999],[4.88125],[6.44125],[4.92025],[6.42175],[6.40225],[6.38275],[6.36325],[9.34675],[6.334],[9.44425],[6.28525],[3.3505000000000003],[3.331],[2.71675],[3.292],[2.75575],[2.79475],[5.242],[9.834249999999999],[6.021999999999999],[5.2615],[5.281000000000001],[5.3005],[5.93425],[3.1555],[5.359],[5.398000000000001],[5.42725],[5.836749999999999],[5.81725],[5.79775],[5.476],[2.9215],[5.77825],[0.835],[5.739249999999999],[3.058],[5.554],[5.7002500000000005],[5.5735],[5.671],[5.593],[5.612500000000001]],"nseeds":96,"executions":890,"nfe":89500,"gps":[],"lps":[],"fps":[[4.111000000000001],[7.70875],[2.19025],[7.68925],[7.72825],[7.6697500000000005],[4.072],[0.63025],[2.17075],[4.0329999999999995],[2.239],[7.504],[4.228],[2.1317500000000003],[7.4845],[7.94275],[7.465],[7.96225],[2.26825],[4.25725],[7.41625],[8.011],[4.27675],[7.348],[8.089],[7.31875],[4.345],[4.3645],[8.2255],[4.4035],[7.18225],[8.27425],[2.356],[4.423],[7.16275],[8.3035],[8.323],[7.1335],[2.3755],[7.1042499999999995],[0.367],[4.54],[2.4242500000000002],[2.473],[4.6375],[0.55225],[2.4925],[4.696],[6.607],[1.8782500000000002],[4.82275],[6.53875],[4.851999999999999],[4.88125],[6.44125],[4.92025],[6.42175],[6.40225],[6.38275],[6.36325],[9.34675],[6.334],[9.44425],[6.28525],[3.3505000000000003],[3.331],[2.71675],[3.292],[2.75575],[2.79475],[5.242],[9.834249999999999],[6.021999999999999],[5.2615],[5.281000000000001],[5.3005],[5.93425],[3.1555],[5.359],[5.398000000000001],[5.42725],[5.836749999999999],[5.81725],[5.79775],[5.476],[2.9215],[5.77825],[0.835],[5.739249999999999],[3.058],[5.554],[5.7002500000000005],[5.5735],[5.671],[5.593],[5.612500000000001]],"np":0,"gp":0,"pr":0,"gpr":0,"fpr":1,"reason":"statistic"}