{"avgHealth":-3.9579622995786243,"seeds":[[0],[-6],[6],[-19.200000000000045],[19.200000000000045],[-25.200000000000045],[25.200000000000045],[12],[-12],[-13.200000000000045],[13.200000000000045],[-31.200000000000045],[31.200000000000045],[-7.2000000000000455],[7.2000000000000455],[18],[-18],[-37.200000000000045],[37.200000000000045],[-44.39999999999998],[44.40000000000009],[-38.39999999999998],[38.40000000000009],[1.2000000000000455],[-1.2000000000000455],[-50.39999999999998],[50.40000000000009],[32.39999999999998],[-24],[24],[43.200000000000045],[-43.19999999999993],[56.40000000000009],[-56.39999999999998],[-26.399999999999977],[-4.7999999999999545],[4.7999999999999545],[62.40000000000009],[-62.39999999999998],[-30],[30],[-20.399999999999977],[20.399999999999977],[49.200000000000045],[-49.19999999999993],[10.799999999999955],[-10.799999999999955],[63.60000000000002],[-63.60000000000002],[14.399999999999977],[-14.399999999999977],[69.60000000000002],[-69.60000000000002],[-57.60000000000002],[57.60000000000002],[68.40000000000009],[-68.39999999999998],[-51.60000000000002],[75.59999999999991],[-75.60000000000002],[36],[-36],[-16.800000000000068],[8.399999999999977],[-8.399999999999977],[-55.19999999999993],[-45.60000000000002],[-81.60000000000002],[81.59999999999991],[-39.60000000000002],[2.3999999999999773],[-2.3999999999999773],[22.800000000000068],[-22.800000000000068],[42],[74.40000000000009],[-74.39999999999998],[-33.60000000000002],[33.60000000000002],[-3.6000000000000227],[3.6000000000000227],[-27.600000000000023],[-87.60000000000002],[87.59999999999991],[-61.19999999999993],[-9.600000000000023],[9.600000000000023],[21.600000000000023],[15.600000000000023],[-28.800000000000068],[-48],[34.80000000000007],[-82.79999999999995],[82.79999999999995],[-88.80000000000001],[-76.79999999999995],[76.79999999999995],[80.39999999999998],[-80.39999999999998],[-70.79999999999995],[-93.60000000000002],[93.59999999999991],[94.79999999999995],[-94.80000000000001],[-40.799999999999955],[-64.79999999999995],[64.80000000000007],[-67.20000000000005],[67.20000000000005],[-58.799999999999955],[58.80000000000007],[-46.799999999999955],[-52.799999999999955],[-54],[54],[100.79999999999995],[-100.80000000000001],[106.79999999999995],[-106.80000000000001],[-60],[-86.39999999999998],[-99.60000000000002],[99.59999999999991],[-73.20000000000005],[-66],[112.79999999999995],[-112.79999999999995],[-72],[72.00000000000011],[-79.20000000000005],[-78],[-92.40000000000003],[92.39999999999998],[-105.60000000000002],[105.59999999999991],[-84],[-90],[-96],[96],[102],[-102],[108],[-108.00000000000006],[-113.99999999999994],[-118.79999999999995],[118.79999999999995],[-85.20000000000005],[-120],[-98.40000000000003],[-126],[-111.60000000000002],[-91.19999999999999],[91.19999999999993],[-124.79999999999995],[-97.20000000000005],[132],[-132],[-104.40000000000003],[-103.20000000000005],[-117.59999999999997],[-109.20000000000005],[138],[-138],[-115.19999999999999],[-130.79999999999995],[-121.19999999999999],[-110.40000000000003],[133.19999999999993],[-133.2],[-139.2],[123.60000000000002],[-123.59999999999997],[-144],[-116.39999999999998],[-145.2],[-122.39999999999998],[-151.2],[129.60000000000002],[-129.59999999999997],[-150],[-128.39999999999998],[-157.2],[157.20000000000005],[-142.8],[-134.39999999999998],[134.39999999999998],[-135.59999999999997],[-140.39999999999998],[-156],[-146.39999999999998],[-163.2],[-148.8],[-141.59999999999997],[164.39999999999998],[-170.40000000000003],[-153.60000000000002],[-175.20000000000005],[-168],[-160.8],[-182.40000000000003],[165.60000000000002],[-181.20000000000005],[-171.60000000000002],[-188.39999999999998],[-177.60000000000002],[-183.60000000000002],[-187.20000000000005],[-189.59999999999997],[-200.39999999999998],[-201.59999999999997],[-186.00000000000006],[-190.79999999999995],[-207.59999999999997],[-206.39999999999998],[-199.2],[-213.59999999999997],[-208.8],[-212.39999999999998],[-219.60000000000002],[-220.8],[-225.60000000000002],[225.5999999999999],[211.20000000000005],[-211.2],[-226.8],[-216],[232.79999999999995],[-232.8],[-231.60000000000002],[227.9999999999999],[-234],[-246],[-243.60000000000002],[-235.2],[-242.40000000000003],[-256.8],[-255.60000000000002],[-270],[-265.2],[260.4],[-273.59999999999997],[-295.2],[-379.20000000000005],[-396],[-489.6],[-488.4],[-494.4],[-508.8],[-507.6],[-506.4],[-516],[-532.8]],"nseeds":252,"executions":1708,"nfe":171300,"gps":[[0]],"lps":[],