{"avgHealth":-1.085353483397825,"seeds":[[-1.44,0.784],[-1.428,0.784],[1.44,-0.788],[-1.434,0.776],[1.428,-0.792],[-1.422,0.776],[-1.452,0.776],[-1.41,0.78],[-1.428,0.768],[1.44,-0.768],[-1.44,0.768],[-1.44,0.8],[1.4040000000000001,-0.784],[-1.458,0.796],[-1.428,0.8],[1.416,-0.768],[-1.464,0.776],[1.422,-0.8],[1.4040000000000001,-0.772],[-1.41,0.768],[-1.3980000000000001,0.776],[-1.458,0.768],[1.3980000000000001,-0.792],[-1.41,0.8],[-1.3920000000000001,0.784],[1.3920000000000001,-0.776],[1.428,-0.76],[-1.422,0.76],[1.4040000000000001,-0.8],[-1.464,0.804],[-1.446,0.808],[1.41,-0.76],[-1.422,0.808],[-1.3860000000000001,0.776],[-1.3920000000000001,0.768],[1.3980000000000001,-0.764],[-1.3980000000000001,0.8],[1.3860000000000001,-0.792],[-1.44,0.756],[1.3860000000000001,-0.768],[1.3920000000000001,-0.8],[1.428,-0.812],[-1.452,0.756],[1.476,-0.764],[-1.428,0.752],[-1.3800000000000001,0.768],[-1.3860000000000001,0.8],[-1.374,0.78],[1.494,-0.788],[-1.272,-0.764]],"nseeds":50,"executions":2213,"nfe":221800,"gps":[],"lps":[],"fps":[[-1.44,0.784],[-1.428,0.784],[1.44,-0.788],[-1.434,0.776],[1.428,-0.792],[-1.422,0.776],[-1.452,0.776],[-1.41,0.78],[-1.428,0.768],[1.44,-0.768],[-1.44,0.768],[-1.44,0.8],[1.4040000000000001,-0.784],[-1.458,0.796],[-1.428,0.8],[1.416,-0.768],[-1.464,0.776],[1.422,-0.8],[1.4040000000000001,-0.772],[-1.41,0.768],[-1.3980000000000001,0.776],[-1.458,0.768],[1.3980000000000001,-0.792],[-1.41,0.8],[-1.3920000000000001,0.784],[1.3920000000000001,-0.776],[1.428,-0.76],[-1.422,0.76],[1.4040000000000001,-0.8],[-1.464,0.804],[-1.446,0.808],[1.41,-0.76],[-1.422,0.808],[-1.3860000000000001,0.776],[-1.3920000000000001,0.768],[1.3980000000000001,-0.764],[-1.3980000000000001,0.8],[1.3860000000000001,-0.792],[-1.44,0.756],[1.3860000000000001,-0.768],[1.3920000000000001,-0.8],[1.428,-0.812],[-1.452,0.756],[1.476,-0.764],[-1.428,0.752],[-1.3800000000000001,0.768],[-1.3860000000000001,0.8],[-1.374,0.78],[1.494,-0.788],[-1.272,-0.764]],"np":0,"gp":0,"pr":0,"gpr":0,"lp":0,"lpr":0,"fpr":1,"reason":"statistic"}