{"avgHealth":0.9509995289254348,"seeds":[[0.08,0.079,0.08],[0.08,0.077,0.245],[0.08,0.241,0.245],[0.241,0.242,0.079],[0.081,0.257,0.078],[0.08,0.242,0.448],[0.243,0.242,0.448],[0.243,0.242,0.464],[0.455,0.067,0.08],[0.08,0.672,0.24],[0.08,0.087,0.702],[0.462,0.447,0.262],[0.08,0.408,0.245],[0.241,0.071,0.708],[0.455,0.237,0.688],[0.457,0.673,0.07],[0.079,0.272,0.677],[0.241,0.447,0.709],[0.241,0.068,0.41],[0.08,0.079,0.026],[0.224,0.261,0.477],[0.217,0.672,0.252],[0.087,0.666,0.697],[0.217,0.672,0.237],[0.243,0.222,0.41],[0.463,0.272,0.677],[0.08,0.266,0.538],[0.22,0.237,0.411],[0.241,0.266,0.538],[0.708,0.644,0.08],[0.893,0.227,0.463],[0.22,0.222,0.41],[0.663,0.666,0.697],[0.113,0.068,0.41],[0.799,0.261,0.479],[0.66,0.478,0.411],[0.62,0.819,0.262],[0.22,0.16,0.282],[0.641,0.22,1.022],[0.642,0.475,0.807],[0.593,0.276,0.742],[0.01,0.295,0.657],[0.533,0.213,0.402],[0.541,0.715,0.153]],"nseeds":44,"executions":246,"nfe":25100,"gps":[],"lps":[[0.08,0.241,0.245]],"fps":[[0.08,0.079,0.08],[0.08,0.077,0.245],[0.241,0.242,0.079],[0.081,0.257,0.078],[0.08,0.242,0.448],[0.243,0.242,0.448],[0.243,0.242,0.464],[0.455,0.067,0.08],[0.08,0.672,0.24],[0.08,0.087,0.702],[0.462,0.447,0.262],[0.08,0.408,0.245],[0.241,0.071,0.708],[0.455,0.237,0.688],[0.457,0.673,0.07],[0.079,0.272,0.677],[0.241,0.447,0.709],[0.241,0.068,0.41],[0.08,0.079,0.026],[0.224,0.261,0.477],[0.217,0.672,0.252],[0.087,0.666,0.697],[0.217,0.672,0.237],[0.243,0.222,0.41],[0.463,0.272,0.677],[0.08,0.266,0.538],[0.22,0.237,0.411],[0.241,0.266,0.538],[0.708,0.644,0.08],[0.893,0.227,0.463],[0.22,0.222,0.41],[0.663,0.666,0.697],[0.113,0.068,0.41],[0.799,0.261,0.479],[0.66,0.478,0.411],[0.62,0.819,0.262],[0.22,0.16,0.282],[0.641,0.22,1.022],[0.642,0.475,0.807],[0.593,0.276,0.742],[0.01,0.295,0.657],[0.533,0.213,0.402],[0.541,0.715,0.153]],"np":1,"gp":0,"pr":0.022727272727272728,"gpr":0,"lp":1,"lpr":0.25,"fpr":0.9772727272727273,"reason":"statistic"}