{"avgHealth":0.9627327748563858,"seeds":[[0.08,0.08,0.08],[0.079,0.081,0.25],[0.08,0.25,0.25],[0.079,0.25,0.24],[0.253,0.081,0.249],[0.075,0.261,0.08],[0.08,0.261,0.25],[0.436,0.261,0.25],[0.253,0.43,0.255],[0.678,0.256,0.08],[0.708,0.238,0.254],[0.704,0.259,0.09],[0.089,0.256,0.716],[0.253,0.507,0.08],[0.088,0.452,0.645],[0.071,0.452,0.645],[0.253,0.507,0.251],[0.253,0.059,0.687],[0.253,0.059,0.647],[0.074,0.229,0.848],[0.66,0.091,0.481],[0.678,0.256,0.716],[0.96,0.428,0.256],[0.253,0.467,0.124],[0.666,0.573,0.08],[0.044,0.711,0.251],[0.25,0.902,0.723],[0.66,0.091,0.303],[0.66,0.091,0.313],[0.002,0.507,0.25],[0.409,0.748,0.445],[0.682,0.837,0.679],[0.666,0.573,0.663],[0.798,0.261,1.005],[0.327,0.287,0.677],[0.401,0.785,0.817],[0.027,0.869,0.792],[0.841,0.765,0.796]],"nseeds":38,"executions":224,"nfe":22900,"gps":[[0.08,0.08,0.08]],"lps":[],"fps":[[0.079,0.081,0.25],[0.08,0.25,0.25],[0.079,0.25,0.24],[0.253,0.081,0.249],[0.075,0.261,0.08],[0.08,0.261,0.25],[0.436,0.261,0.25],[0.253,0.43,0.255],[0.678,0.256,0.08],[0.708,0.238,0.254],[0.704,0.259,0.09],[0.089,0.256,0.716],[0.253,0.507,0.08],[0.088,0.452,0.645],[0.071,0.452,0.645],[0.253,0.507,0.251],[0.253,0.059,0.687],[0.253,0.059,0.647],[0.074,0.229,0.848],[0.66,0.091,0.481],[0.678,0.256,0.716],[0.96,0.428,0.256],[0.253,0.467,0.124],[0.666,0.573,0.08],[0.044,0.711,0.251],[0.25,0.902,0.723],[0.66,0.091,0.303],[0.66,0.091,0.313],[0.002,0.507,0.25],[0.409,0.748,0.445],[0.682,0.837,0.679],[0.666,0.573,0.663],[0.798,0.261,1.005],[0.327,0.287,0.677],[0.401,0.785,0.817],[0.027,0.869,0.792],[0.841,0.765,0.796]],"np":1,"gp":1,"pr":0.02631578947368421,"gpr":1,"lp":0,"lpr":0,"fpr":0.9736842105263158,"reason":"statistic"}