{"avgHealth":0.948031545778269,"seeds":[[0.08,0.084,0.08],[0.08,0.246,0.08],[0.25,0.084,0.08],[0.08,0.246,0.246],[0.251,0.246,0.08],[0.08,0.068,0.245],[0.25,0.068,0.081],[0.254,0.452,0.246],[0.085,0.1,0.245],[0.084,0.667,0.08],[0.251,0.683,0.08],[0.08,0.667,0.245],[0.251,0.667,0.08],[0.251,0.667,0.246],[0.08,0.065,0.295],[0.68,0.246,0.886],[0.244,0.768,0.687],[0.244,0.768,0.698],[0.246,0.494,0.54],[0.524,0.468,0.683],[0.257,0.573,0.989],[0.221,0.724,0.965],[0.738,0.417,0.64],[0.648,0.707,0.354],[0.526,0.045,0.219],[0.735,0.667,0.137],[0.993,0.59,0.425],[0.634,0.214,0.602],[0.881,0.482,0.742],[0.628,0.494,0.499],[0.638,0.145,0.13],[0.569,0.334,0.9],[0.627,0.13,0.525],[0.573,0.573,0.582]],"nseeds":34,"executions":198,"nfe":20300,"gps":[[0.08,0.084,0.08]],"lps":[[0.251,0.683,0.08]],"fps":[[0.08,0.246,0.08],[0.25,0.084,0.08],[0.08,0.246,0.246],[0.251,0.246,0.08],[0.08,0.068,0.245],[0.25,0.068,0.081],[0.254,0.452,0.246],[0.085,0.1,0.245],[0.084,0.667,0.08],[0.08,0.667,0.245],[0.251,0.667,0.08],[0.251,0.667,0.246],[0.08,0.065,0.295],[0.68,0.246,0.886],[0.244,0.768,0.687],[0.244,0.768,0.698],[0.246,0.494,0.54],[0.524,0.468,0.683],[0.257,0.573,0.989],[0.221,0.724,0.965],[0.738,0.417,0.64],[0.648,0.707,0.354],[0.526,0.045,0.219],[0.735,0.667,0.137],[0.993,0.59,0.425],[0.634,0.214,0.602],[0.881,0.482,0.742],[0.628,0.494,0.499],[0.638,0.145,0.13],[0.569,0.334,0.9],[0.627,0.13,0.525],[0.573,0.573,0.582]],"np":2,"gp":1,"pr":0.058823529411764705,"gpr":1,"lp":1,"lpr":0.25,"fpr":0.9411764705882353,"reason":"statistic"}