{"avgHealth":0.9342916320779487,"seeds":[[0.08,0.076,0.08],[0.082,0.243,0.079],[0.468,0.254,0.073],[0.47,0.246,0.455],[0.232,0.266,0.436],[0.08,0.426,0.677],[0.662,0.228,0.236],[0.085,0.666,0.66],[0.08,0.69,0.71],[0.65,0.699,0.079],[0.799,0.228,0.24],[0.263,0.993,0.261],[0.742,0.23,0.456],[0.434,0.236,0.837],[0.742,0.23,0.432],[0.65,0.699,0.464],[0.342,0.686,0.253],[0.799,0.082,0.933],[0.255,0.487,0.837],[0.65,0.699,0.478],[0.922,0.666,0.66],[0.257,0.559,0.715],[0.263,0.993,0.282],[0.677,0.705,0.724],[0.246,0.793,0.873],[0.101,0.664,0.837],[0.666,0.664,0.837],[0.66,0.694,0.362],[0.521,0.234,0.756],[0.257,0.559,0.591],[0.742,0.229,0.741],[0.007,0.993,0.261],[0.107,0.694,0.36],[0.922,0.664,0.77],[0.938,0.664,0.837],[0.884,0.057,0.617],[0.884,0.666,0.797],[0.513,0.687,0.005],[0.321,0.736,0.657],[0.139,0.666,0.797],[0.154,0.664,0.837],[0.128,0.128,0.354],[0.312,0.565,0.358]],"nseeds":43,"executions":226,"nfe":23100,"gps":[[0.08,0.076,0.08]],"lps":[[0.082,0.243,0.079]],"fps":[[0.468,0.254,0.073],[0.47,0.246,0.455],[0.232,0.266,0.436],[0.08,0.426,0.677],[0.662,0.228,0.236],[0.085,0.666,0.66],[0.08,0.69,0.71],[0.65,0.699,0.079],[0.799,0.228,0.24],[0.263,0.993,0.261],[0.742,0.23,0.456],[0.434,0.236,0.837],[0.742,0.23,0.432],[0.65,0.699,0.464],[0.342,0.686,0.253],[0.799,0.082,0.933],[0.255,0.487,0.837],[0.65,0.699,0.478],[0.922,0.666,0.66],[0.257,0.559,0.715],[0.263,0.993,0.282],[0.677,0.705,0.724],[0.246,0.793,0.873],[0.101,0.664,0.837],[0.666,0.664,0.837],[0.66,0.694,0.362],[0.521,0.234,0.756],[0.257,0.559,0.591],[0.742,0.229,0.741],[0.007,0.993,0.261],[0.107,0.694,0.36],[0.922,0.664,0.77],[0.938,0.664,0.837],[0.884,0.057,0.617],[0.884,0.666,0.797],[0.513,0.687,0.005],[0.321,0.736,0.657],[0.139,0.666,0.797],[0.154,0.664,0.837],[0.128,0.128,0.354],[0.312,0.565,0.358]],"np":2,"gp":1,"pr":0.046511627906976744,"gpr":1,"lp":1,"lpr":0.25,"fpr":0.9534883720930233,"reason":"statistic"}