{"avgHealth":0.9462864743150888,"seeds":[[0.079,0.08,0.08],[0.079,0.08,0.247],[0.079,0.244,0.08],[0.079,0.24,0.247],[0.234,0.08,0.08],[0.237,0.24,0.082],[0.234,0.255,0.08],[0.07,0.458,0.079],[0.077,0.233,0.453],[0.249,0.449,0.453],[0.078,0.449,0.463],[0.237,0.449,0.453],[0.079,0.254,0.681],[0.249,0.449,0.463],[0.237,0.458,0.066],[0.078,0.257,0.665],[0.453,0.272,0.242],[0.234,0.254,0.681],[0.232,0.279,0.082],[0.269,0.441,0.26],[0.237,0.456,0.678],[0.07,0.257,0.656],[0.237,0.489,0.249],[0.692,0.093,0.233],[0.079,0.02,0.081],[0.237,0.456,0.648],[0.237,0.354,0.08],[0.697,0.452,0.434],[0.217,0.257,0.687],[0.217,0.257,0.665],[0.005,0.439,0.247],[0.248,0.548,0.229],[0.86,0.449,0.257],[0.121,0.449,0.453],[0.058,0.442,0.498],[0.038,0.257,0.665],[0.308,0.408,0.251],[0.235,0.649,1.01],[0.414,0.339,0.258],[0.249,0.641,0.578],[0.722,0.25,0.834],[0.738,0.768,0.08],[0.468,0.868,0.704],[0.667,0.898,0.482],[0.256,0.805,0.731],[0.767,0.228,0.724],[0.631,0.859,0.42],[0.413,0.884,0.726],[0.681,0.156,0.155],[0.66,0.569,0.853],[0.65,0.137,0.98],[0.286,0.73,0.766],[0.738,0.771,0.919],[0.857,0.517,0.601]],"nseeds":54,"executions":213,"nfe":21800,"gps":[],"lps":[[0.079,0.24,0.247],[0.249,0.449,0.453]],"fps":[[0.079,0.08,0.08],[0.079,0.08,0.247],[0.079,0.244,0.08],[0.234,0.08,0.08],[0.237,0.24,0.082],[0.234,0.255,0.08],[0.07,0.458,0.079],[0.077,0.233,0.453],[0.078,0.449,0.463],[0.237,0.449,0.453],[0.079,0.254,0.681],[0.249,0.449,0.463],[0.237,0.458,0.066],[0.078,0.257,0.665],[0.453,0.272,0.242],[0.234,0.254,0.681],[0.232,0.279,0.082],[0.269,0.441,0.26],[0.237,0.456,0.678],[0.07,0.257,0.656],[0.237,0.489,0.249],[0.692,0.093,0.233],[0.079,0.02,0.081],[0.237,0.456,0.648],[0.237,0.354,0.08],[0.697,0.452,0.434],[0.217,0.257,0.687],[0.217,0.257,0.665],[0.005,0.439,0.247],[0.248,0.548,0.229],[0.86,0.449,0.257],[0.121,0.449,0.453],[0.058,0.442,0.498],[0.038,0.257,0.665],[0.308,0.408,0.251],[0.235,0.649,1.01],[0.414,0.339,0.258],[0.249,0.641,0.578],[0.722,0.25,0.834],[0.738,0.768,0.08],[0.468,0.868,0.704],[0.667,0.898,0.482],[0.256,0.805,0.731],[0.767,0.228,0.724],[0.631,0.859,0.42],[0.413,0.884,0.726],[0.681,0.156,0.155],[0.66,0.569,0.853],[0.65,0.137,0.98],[0.286,0.73,0.766],[0.738,0.771,0.919],[0.857,0.517,0.601]],"np":2,"gp":0,"pr":0.037037037037037035,"gpr":0,"lp":2,"lpr":0.5,"fpr":0.9629629629629629,"reason":"statistic"}