{"avgHealth":0.9363554726440719,"seeds":[[0.08,0.079,0.08],[0.246,0.079,0.08],[0.242,0.231,0.08],[0.08,0.252,0.23],[0.242,0.252,0.23],[0.085,0.228,0.256],[0.245,0.228,0.259],[0.24,0.468,0.251],[0.081,0.228,0.442],[0.246,0.461,0.443],[0.242,0.228,0.456],[0.234,0.228,0.259],[0.234,0.228,0.442],[0.242,0.228,0.271],[0.234,0.227,0.226],[0.081,0.225,0.693],[0.246,0.225,0.693],[0.234,0.239,0.285],[0.085,0.228,0.93],[0.234,0.228,0.929],[0.234,0.228,0.896],[0.013,0.252,0.23],[0.103,0.309,0.245],[0.45,0.694,0.587],[0.708,0.258,0.132],[0.956,0.284,0.46],[0.283,0.539,0.259],[0.44,0.631,0.901],[0.615,0.309,0.245],[0.571,0.198,0.237],[0.251,0.858,0.83],[0.86,0.05,0.267],[0.615,0.309,0.232],[0.57,0.927,0.687],[0.87,0.632,0.695],[0.555,0.639,0.66],[0.984,0.493,0.949],[0.686,0.822,0.36],[0.724,0.785,0.199],[0.534,0.734,0.392],[0.545,0.837,0.899],[0.519,0.581,0.729],[0.504,0.513,0.554],[0.62,0.336,0.764],[0.567,0.522,0.996],[0.388,0.328,0.768],[0.84,0.837,0.613],[0.762,0.823,0.358],[0.549,0.33,0.143]],"nseeds":49,"executions":200,"nfe":20500,"gps":[],"lps":[[0.246,0.079,0.08]],"fps":[[0.08,0.079,0.08],[0.242,0.231,0.08],[0.08,0.252,0.23],[0.242,0.252,0.23],[0.085,0.228,0.256],[0.245,0.228,0.259],[0.24,0.468,0.251],[0.081,0.228,0.442],[0.246,0.461,0.443],[0.242,0.228,0.456],[0.234,0.228,0.259],[0.234,0.228,0.442],[0.242,0.228,0.271],[0.234,0.227,0.226],[0.081,0.225,0.693],[0.246,0.225,0.693],[0.234,0.239,0.285],[0.085,0.228,0.93],[0.234,0.228,0.929],[0.234,0.228,0.896],[0.013,0.252,0.23],[0.103,0.309,0.245],[0.45,0.694,0.587],[0.708,0.258,0.132],[0.956,0.284,0.46],[0.283,0.539,0.259],[0.44,0.631,0.901],[0.615,0.309,0.245],[0.571,0.198,0.237],[0.251,0.858,0.83],[0.86,0.05,0.267],[0.615,0.309,0.232],[0.57,0.927,0.687],[0.87,0.632,0.695],[0.555,0.639,0.66],[0.984,0.493,0.949],[0.686,0.822,0.36],[0.724,0.785,0.199],[0.534,0.734,0.392],[0.545,0.837,0.899],[0.519,0.581,0.729],[0.504,0.513,0.554],[0.62,0.336,0.764],[0.567,0.522,0.996],[0.388,0.328,0.768],[0.84,0.837,0.613],[0.762,0.823,0.358],[0.549,0.33,0.143]],"np":1,"gp":0,"pr":0.02040816326530612,"gpr":0,"lp":1,"lpr":0.25,"fpr":0.9795918367346939,"reason":"statistic"}