{"avgHealth":0.9564657600402197,"seeds":[[0.08,0.08,0.079],[0.08,0.08,0.247],[0.08,0.247,0.079],[0.08,0.248,0.247],[0.245,0.077,0.246],[0.245,0.072,0.079],[0.246,0.243,0.246],[0.077,0.444,0.079],[0.08,0.082,0.264],[0.077,0.445,0.247],[0.265,0.243,0.079],[0.091,0.238,0.236],[0.265,0.243,0.24],[0.093,0.445,0.245],[0.232,0.071,0.446],[0.08,0.083,0.665],[0.073,0.671,0.079],[0.226,0.445,0.077],[0.246,0.669,0.247],[0.073,0.093,0.434],[0.265,0.669,0.079],[0.226,0.444,0.445],[0.095,0.083,0.665],[0.229,0.445,0.432],[0.073,0.669,0.434],[0.224,0.083,0.664],[0.25,0.578,0.079],[0.25,0.578,0.247],[0.457,0.669,0.434],[0.099,0.678,0.264],[0.224,0.468,0.425],[0.08,0.277,0.412],[0.645,0.453,0.434],[0.22,0.064,0.667],[0.231,0.07,0.803],[0.276,0.759,0.252],[0.611,0.678,0.264],[0.71,0.233,0.341],[0.265,0.959,0.871],[0.259,0.611,0.743],[0.892,0.277,0.412],[0.227,1.018,0.729],[0.678,0.71,0.58],[0.787,0.31,0.229],[0.569,0.267,0.36],[0.664,0.324,0.979],[0.35,0.041,0.701],[0.568,0.397,0.902],[0.609,0.361,0.757]],"nseeds":49,"executions":194,"nfe":19900,"gps":[[0.08,0.08,0.079]],"lps":[[0.08,0.08,0.247],[0.08,0.247,0.079],[0.245,0.072,0.079],[0.077,0.444,0.079]],"fps":[[0.08,0.248,0.247],[0.245,0.077,0.246],[0.246,0.243,0.246],[0.08,0.082,0.264],[0.077,0.445,0.247],[0.265,0.243,0.079],[0.091,0.238,0.236],[0.265,0.243,0.24],[0.093,0.445,0.245],[0.232,0.071,0.446],[0.08,0.083,0.665],[0.073,0.671,0.079],[0.226,0.445,0.077],[0.246,0.669,0.247],[0.073,0.093,0.434],[0.265,0.669,0.079],[0.226,0.444,0.445],[0.095,0.083,0.665],[0.229,0.445,0.432],[0.073,0.669,0.434],[0.224,0.083,0.664],[0.25,0.578,0.079],[0.25,0.578,0.247],[0.457,0.669,0.434],[0.099,0.678,0.264],[0.224,0.468,0.425],[0.08,0.277,0.412],[0.645,0.453,0.434],[0.22,0.064,0.667],[0.231,0.07,0.803],[0.276,0.759,0.252],[0.611,0.678,0.264],[0.71,0.233,0.341],[0.265,0.959,0.871],[0.259,0.611,0.743],[0.892,0.277,0.412],[0.227,1.018,0.729],[0.678,0.71,0.58],[0.787,0.31,0.229],[0.569,0.267,0.36],[0.664,0.324,0.979],[0.35,0.041,0.701],[0.568,0.397,0.902],[0.609,0.361,0.757]],"np":5,"gp":1,"pr":0.10204081632653061,"gpr":1,"lp":4,"lpr":1,"fpr":0.8979591836734694,"reason":"statistic"}