{"avgHealth":0.9352657327663264,"seeds":[[0.08,0.079,0.08],[0.08,0.249,0.08],[0.08,0.249,0.24],[0.085,0.088,0.239],[0.456,0.249,0.255],[0.456,0.248,0.448],[0.462,0.25,0.434],[0.08,0.092,0.486],[0.091,0.424,0.23],[0.716,0.451,0.256],[0.085,0.303,0.257],[0.085,0.586,0.088],[0.077,0.069,0.55],[0.082,0.485,0.217],[0.255,0.662,0.663],[0.261,0.586,0.088],[0.716,0.451,0.271],[0.461,0.675,0.486],[0.708,0.444,0.662],[0.571,0.059,0.068],[0.763,0.424,0.231],[0.769,0.08,0.937],[0.218,0.412,0.667],[0.315,0.444,0.662],[0.529,0.261,0.214],[0.214,0.68,0.643],[0.49,0.692,0.716],[0.45,0.387,0.506],[0.448,0.742,0.996],[0.781,0.069,0.55],[0.562,0.069,0.346],[0.261,0.582,0.383],[0.844,0.449,0.378],[0.556,0.61,0.457],[0.87,0.679,0.298],[0.013,0.62,0.427],[0.429,0.591,0.84],[0.717,0.929,0.624],[0.885,0.989,0.698],[0.474,0.773,0.127],[0.208,0.716,0.765],[0.65,0.738,0.536],[0.536,0.756,0.408],[0.92,0.775,0.533],[0.754,0.903,0.531],[0.613,1.015,0.73],[0.775,0.799,0.378]],"nseeds":47,"executions":209,"nfe":21400,"gps":[],"lps":[[0.08,0.249,0.08],[0.08,0.249,0.24]],"fps":[[0.08,0.079,0.08],[0.085,0.088,0.239],[0.456,0.249,0.255],[0.456,0.248,0.448],[0.462,0.25,0.434],[0.08,0.092,0.486],[0.091,0.424,0.23],[0.716,0.451,0.256],[0.085,0.303,0.257],[0.085,0.586,0.088],[0.077,0.069,0.55],[0.082,0.485,0.217],[0.255,0.662,0.663],[0.261,0.586,0.088],[0.716,0.451,0.271],[0.461,0.675,0.486],[0.708,0.444,0.662],[0.571,0.059,0.068],[0.763,0.424,0.231],[0.769,0.08,0.937],[0.218,0.412,0.667],[0.315,0.444,0.662],[0.529,0.261,0.214],[0.214,0.68,0.643],[0.49,0.692,0.716],[0.45,0.387,0.506],[0.448,0.742,0.996],[0.781,0.069,0.55],[0.562,0.069,0.346],[0.261,0.582,0.383],[0.844,0.449,0.378],[0.556,0.61,0.457],[0.87,0.679,0.298],[0.013,0.62,0.427],[0.429,0.591,0.84],[0.717,0.929,0.624],[0.885,0.989,0.698],[0.474,0.773,0.127],[0.208,0.716,0.765],[0.65,0.738,0.536],[0.536,0.756,0.408],[0.92,0.775,0.533],[0.754,0.903,0.531],[0.613,1.015,0.73],[0.775,0.799,0.378]],"np":2,"gp":0,"pr":0.0425531914893617,"gpr":0,"lp":2,"lpr":0.5,"fpr":0.9574468085106383,"reason":"statistic"}