{"avgHealth":0.9739992917539126,"seeds":[[0.934,0.08,0.934],[0.247,0.08,0.934],[0.934,0.08,0.248],[0.247,0.08,0.248],[0.45,0.08,0.248],[0.245,0.685,0.937],[0.935,0.687,0.082],[0.24,0.687,0.249],[0.244,0.673,0.445],[0.44,0.687,0.083],[0.245,0.932,0.258],[0.258,0.687,0.082],[0.45,0.694,0.692],[0.936,0.673,0.259],[0.442,0.692,0.441],[0.258,0.073,0.441],[0.258,0.073,0.089],[0.264,0.073,0.249],[0.434,0.073,0.44],[0.266,0.932,0.257],[0.264,0.673,0.259],[0.962,0.694,0.692],[0.934,0.094,0.262],[0.938,0.694,0.422],[0.258,0.073,0.422],[0.956,0.284,0.454],[0.393,0.251,0.949],[0.992,0.232,0.909],[0.668,0.164,0.259],[0.768,0.938,0.704],[0.272,0.25,0.857],[0.272,0.25,0.783],[0.883,0.248,1.001],[0.852,0.795,0.259],[0.032,0.297,0.91],[0.159,0.715,0.733],[0.72,0.048,0.301],[0.382,0.283,0.809],[0.4,0.771,0.609],[0.752,0.756,0.595],[0.366,0.765,0.816]],"nseeds":41,"executions":164,"nfe":16900,"gps":[[0.934,0.08,0.934],[0.247,0.08,0.934],[0.934,0.08,0.248],[0.247,0.08,0.248]],"lps":[],"fps":[[0.45,0.08,0.248],[0.245,0.685,0.937],[0.935,0.687,0.082],[0.24,0.687,0.249],[0.244,0.673,0.445],[0.44,0.687,0.083],[0.245,0.932,0.258],[0.258,0.687,0.082],[0.45,0.694,0.692],[0.936,0.673,0.259],[0.442,0.692,0.441],[0.258,0.073,0.441],[0.258,0.073,0.089],[0.264,0.073,0.249],[0.434,0.073,0.44],[0.266,0.932,0.257],[0.264,0.673,0.259],[0.962,0.694,0.692],[0.934,0.094,0.262],[0.938,0.694,0.422],[0.258,0.073,0.422],[0.956,0.284,0.454],[0.393,0.251,0.949],[0.992,0.232,0.909],[0.668,0.164,0.259],[0.768,0.938,0.704],[0.272,0.25,0.857],[0.272,0.25,0.783],[0.883,0.248,1.001],[0.852,0.795,0.259],[0.032,0.297,0.91],[0.159,0.715,0.733],[0.72,0.048,0.301],[0.382,0.283,0.809],[0.4,0.771,0.609],[0.752,0.756,0.595],[0.366,0.765,0.816]],"np":4,"gp":4,"pr":0.0975609756097561,"gpr":0.8,"fpr":0.9024390243902439,"reason":"statistic"}