{"avgHealth":0.9705938567540378,"seeds":[[0.934,0.451,0.934],[0.451,0.451,0.934],[0.247,0.451,0.934],[0.934,0.933,0.934],[0.681,0.933,0.934],[0.246,0.933,0.934],[0.934,0.933,0.679],[0.451,0.933,0.679],[0.451,0.931,0.934],[0.247,0.45,0.678],[0.246,0.931,0.081],[0.681,0.93,0.451],[0.246,0.94,0.25],[0.451,0.929,0.242],[0.678,0.253,0.679],[0.45,0.929,0.254],[0.246,0.924,0.242],[0.932,0.924,0.242],[0.449,0.253,0.433],[0.246,0.704,0.456],[0.703,0.254,0.25],[0.086,0.704,0.454],[0.681,0.704,0.461],[0.96,0.254,0.249],[0.96,0.436,0.688],[0.247,0.256,0.71],[0.68,0.426,0.436],[0.246,0.907,0.066],[0.721,0.252,0.254],[0.922,0.47,0.978],[0.934,0.457,0.044],[0.68,0.017,0.255],[0.072,0.379,0.078],[0.75,0.253,0.433],[0.644,0.457,0.411],[0.273,0.206,0.938],[0.667,0.663,0.018],[0.254,0.473,0.762],[0.96,0.017,0.255],[0.776,0.256,0.71],[0.729,0.751,0.691],[0.643,0.581,0.915],[0.01,0.129,0.25],[0.88,0.743,0.274],[0.344,0.362,0.436],[0.843,0.661,0.347],[0.331,0.574,0.264],[0.384,0.428,0.313],[0.321,0.52,0.905],[0.351,0.711,0.013],[0.403,0.304,0.113]],"nseeds":51,"executions":139,"nfe":14400,"gps":[[0.934,0.451,0.934],[0.451,0.451,0.934],[0.247,0.451,0.934],[0.246,0.933,0.934]],"lps":[],"fps":[[0.934,0.933,0.934],[0.681,0.933,0.934],[0.934,0.933,0.679],[0.451,0.933,0.679],[0.451,0.931,0.934],[0.247,0.45,0.678],[0.246,0.931,0.081],[0.681,0.93,0.451],[0.246,0.94,0.25],[0.451,0.929,0.242],[0.678,0.253,0.679],[0.45,0.929,0.254],[0.246,0.924,0.242],[0.932,0.924,0.242],[0.449,0.253,0.433],[0.246,0.704,0.456],[0.703,0.254,0.25],[0.086,0.704,0.454],[0.681,0.704,0.461],[0.96,0.254,0.249],[0.96,0.436,0.688],[0.247,0.256,0.71],[0.68,0.426,0.436],[0.246,0.907,0.066],[0.721,0.252,0.254],[0.922,0.47,0.978],[0.934,0.457,0.044],[0.68,0.017,0.255],[0.072,0.379,0.078],[0.75,0.253,0.433],[0.644,0.457,0.411],[0.273,0.206,0.938],[0.667,0.663,0.018],[0.254,0.473,0.762],[0.96,0.017,0.255],[0.776,0.256,0.71],[0.729,0.751,0.691],[0.643,0.581,0.915],[0.01,0.129,0.25],[0.88,0.743,0.274],[0.344,0.362,0.436],[0.843,0.661,0.347],[0.331,0.574,0.264],[0.384,0.428,0.313],[0.321,0.52,0.905],[0.351,0.711,0.013],[0.403,0.304,0.113]],"np":4,"gp":4,"pr":0.0784313725490196,"gpr":0.8,"fpr":0.9215686274509803,"reason":"statistic"}