{"avgHealth":63.92573453431232,"seeds":[[0.249,0.449,0.453],[0.661,0.254,0.681],[0.234,0.26,0.933],[0.699,0.896,0.92],[0.217,0.257,0.665],[0.451,0.691,0.291],[0.237,0.495,0.471],[0.163,0.449,0.257],[0.45,0.648,0.991],[0.46,0.043,0.71],[0.268,0.504,0.657],[0.859,0.482,0.924],[0.717,0.055,0.099],[0.166,0.481,0.952],[0.283,0.27,0.058],[0.207,0.072,0.287],[0.242,0.054,0.613],[0.953,0.048,0.411],[0.11,0.495,0.909],[0.702,0.556,0.281],[0.706,0.024,0.415],[0.154,0.112,0.671],[0.29,0.785,0.92],[0.738,0.771,0.919],[0.253,0.119,0.333],[0.86,0.026,0.679],[0.215,0.491,0.985],[0.797,0.683,0.518],[0.157,0.302,0.927],[0.735,0.43,0.517],[0.273,0.306,0.64],[0.209,0.653,0.041],[0.723,0.521,0.483],[0.009,0.528,0.918],[0.82,0.576,0.664],[0.035,0.49,0.416],[0.402,0.489,0.989],[0.092,0.012,0.342],[0.273,1.021,0.992],[0.035,0.024,0.96],[0.859,0.652,0.543],[0.015,0.477,0.518],[0.028,0.112,0.057],[0.297,0.413,0.505],[0.842,0.368,0.482],[0.299,0.11,0.623],[0.803,0.885,0.572],[0.765,0.51,0.629],[0.631,0.858,0.178],[0.194,0.992,0.553],[0.813,0.558,0.631],[0.591,0.751,0.743],[0.866,0.392,0.807],[0.3,0.752,0.378],[0.365,0.759,0.514],[0.196,0.179,0.8],[0.323,0.512,0.575],[0.036,0.544,0.534],[0.829,0.765,0.571],[0.173,0.143,0.032]],"nseeds":60,"executions":132,"nfe":13700,"gps":[[0.249,0.449,0.453]],"lps":[],"fps":[[0.661,0.254,0.681],[0.234,0.26,0.933],[0.699,0.896,0.92],[0.217,0.257,0.665],[0.451,0.691,0.291],[0.237,0.495,0.471],[0.163,0.449,0.257],[0.45,0.648,0.991],[0.46,0.043,0.71],[0.268,0.504,0.657],[0.859,0.482,0.924],[0.717,0.055,0.099],[0.166,0.481,0.952],[0.283,0.27,0.058],[0.207,0.072,0.287],[0.242,0.054,0.613],[0.953,0.048,0.411],[0.11,0.495,0.909],[0.702,0.556,0.281],[0.706,0.024,0.415],[0.154,0.112,0.671],[0.29,0.785,0.92],[0.738,0.771,0.919],[0.253,0.119,0.333],[0.86,0.026,0.679],[0.215,0.491,0.985],[0.797,0.683,0.518],[0.157,0.302,0.927],[0.735,0.43,0.517],[0.273,0.306,0.64],[0.209,0.653,0.041],[0.723,0.521,0.483],[0.009,0.528,0.918],[0.82,0.576,0.664],[0.035,0.49,0.416],[0.402,0.489,0.989],[0.092,0.012,0.342],[0.273,1.021,0.992],[0.035,0.024,0.96],[0.859,0.652,0.543],[0.015,0.477,0.518],[0.028,0.112,0.057],[0.297,0.413,0.505],[0.842,0.368,0.482],[0.299,0.11,0.623],[0.803,0.885,0.572],[0.765,0.51,0.629],[0.631,0.858,0.178],[0.194,0.992,0.553],[0.813,0.558,0.631],[0.591,0.751,0.743],[0.866,0.392,0.807],[0.3,0.752,0.378],[0.365,0.759,0.514],[0.196,0.179,0.8],[0.323,0.512,0.575],[0.036,0.544,0.534],[0.829,0.765,0.571],[0.173,0.143,0.032]],"np":1,"gp":1,"pr":0.016666666666666666,"gpr":0.2,"fpr":0.9833333333333333,"reason":"statistic"}