{"avgHealth":0.9671428297729189,"seeds":[[0.934,0.934,0.934],[0.934,0.934,0.681],[0.682,0.246,0.934],[0.682,0.246,0.681],[0.933,0.246,0.934],[0.933,0.245,0.682],[0.448,0.934,0.934],[0.682,0.078,0.934],[0.448,0.934,0.682],[0.934,0.686,0.682],[0.938,0.078,0.931],[0.934,0.687,0.931],[0.454,0.687,0.931],[0.933,0.454,0.239],[0.946,0.241,0.931],[0.929,0.241,0.67],[0.234,0.677,0.675],[0.449,0.437,0.258],[0.702,0.241,0.67],[0.265,0.671,0.67],[0.243,0.48,0.681],[0.944,0.223,0.931],[0.689,0.972,0.934],[0.934,0.895,0.454],[0.645,0.454,0.239],[0.689,0.972,0.92],[0.451,0.64,0.454],[0.683,0.64,0.454],[0.957,0.445,0.719],[0.689,0.88,0.238],[0.492,0.257,0.071],[0.689,0.872,0.252],[0.234,0.687,0.631],[0.945,0.874,0.256],[0.449,0.241,0.853],[0.419,0.64,0.454],[0.64,0.972,0.072],[0.385,0.437,0.258],[0.9,0.077,0.398],[0.263,0.472,0.502],[0.899,0.756,0.449],[0.243,0.48,0.764],[0.947,0.48,0.764],[0.276,0.759,0.252],[0.241,0.979,0.367],[0.944,0.212,0.864],[0.286,0.259,0.616],[0.443,0.804,0.047],[0.747,0.759,0.252],[0.887,0.892,0.313],[0.385,0.265,0.127],[0.226,0.368,0.303],[0.196,0.567,0.203]],"nseeds":53,"executions":153,"nfe":15800,"gps":[[0.934,0.934,0.934],[0.934,0.934,0.681],[0.938,0.078,0.931]],"lps":[],"fps":[[0.682,0.246,0.934],[0.682,0.246,0.681],[0.933,0.246,0.934],[0.933,0.245,0.682],[0.448,0.934,0.934],[0.682,0.078,0.934],[0.448,0.934,0.682],[0.934,0.686,0.682],[0.934,0.687,0.931],[0.454,0.687,0.931],[0.933,0.454,0.239],[0.946,0.241,0.931],[0.929,0.241,0.67],[0.234,0.677,0.675],[0.449,0.437,0.258],[0.702,0.241,0.67],[0.265,0.671,0.67],[0.243,0.48,0.681],[0.944,0.223,0.931],[0.689,0.972,0.934],[0.934,0.895,0.454],[0.645,0.454,0.239],[0.689,0.972,0.92],[0.451,0.64,0.454],[0.683,0.64,0.454],[0.957,0.445,0.719],[0.689,0.88,0.238],[0.492,0.257,0.071],[0.689,0.872,0.252],[0.234,0.687,0.631],[0.945,0.874,0.256],[0.449,0.241,0.853],[0.419,0.64,0.454],[0.64,0.972,0.072],[0.385,0.437,0.258],[0.9,0.077,0.398],[0.263,0.472,0.502],[0.899,0.756,0.449],[0.243,0.48,0.764],[0.947,0.48,0.764],[0.276,0.759,0.252],[0.241,0.979,0.367],[0.944,0.212,0.864],[0.286,0.259,0.616],[0.443,0.804,0.047],[0.747,0.759,0.252],[0.887,0.892,0.313],[0.385,0.265,0.127],[0.226,0.368,0.303],[0.196,0.567,0.203]],"np":3,"gp":3,"pr":0.05660377358490566,"gpr":0.6,"fpr":0.9433962264150944,"reason":"statistic"}