{"avgHealth":0.9775127414435372,"seeds":[[0.934,0.681,0.451],[0.681,0.681,0.451],[0.934,0.68,0.681],[0.245,0.681,0.451],[0.682,0.68,0.679],[0.245,0.684,0.679],[0.245,0.685,0.244],[0.934,0.685,0.243],[0.24,0.448,0.939],[0.924,0.242,0.243],[0.256,0.685,0.243],[0.928,0.461,0.243],[0.439,0.457,0.451],[0.668,0.242,0.243],[0.929,0.255,0.671],[0.234,0.68,0.45],[0.241,0.918,0.243],[0.256,0.461,0.243],[0.439,0.461,0.243],[0.233,0.243,0.94],[0.911,0.448,0.939],[0.256,0.462,0.948],[0.668,0.233,0.451],[0.959,0.461,0.243],[0.934,0.9,0.241],[0.68,0.462,0.975],[0.931,0.257,0.643],[0.243,0.257,0.643],[0.947,0.257,0.643],[0.462,0.286,0.084],[0.099,0.242,0.219],[0.659,0.984,0.923],[0.783,0.448,0.939],[0.624,0.691,0.233],[0.35,0.255,0.671],[0.464,0.572,0.676],[0.767,0.462,0.948],[0.258,0.059,0.98],[0.463,0.1,0.867],[0.254,0.114,0.134],[0.285,0.812,0.913],[0.039,0.028,0.939],[0.508,0.158,0.722],[0.595,0.536,1.001],[0.572,0.12,0.785]],"nseeds":45,"executions":198,"nfe":20300,"gps":[[0.934,0.681,0.451],[0.681,0.681,0.451],[0.245,0.681,0.451],[0.245,0.685,0.244],[0.934,0.685,0.243]],"lps":[],"fps":[[0.934,0.68,0.681],[0.682,0.68,0.679],[0.245,0.684,0.679],[0.24,0.448,0.939],[0.924,0.242,0.243],[0.256,0.685,0.243],[0.928,0.461,0.243],[0.439,0.457,0.451],[0.668,0.242,0.243],[0.929,0.255,0.671],[0.234,0.68,0.45],[0.241,0.918,0.243],[0.256,0.461,0.243],[0.439,0.461,0.243],[0.233,0.243,0.94],[0.911,0.448,0.939],[0.256,0.462,0.948],[0.668,0.233,0.451],[0.959,0.461,0.243],[0.934,0.9,0.241],[0.68,0.462,0.975],[0.931,0.257,0.643],[0.243,0.257,0.643],[0.947,0.257,0.643],[0.462,0.286,0.084],[0.099,0.242,0.219],[0.659,0.984,0.923],[0.783,0.448,0.939],[0.624,0.691,0.233],[0.35,0.255,0.671],[0.464,0.572,0.676],[0.767,0.462,0.948],[0.258,0.059,0.98],[0.463,0.1,0.867],[0.254,0.114,0.134],[0.285,0.812,0.913],[0.039,0.028,0.939],[0.508,0.158,0.722],[0.595,0.536,1.001],[0.572,0.12,0.785]],"np":5,"gp":5,"pr":0.1111111111111111,"gpr":1,"fpr":0.8888888888888888,"reason":"statistic"}