{"avgHealth":0.9625448964994122,"seeds":[[0.934,0.451,0.681],[0.934,0.681,0.681],[0.934,0.681,0.452],[0.08,0.683,0.452],[0.08,0.678,0.681],[0.249,0.449,0.453],[0.687,0.678,0.684],[0.934,0.675,0.249],[0.45,0.671,0.082],[0.681,0.67,0.079],[0.696,0.451,0.249],[0.071,0.451,0.249],[0.671,0.677,0.463],[0.45,0.671,0.071],[0.93,0.671,0.071],[0.08,0.672,0.07],[0.249,0.671,0.07],[0.47,0.451,0.681],[0.697,0.239,0.07],[0.698,0.671,0.07],[0.697,0.454,0.957],[0.47,0.671,0.07],[0.957,0.671,0.069],[0.269,0.441,0.26],[0.276,0.671,0.079],[0.701,0.479,0.07],[0.214,0.671,0.07],[1.02,0.084,0.452],[0.934,0.34,0.452],[0.667,0.898,0.482],[0.812,0.451,0.249],[0.754,0.256,0.246],[0.237,0.495,0.471],[0.94,0.955,0.396],[0.352,0.677,0.463],[0.908,0.955,0.396],[0.46,0.043,0.71],[0.276,0.678,0.738],[0.269,0.513,0.427],[0.294,0.067,0.976],[0.308,0.408,0.251],[0.21,0.949,0.133],[0.481,0.869,0.058],[0.398,0.011,0.667],[0.131,0.936,0.128],[0.273,1.021,0.992],[0.621,0.963,0.571],[0.782,0.779,0.427],[0.531,0.176,0.991],[0.509,1.005,0.576],[0.622,0.584,0.383],[0.616,0.124,0.036],[0.529,0.785,0.78]],"nseeds":53,"executions":143,"nfe":14800,"gps":[[0.934,0.451,0.681],[0.934,0.681,0.681],[0.934,0.681,0.452],[0.08,0.683,0.452],[0.249,0.449,0.453],[0.934,0.675,0.249]],"lps":[],"fps":[[0.08,0.678,0.681],[0.687,0.678,0.684],[0.45,0.671,0.082],[0.681,0.67,0.079],[0.696,0.451,0.249],[0.071,0.451,0.249],[0.671,0.677,0.463],[0.45,0.671,0.071],[0.93,0.671,0.071],[0.08,0.672,0.07],[0.249,0.671,0.07],[0.47,0.451,0.681],[0.697,0.239,0.07],[0.698,0.671,0.07],[0.697,0.454,0.957],[0.47,0.671,0.07],[0.957,0.671,0.069],[0.269,0.441,0.26],[0.276,0.671,0.079],[0.701,0.479,0.07],[0.214,0.671,0.07],[1.02,0.084,0.452],[0.934,0.34,0.452],[0.667,0.898,0.482],[0.812,0.451,0.249],[0.754,0.256,0.246],[0.237,0.495,0.471],[0.94,0.955,0.396],[0.352,0.677,0.463],[0.908,0.955,0.396],[0.46,0.043,0.71],[0.276,0.678,0.738],[0.269,0.513,0.427],[0.294,0.067,0.976],[0.308,0.408,0.251],[0.21,0.949,0.133],[0.481,0.869,0.058],[0.398,0.011,0.667],[0.131,0.936,0.128],[0.273,1.021,0.992],[0.621,0.963,0.571],[0.782,0.779,0.427],[0.531,0.176,0.991],[0.509,1.005,0.576],[0.622,0.584,0.383],[0.616,0.124,0.036],[0.529,0.785,0.78]],"np":6,"gp":6,"pr":0.11320754716981132,"gpr":1.2,"fpr":0.8867924528301887,"reason":"statistic"}