{"avgHealth":0.9634373306618282,"seeds":[[0.451,0.934,0.247],[0.674,0.685,0.246],[0.691,0.941,0.247],[0.24,0.941,0.243],[0.444,0.242,0.695],[0.451,0.242,0.914],[0.691,0.701,0.447],[0.448,0.265,0.247],[0.675,0.253,0.703],[0.452,0.227,0.074],[0.663,0.265,0.247],[0.444,0.242,0.648],[0.426,0.701,0.447],[0.462,0.447,0.72],[0.893,0.453,0.949],[0.455,0.273,0.912],[0.22,0.242,0.914],[0.66,0.478,0.696],[0.663,0.269,0.703],[0.471,0.269,0.703],[0.216,0.658,0.456],[0.218,0.658,0.7],[0.216,0.658,0.471],[0.916,0.705,0.41],[0.264,0.198,0.93],[0.666,0.316,0.925],[0.893,0.227,0.064],[0.241,0.068,0.389],[0.47,0.688,0.609],[0.913,0.469,0.848],[0.22,0.735,0.953],[0.433,0.716,0.16],[0.228,0.481,0.162],[0.425,0.535,0.424],[0.272,0.479,0.607],[0.983,0.232,0.333],[0.729,0.093,0.51],[0.878,0.587,0.95],[0.249,0.564,0.15],[0.254,0.521,0.572],[0.878,0.587,0.904],[0.875,0.206,0.41],[0.709,0.839,0.549],[0.125,0.372,0.348]],"nseeds":44,"executions":204,"nfe":20900,"gps":[[0.451,0.934,0.247]],"lps":[],"fps":[[0.674,0.685,0.246],[0.691,0.941,0.247],[0.24,0.941,0.243],[0.444,0.242,0.695],[0.451,0.242,0.914],[0.691,0.701,0.447],[0.448,0.265,0.247],[0.675,0.253,0.703],[0.452,0.227,0.074],[0.663,0.265,0.247],[0.444,0.242,0.648],[0.426,0.701,0.447],[0.462,0.447,0.72],[0.893,0.453,0.949],[0.455,0.273,0.912],[0.22,0.242,0.914],[0.66,0.478,0.696],[0.663,0.269,0.703],[0.471,0.269,0.703],[0.216,0.658,0.456],[0.218,0.658,0.7],[0.216,0.658,0.471],[0.916,0.705,0.41],[0.264,0.198,0.93],[0.666,0.316,0.925],[0.893,0.227,0.064],[0.241,0.068,0.389],[0.47,0.688,0.609],[0.913,0.469,0.848],[0.22,0.735,0.953],[0.433,0.716,0.16],[0.228,0.481,0.162],[0.425,0.535,0.424],[0.272,0.479,0.607],[0.983,0.232,0.333],[0.729,0.093,0.51],[0.878,0.587,0.95],[0.249,0.564,0.15],[0.254,0.521,0.572],[0.878,0.587,0.904],[0.875,0.206,0.41],[0.709,0.839,0.549],[0.125,0.372,0.348]],"np":1,"gp":1,"pr":0.022727272727272728,"gpr":0.2,"fpr":0.9772727272727273,"reason":"statistic"}