{"avgHealth":0.9696727789907365,"seeds":[[0.934,0.681,0.934],[0.681,0.681,0.934],[0.934,0.681,0.247],[0.682,0.681,0.247],[0.682,0.244,0.247],[0.933,0.244,0.247],[0.45,0.083,0.677],[0.933,0.244,0.458],[0.677,0.671,0.245],[0.683,0.671,0.688],[0.925,0.938,0.256],[0.923,0.252,0.074],[0.933,0.241,0.266],[0.226,0.938,0.247],[0.244,0.67,0.266],[0.94,0.945,0.707],[0.663,0.077,0.473],[0.275,0.079,0.457],[0.281,0.23,0.457],[0.245,0.948,1.013],[1.015,0.44,0.945],[0.524,0.251,0.444],[0.255,0.482,0.975],[0.52,0.44,0.945],[0.252,0.197,0.662],[0.281,0.23,0.266],[0.912,0.08,0.316],[0.7,0.317,0.705],[0.466,0.478,0.366],[0.417,0.902,0.411],[0.76,0.22,0.065],[0.264,0.171,0.288],[0.513,0.219,0.406],[0.507,0.419,0.604],[0.382,0.202,0.634],[0.124,0.026,0.638],[0.113,0.547,0.58],[0.367,0.307,0.319],[0.316,0.767,0.156]],"nseeds":39,"executions":147,"nfe":15200,"gps":[[0.934,0.681,0.934],[0.681,0.681,0.934],[0.934,0.681,0.247],[0.933,0.244,0.247]],"lps":[],"fps":[[0.682,0.681,0.247],[0.682,0.244,0.247],[0.45,0.083,0.677],[0.933,0.244,0.458],[0.677,0.671,0.245],[0.683,0.671,0.688],[0.925,0.938,0.256],[0.923,0.252,0.074],[0.933,0.241,0.266],[0.226,0.938,0.247],[0.244,0.67,0.266],[0.94,0.945,0.707],[0.663,0.077,0.473],[0.275,0.079,0.457],[0.281,0.23,0.457],[0.245,0.948,1.013],[1.015,0.44,0.945],[0.524,0.251,0.444],[0.255,0.482,0.975],[0.52,0.44,0.945],[0.252,0.197,0.662],[0.281,0.23,0.266],[0.912,0.08,0.316],[0.7,0.317,0.705],[0.466,0.478,0.366],[0.417,0.902,0.411],[0.76,0.22,0.065],[0.264,0.171,0.288],[0.513,0.219,0.406],[0.507,0.419,0.604],[0.382,0.202,0.634],[0.124,0.026,0.638],[0.113,0.547,0.58],[0.367,0.307,0.319],[0.316,0.767,0.156]],"np":4,"gp":4,"pr":0.10256410256410256,"gpr":0.8,"fpr":0.8974358974358975,"reason":"statistic"}