{"avgHealth":0.9738755924622298,"seeds":[[0.247,0.451,0.08],[0.08,0.451,0.08],[0.449,0.451,0.08],[0.247,0.939,0.25],[0.08,0.939,0.25],[0.084,0.939,0.08],[0.081,0.683,0.254],[0.25,0.682,0.239],[0.08,0.939,0.239],[0.238,0.681,0.08],[0.456,0.921,0.256],[0.25,0.681,0.7],[0.238,0.462,0.239],[0.453,0.681,0.702],[0.092,0.075,0.08],[0.709,0.681,0.687],[0.247,0.425,0.688],[0.236,0.915,0.068],[0.244,0.713,0.444],[0.218,0.682,0.233],[0.73,0.949,0.456],[0.963,0.462,0.642],[0.93,0.571,0.452],[0.171,0.939,0.249],[0.468,0.995,0.689],[0.197,0.681,0.703],[0.092,0.079,0.779],[0.448,0.096,1.001],[0.73,0.483,0.08],[0.095,0.229,0.988],[0.699,0.658,0.75],[0.449,0.404,0.642],[0.651,1.01,0.696],[0.095,0.466,0.785],[0.73,0.22,0.705],[0.371,0.97,0.928],[0.693,0.798,0.271],[0.42,0.453,0.826],[0.693,0.797,0.101],[0.964,0.312,0.548],[0.598,0.769,0.054]],"nseeds":41,"executions":187,"nfe":19200,"gps":[[0.247,0.451,0.08],[0.08,0.451,0.08],[0.449,0.451,0.08]],"lps":[],"fps":[[0.247,0.939,0.25],[0.08,0.939,0.25],[0.084,0.939,0.08],[0.081,0.683,0.254],[0.25,0.682,0.239],[0.08,0.939,0.239],[0.238,0.681,0.08],[0.456,0.921,0.256],[0.25,0.681,0.7],[0.238,0.462,0.239],[0.453,0.681,0.702],[0.092,0.075,0.08],[0.709,0.681,0.687],[0.247,0.425,0.688],[0.236,0.915,0.068],[0.244,0.713,0.444],[0.218,0.682,0.233],[0.73,0.949,0.456],[0.963,0.462,0.642],[0.93,0.571,0.452],[0.171,0.939,0.249],[0.468,0.995,0.689],[0.197,0.681,0.703],[0.092,0.079,0.779],[0.448,0.096,1.001],[0.73,0.483,0.08],[0.095,0.229,0.988],[0.699,0.658,0.75],[0.449,0.404,0.642],[0.651,1.01,0.696],[0.095,0.466,0.785],[0.73,0.22,0.705],[0.371,0.97,0.928],[0.693,0.798,0.271],[0.42,0.453,0.826],[0.693,0.797,0.101],[0.964,0.312,0.548],[0.598,0.769,0.054]],"np":3,"gp":3,"pr":0.07317073170731707,"gpr":0.6,"fpr":0.926829268292683,"reason":"statistic"}