{"avgHealth":2.496966313891841,"seeds":[[0.0024999999999999467,0]],"nseeds":1,"executions":2056,"nfe":206100,"gps":[[0.0024999999999999467,0]],"lps":[],"fps":[],"np":1,"gp":1,"pr":1,"gpr":1,"lp":0,"lpr":0,"fpr":0,"reason":"statistic"}