{"avgHealth":2.496905278977899,"seeds":[[0.0024999999999999467,0]],"nseeds":1,"executions":1732,"nfe":173700,"gps":[[0.0024999999999999467,0]],"lps":[],"fps":[],"np":1,"gp":1,"pr":1,"gpr":1,"lp":0,"lpr":0,"fpr":0,"reason":"statistic"}