{"avgHealth":2.465842014525053,"seeds":[[0.0024999999999999467,0],[-0.00849999999999973,0],[0.0024999999999999467,0.01200000000000001],[0.0024999999999999467,-0.01200000000000001],[0.013500000000000068,0],[-0.01949999999999985,0.0040000000000000036],[-0.0030000000000001137,-0.028000000000000025],[0.008000000000000007,-0.028000000000000025],[-0.0030000000000001137,0.03600000000000003],[-0.0030000000000001137,-0.04400000000000004],[0.019000000000000128,0.02400000000000002],[-0.0030000000000001137,0.04800000000000004],[0.013500000000000068,0.03600000000000003],[0.013500000000000068,0.04800000000000004],[-0.0030000000000001137,-0.09200000000000008],[-0.03049999999999997,0.07200000000000006],[0.019000000000000128,-0.10400000000000009],[-0.0030000000000001137,-0.1319999999999999],[0.05750000000000011,0],[0.03550000000000031,-0.10400000000000009],[0.046499999999999986,-0.08400000000000007],[0.05750000000000011,0.07200000000000006],[-0.01949999999999985,-0.21199999999999997],[-0.00849999999999973,-0.244],[-0.03049999999999997,0.2240000000000002],[0.03550000000000031,-0.244],[0.013500000000000068,-0.3560000000000001],[0.11249999999999982,0.19600000000000017],[0.013500000000000068,0.544],[0.15649999999999986,0],[0.9319999999999999,0.06400000000000006],[-0.7895000000000001,-0.008000000000000007],[0.899,-0.3600000000000001],[-0.9984999999999999,0.03600000000000003],[1.009,0.07200000000000006],[0.15649999999999986,-0.484]],"nseeds":36,"executions":483,"nfe":48800,"gps":[[0.0024999999999999467,0]],"lps":[],"fps":[[-0.00849999999999973,0],[0.0024999999999999467,0.01200000000000001],[0.0024999999999999467,-0.01200000000000001],[0.013500000000000068,0],[-0.01949999999999985,0.0040000000000000036],[-0.0030000000000001137,-0.028000000000000025],[0.008000000000000007,-0.028000000000000025],[-0.0030000000000001137,0.03600000000000003],[-0.0030000000000001137,-0.04400000000000004],[0.019000000000000128,0.02400000000000002],[-0.0030000000000001137,0.04800000000000004],[0.013500000000000068,0.03600000000000003],[0.013500000000000068,0.04800000000000004],[-0.0030000000000001137,-0.09200000000000008],[-0.03049999999999997,0.07200000000000006],[0.019000000000000128,-0.10400000000000009],[-0.0030000000000001137,-0.1319999999999999],[0.05750000000000011,0],[0.03550000000000031,-0.10400000000000009],[0.046499999999999986,-0.08400000000000007],[0.05750000000000011,0.07200000000000006],[-0.01949999999999985,-0.21199999999999997],[-0.00849999999999973,-0.244],[-0.03049999999999997,0.2240000000000002],[0.03550000000000031,-0.244],[0.013500000000000068,-0.3560000000000001],[0.11249999999999982,0.19600000000000017],[0.013500000000000068,0.544],[0.15649999999999986,0],[0.9319999999999999,0.06400000000000006],[-0.7895000000000001,-0.008000000000000007],[0.899,-0.3600000000000001],[-0.9984999999999999,0.03600000000000003],[1.009,0.07200000000000006],[0.15649999999999986,-0.484]],"np":1,"gp":1,"pr":0.027777777777777776,"gpr":1,"lp":0,"lpr":0,"fpr":0.9722222222222222,"reason":"statistic"}