{"avgHealth":2.4463794316140026,"seeds":[[0.0024999999999999467,0],[-0.00849999999999973,0],[0.0024999999999999467,-0.01200000000000001],[-0.00849999999999973,-0.01200000000000001],[-0.00849999999999973,0.016000000000000014],[-0.0030000000000001137,-0.028000000000000025],[0.0024999999999999467,0.04400000000000004],[0.0024999999999999467,-0.04800000000000004],[0.0024999999999999467,-0.06800000000000006],[-0.03600000000000003,-0.01200000000000001],[0.0024999999999999467,-0.08000000000000007],[0.0024999999999999467,-0.10000000000000009],[0.046499999999999986,-0.01200000000000001],[-0.03600000000000003,0.04800000000000004],[0.046499999999999986,0.06000000000000005],[0.052000000000000046,0.04800000000000004],[0.052000000000000046,-0.06400000000000006],[0.052000000000000046,0.07200000000000006],[0.052000000000000046,-0.07600000000000007],[0.052000000000000046,0.09200000000000008],[0.06300000000000017,-0.1479999999999999],[0.07400000000000029,-0.15999999999999992],[-0.03600000000000003,0.3039999999999998],[0.0024999999999999467,-0.6279999999999999],[0.9375,0.06400000000000006],[0.9375,0.09200000000000008],[-0.00849999999999973,-0.708],[0.013500000000000068,-0.716],[0.9375,0.24400000000000022],[0.9375,0.2559999999999998],[-1.004,0.35199999999999987],[0.12349999999999994,0.7200000000000002],[0.976,0.7639999999999998],[0.734,-0.56],[-1.7574999999999998,0]],"nseeds":35,"executions":553,"nfe":55800,"gps":[[0.0024999999999999467,0]],"lps":[],"fps":[[-0.00849999999999973,0],[0.0024999999999999467,-0.01200000000000001],[-0.00849999999999973,-0.01200000000000001],[-0.00849999999999973,0.016000000000000014],[-0.0030000000000001137,-0.028000000000000025],[0.0024999999999999467,0.04400000000000004],[0.0024999999999999467,-0.04800000000000004],[0.0024999999999999467,-0.06800000000000006],[-0.03600000000000003,-0.01200000000000001],[0.0024999999999999467,-0.08000000000000007],[0.0024999999999999467,-0.10000000000000009],[0.046499999999999986,-0.01200000000000001],[-0.03600000000000003,0.04800000000000004],[0.046499999999999986,0.06000000000000005],[0.052000000000000046,0.04800000000000004],[0.052000000000000046,-0.06400000000000006],[0.052000000000000046,0.07200000000000006],[0.052000000000000046,-0.07600000000000007],[0.052000000000000046,0.09200000000000008],[0.06300000000000017,-0.1479999999999999],[0.07400000000000029,-0.15999999999999992],[-0.03600000000000003,0.3039999999999998],[0.0024999999999999467,-0.6279999999999999],[0.9375,0.06400000000000006],[0.9375,0.09200000000000008],[-0.00849999999999973,-0.708],[0.013500000000000068,-0.716],[0.9375,0.24400000000000022],[0.9375,0.2559999999999998],[-1.004,0.35199999999999987],[0.12349999999999994,0.7200000000000002],[0.976,0.7639999999999998],[0.734,-0.56],[-1.7574999999999998,0]],"np":1,"gp":1,"pr":0.02857142857142857,"gpr":1,"lp":0,"lpr":0,"fpr":0.9714285714285714,"reason":"statistic"}