{"avgHealth":2.467002406464794,"seeds":[[0.0024999999999999467,0],[-0.00849999999999973,0.0040000000000000036],[0.0024999999999999467,0.01200000000000001],[-0.0030000000000001137,-0.01200000000000001],[-0.0030000000000001137,0.02400000000000002],[-0.03049999999999997,0.0040000000000000036],[-0.01399999999999979,0.04800000000000004],[0.019000000000000128,0.04800000000000004],[-0.0030000000000001137,-0.07600000000000007],[0.040999999999999925,0.0040000000000000036],[0.019000000000000128,0.06000000000000005],[-0.01949999999999985,0.06000000000000005],[-0.01949999999999985,0.07600000000000007],[-0.01399999999999979,0.09200000000000008],[0.02450000000000019,0.09200000000000008],[0.02450000000000019,0.13200000000000012],[0.07400000000000029,0.04800000000000004],[0.07400000000000029,0.09200000000000008],[0.07400000000000029,0.1120000000000001],[0.07400000000000029,0.13200000000000012],[0.040999999999999925,0.3999999999999999],[0.0024999999999999467,-0.508],[0.03000000000000025,0.552],[0.8824999999999998,0]],"nseeds":24,"executions":572,"nfe":57700,"gps":[[0.0024999999999999467,0]],"lps":[[0.8824999999999998,0]],"fps":[[-0.00849999999999973,0.0040000000000000036],[0.0024999999999999467,0.01200000000000001],[-0.0030000000000001137,-0.01200000000000001],[-0.0030000000000001137,0.02400000000000002],[-0.03049999999999997,0.0040000000000000036],[-0.01399999999999979,0.04800000000000004],[0.019000000000000128,0.04800000000000004],[-0.0030000000000001137,-0.07600000000000007],[0.040999999999999925,0.0040000000000000036],[0.019000000000000128,0.06000000000000005],[-0.01949999999999985,0.06000000000000005],[-0.01949999999999985,0.07600000000000007],[-0.01399999999999979,0.09200000000000008],[0.02450000000000019,0.09200000000000008],[0.02450000000000019,0.13200000000000012],[0.07400000000000029,0.04800000000000004],[0.07400000000000029,0.09200000000000008],[0.07400000000000029,0.1120000000000001],[0.07400000000000029,0.13200000000000012],[0.040999999999999925,0.3999999999999999],[0.0024999999999999467,-0.508],[0.03000000000000025,0.552]],"np":2,"gp":1,"pr":0.08333333333333333,"gpr":1,"lp":1,"lpr":0.25,"fpr":0.9166666666666666,"reason":"statistic"}