{"avgHealth":2.4632161897017144,"seeds":[[0.0024999999999999467,0],[0.0024999999999999467,-0.020000000000000018],[0.008000000000000007,0.016000000000000014],[0.019000000000000128,0],[-0.01949999999999985,0],[-0.00849999999999973,-0.020000000000000018],[-0.01949999999999985,0.016000000000000014],[-0.00849999999999973,0.04800000000000004],[-0.02499999999999991,-0.020000000000000018],[0.03550000000000031,0],[-0.01949999999999985,0.040000000000000036],[0.03550000000000031,-0.020000000000000018],[0.0024999999999999467,-0.19999999999999996],[0.0024999999999999467,-0.21199999999999997],[-0.01949999999999985,-0.21199999999999997],[-0.05799999999999983,-0.12400000000000011],[-0.01949999999999985,0.3039999999999998],[-0.0030000000000001137,-0.6040000000000001],[0.019000000000000128,-0.6040000000000001],[0.8824999999999998,0],[0.8494999999999999,0],[-0.9654999999999998,0]],"nseeds":22,"executions":576,"nfe":58100,"gps":[[0.0024999999999999467,0]],"lps":[[0.8824999999999998,0]],"fps":[[0.0024999999999999467,-0.020000000000000018],[0.008000000000000007,0.016000000000000014],[0.019000000000000128,0],[-0.01949999999999985,0],[-0.00849999999999973,-0.020000000000000018],[-0.01949999999999985,0.016000000000000014],[-0.00849999999999973,0.04800000000000004],[-0.02499999999999991,-0.020000000000000018],[0.03550000000000031,0],[-0.01949999999999985,0.040000000000000036],[0.03550000000000031,-0.020000000000000018],[0.0024999999999999467,-0.19999999999999996],[0.0024999999999999467,-0.21199999999999997],[-0.01949999999999985,-0.21199999999999997],[-0.05799999999999983,-0.12400000000000011],[-0.01949999999999985,0.3039999999999998],[-0.0030000000000001137,-0.6040000000000001],[0.019000000000000128,-0.6040000000000001],[0.8494999999999999,0],[-0.9654999999999998,0]],"np":2,"gp":1,"pr":0.09090909090909091,"gpr":1,"lp":1,"lpr":0.25,"fpr":0.9090909090909091,"reason":"statistic"}