{"avgHealth":2.4287151629159185,"seeds":[[0.0024999999999999467,0],[0.0024999999999999467,-0.01200000000000001],[-0.0030000000000001137,0.016000000000000014],[0.0024999999999999467,-0.02400000000000002],[-0.01949999999999985,0],[-0.00849999999999973,-0.02400000000000002],[-0.01949999999999985,-0.020000000000000018],[-0.0030000000000001137,0.04400000000000004],[0.03000000000000025,0.008000000000000007],[0.0024999999999999467,-0.08000000000000007],[-0.01949999999999985,-0.06400000000000006],[0.0024999999999999467,-0.1080000000000001],[0.03550000000000031,-0.1080000000000001],[-0.01949999999999985,0.17200000000000015],[0.05750000000000011,0.09600000000000009],[0.05750000000000011,0.14800000000000013],[-0.01949999999999985,-0.26],[0.0024999999999999467,-0.3560000000000001],[0.0024999999999999467,0.3719999999999999],[-0.01399999999999979,0.3719999999999999],[0.02450000000000019,0.3719999999999999],[0.07400000000000029,0.3719999999999999],[0.8879999999999999,0],[0.899,0],[0.8715000000000002,-0.0040000000000000036],[0.8879999999999999,-0.03600000000000003],[0.899,-0.1080000000000001],[0.8715000000000002,-0.1080000000000001],[-0.9544999999999999,0]],"nseeds":29,"executions":435,"nfe":44000,"gps":[[0.0024999999999999467,0]],"lps":[[0.8879999999999999,0]],"fps":[[0.0024999999999999467,-0.01200000000000001],[-0.0030000000000001137,0.016000000000000014],[0.0024999999999999467,-0.02400000000000002],[-0.01949999999999985,0],[-0.00849999999999973,-0.02400000000000002],[-0.01949999999999985,-0.020000000000000018],[-0.0030000000000001137,0.04400000000000004],[0.03000000000000025,0.008000000000000007],[0.0024999999999999467,-0.08000000000000007],[-0.01949999999999985,-0.06400000000000006],[0.0024999999999999467,-0.1080000000000001],[0.03550000000000031,-0.1080000000000001],[-0.01949999999999985,0.17200000000000015],[0.05750000000000011,0.09600000000000009],[0.05750000000000011,0.14800000000000013],[-0.01949999999999985,-0.26],[0.0024999999999999467,-0.3560000000000001],[0.0024999999999999467,0.3719999999999999],[-0.01399999999999979,0.3719999999999999],[0.02450000000000019,0.3719999999999999],[0.07400000000000029,0.3719999999999999],[0.899,0],[0.8715000000000002,-0.0040000000000000036],[0.8879999999999999,-0.03600000000000003],[0.899,-0.1080000000000001],[0.8715000000000002,-0.1080000000000001],[-0.9544999999999999,0]],"np":2,"gp":1,"pr":0.06896551724137931,"gpr":1,"lp":1,"lpr":0.25,"fpr":0.9310344827586207,"reason":"statistic"}