{"avgHealth":2.4790016205185053,"seeds":[[0.0024999999999999467,0],[-0.00849999999999973,0],[0.0024999999999999467,-0.01200000000000001],[-0.00849999999999973,-0.01200000000000001],[0.0024999999999999467,0.020000000000000018],[0.013500000000000068,-0.016000000000000014],[0.013500000000000068,0.016000000000000014],[0.0024999999999999467,0.03200000000000003],[0.02450000000000019,0.0040000000000000036],[0.0024999999999999467,0.04400000000000004],[-0.02499999999999991,-0.020000000000000018],[-0.00849999999999973,0.052000000000000046],[-0.03600000000000003,0],[0.019000000000000128,0.052000000000000046],[0.0024999999999999467,-0.07600000000000007],[-0.00849999999999973,-0.07200000000000006],[0.046499999999999986,-0.08400000000000007],[-0.9215000000000002,0],[0.9319999999999999,0]],"nseeds":19,"executions":631,"nfe":63600,"gps":[[0.0024999999999999467,0]],"lps":[],"fps":[[-0.00849999999999973,0],[0.0024999999999999467,-0.01200000000000001],[-0.00849999999999973,-0.01200000000000001],[0.0024999999999999467,0.020000000000000018],[0.013500000000000068,-0.016000000000000014],[0.013500000000000068,0.016000000000000014],[0.0024999999999999467,0.03200000000000003],[0.02450000000000019,0.0040000000000000036],[0.0024999999999999467,0.04400000000000004],[-0.02499999999999991,-0.020000000000000018],[-0.00849999999999973,0.052000000000000046],[-0.03600000000000003,0],[0.019000000000000128,0.052000000000000046],[0.0024999999999999467,-0.07600000000000007],[-0.00849999999999973,-0.07200000000000006],[0.046499999999999986,-0.08400000000000007],[-0.9215000000000002,0],[0.9319999999999999,0]],"np":1,"gp":1,"pr":0.05263157894736842,"gpr":1,"lp":0,"lpr":0,"fpr":0.9473684210526315,"reason":"statistic"}