{"avgHealth":2.4615059867719835,"seeds":[[0.0024999999999999467,0],[-0.00849999999999973,0],[0.0024999999999999467,-0.01200000000000001],[0.013500000000000068,0],[-0.00849999999999973,-0.01200000000000001],[-0.00849999999999973,0.01200000000000001],[0.0024999999999999467,0.02400000000000002],[0.013500000000000068,-0.016000000000000014],[-0.01399999999999979,-0.02400000000000002],[0.0024999999999999467,0.040000000000000036],[-0.0030000000000001137,-0.04400000000000004],[0.02450000000000019,-0.02400000000000002],[0.0024999999999999467,-0.06000000000000005],[0.0024999999999999467,-0.07600000000000007],[-0.00849999999999973,-0.07600000000000007],[-0.0030000000000001137,-0.08800000000000008],[-0.04700000000000015,0],[0.019000000000000128,0.07600000000000007],[-0.02499999999999991,0.09200000000000008],[-0.03600000000000003,-0.08800000000000008],[0.05750000000000011,-0.016000000000000014],[-0.0030000000000001137,0.15200000000000014],[0.0024999999999999467,0.16800000000000015],[-0.00849999999999973,0.16800000000000015],[-0.04700000000000015,-0.08800000000000008],[-0.02499999999999991,0.15200000000000014],[0.03550000000000031,0.1280000000000001],[0.03550000000000031,0.15200000000000014],[0.03550000000000031,0.16800000000000015],[0.0794999999999999,0],[0.0794999999999999,-0.01200000000000001],[-0.03049999999999997,-0.244],[0.09050000000000002,0.0040000000000000036],[0.06300000000000017,0.16800000000000015],[0.013500000000000068,-0.3360000000000001],[0.052000000000000046,0.2719999999999998],[-0.12950000000000017,0],[-0.14049999999999985,0],[0.14549999999999974,0.008000000000000007],[-0.14049999999999985,0.1280000000000001],[-0.14049999999999985,0.14400000000000013],[0.8879999999999999,0]],"nseeds":42,"executions":499,"nfe":50400,"gps":[[0.0024999999999999467,0]],"lps":[[0.8879999999999999,0]],"fps":[[-0.00849999999999973,0],[0.0024999999999999467,-0.01200000000000001],[0.013500000000000068,0],[-0.00849999999999973,-0.01200000000000001],[-0.00849999999999973,0.01200000000000001],[0.0024999999999999467,0.02400000000000002],[0.013500000000000068,-0.016000000000000014],[-0.01399999999999979,-0.02400000000000002],[0.0024999999999999467,0.040000000000000036],[-0.0030000000000001137,-0.04400000000000004],[0.02450000000000019,-0.02400000000000002],[0.0024999999999999467,-0.06000000000000005],[0.0024999999999999467,-0.07600000000000007],[-0.00849999999999973,-0.07600000000000007],[-0.0030000000000001137,-0.08800000000000008],[-0.04700000000000015,0],[0.019000000000000128,0.07600000000000007],[-0.02499999999999991,0.09200000000000008],[-0.03600000000000003,-0.08800000000000008],[0.05750000000000011,-0.016000000000000014],[-0.0030000000000001137,0.15200000000000014],[0.0024999999999999467,0.16800000000000015],[-0.00849999999999973,0.16800000000000015],[-0.04700000000000015,-0.08800000000000008],[-0.02499999999999991,0.15200000000000014],[0.03550000000000031,0.1280000000000001],[0.03550000000000031,0.15200000000000014],[0.03550000000000031,0.16800000000000015],[0.0794999999999999,0],[0.0794999999999999,-0.01200000000000001],[-0.03049999999999997,-0.244],[0.09050000000000002,0.0040000000000000036],[0.06300000000000017,0.16800000000000015],[0.013500000000000068,-0.3360000000000001],[0.052000000000000046,0.2719999999999998],[-0.12950000000000017,0],[-0.14049999999999985,0],[0.14549999999999974,0.008000000000000007],[-0.14049999999999985,0.1280000000000001],[-0.14049999999999985,0.14400000000000013]],"np":2,"gp":1,"pr":0.047619047619047616,"gpr":1,"lp":1,"lpr":0.25,"fpr":0.9523809523809523,"reason":"statistic"}