{"avgHealth":2.443699608970045,"seeds":[[0.0024999999999999467,0],[-0.00849999999999973,0],[0.0024999999999999467,-0.01200000000000001],[-0.0030000000000001137,0.01200000000000001],[-0.00849999999999973,-0.016000000000000014],[0.019000000000000128,0],[-0.02499999999999991,0],[0.0024999999999999467,-0.06400000000000006],[0.0024999999999999467,-0.07600000000000007],[0.013500000000000068,0.06800000000000006],[0.008000000000000007,-0.09200000000000008],[-0.02499999999999991,-0.08800000000000008],[-0.0030000000000001137,-0.1279999999999999],[-0.02499999999999991,-0.1200000000000001],[-0.04700000000000015,-0.08400000000000007],[-0.02499999999999991,-0.1439999999999999],[-0.06349999999999989,0.052000000000000046],[0.0024999999999999467,0.2400000000000002],[-0.01399999999999979,0.2400000000000002],[0.0794999999999999,-0.07600000000000007],[-0.0030000000000001137,-0.32800000000000007],[-0.0030000000000001137,-0.3440000000000001],[0.052000000000000046,-0.272],[-0.02499999999999991,-0.3440000000000001],[-0.02499999999999991,-0.3839999999999999],[0.0794999999999999,-0.3440000000000001],[-0.06349999999999989,0.44799999999999995],[0.008000000000000007,-0.556],[-0.0030000000000001137,-0.5640000000000001],[0.0024999999999999467,-0.5760000000000001],[-0.02499999999999991,-0.5760000000000001],[-0.9325000000000001,0],[0.0024999999999999467,0.6480000000000001],[0.8824999999999998,0.07600000000000007],[0.8824999999999998,0.09200000000000008],[-0.9325000000000001,-0.1160000000000001],[-0.9325000000000001,-0.1279999999999999],[0.8824999999999998,0.18400000000000016],[-0.9325000000000001,-0.1439999999999999],[0.7835000000000001,0],[1.02,0]],"nseeds":41,"executions":518,"nfe":52300,"gps":[[0.0024999999999999467,0]],"lps":[],"fps":[[-0.00849999999999973,0],[0.0024999999999999467,-0.01200000000000001],[-0.0030000000000001137,0.01200000000000001],[-0.00849999999999973,-0.016000000000000014],[0.019000000000000128,0],[-0.02499999999999991,0],[0.0024999999999999467,-0.06400000000000006],[0.0024999999999999467,-0.07600000000000007],[0.013500000000000068,0.06800000000000006],[0.008000000000000007,-0.09200000000000008],[-0.02499999999999991,-0.08800000000000008],[-0.0030000000000001137,-0.1279999999999999],[-0.02499999999999991,-0.1200000000000001],[-0.04700000000000015,-0.08400000000000007],[-0.02499999999999991,-0.1439999999999999],[-0.06349999999999989,0.052000000000000046],[0.0024999999999999467,0.2400000000000002],[-0.01399999999999979,0.2400000000000002],[0.0794999999999999,-0.07600000000000007],[-0.0030000000000001137,-0.32800000000000007],[-0.0030000000000001137,-0.3440000000000001],[0.052000000000000046,-0.272],[-0.02499999999999991,-0.3440000000000001],[-0.02499999999999991,-0.3839999999999999],[0.0794999999999999,-0.3440000000000001],[-0.06349999999999989,0.44799999999999995],[0.008000000000000007,-0.556],[-0.0030000000000001137,-0.5640000000000001],[0.0024999999999999467,-0.5760000000000001],[-0.02499999999999991,-0.5760000000000001],[-0.9325000000000001,0],[0.0024999999999999467,0.6480000000000001],[0.8824999999999998,0.07600000000000007],[0.8824999999999998,0.09200000000000008],[-0.9325000000000001,-0.1160000000000001],[-0.9325000000000001,-0.1279999999999999],[0.8824999999999998,0.18400000000000016],[-0.9325000000000001,-0.1439999999999999],[0.7835000000000001,0],[1.02,0]],"np":1,"gp":1,"pr":0.024390243902439025,"gpr":1,"lp":0,"lpr":0,"fpr":0.975609756097561,"reason":"statistic"}