{"avgHealth":2.461520524444442,"seeds":[[0.0024999999999999467,0],[-0.00849999999999973,-0.0040000000000000036],[-0.0030000000000001137,-0.016000000000000014],[0.008000000000000007,0.02400000000000002],[-0.01949999999999985,0.008000000000000007],[-0.0030000000000001137,0.03200000000000003],[0.0024999999999999467,0.04400000000000004],[-0.01949999999999985,-0.020000000000000018],[0.03000000000000025,0.020000000000000018],[-0.01399999999999979,-0.05600000000000005],[-0.0030000000000001137,-0.07200000000000006],[0.008000000000000007,0.07600000000000007],[0.0024999999999999467,-0.08400000000000007],[-0.00849999999999973,-0.08400000000000007],[-0.01399999999999979,-0.09600000000000009],[-0.03600000000000003,0.18000000000000016],[0.13999999999999968,0],[-0.04150000000000009,0.504],[0.8879999999999999,0]],"nseeds":19,"executions":525,"nfe":53000,"gps":[[0.0024999999999999467,0]],"lps":[[0.8879999999999999,0]],"fps":[[-0.00849999999999973,-0.0040000000000000036],[-0.0030000000000001137,-0.016000000000000014],[0.008000000000000007,0.02400000000000002],[-0.01949999999999985,0.008000000000000007],[-0.0030000000000001137,0.03200000000000003],[0.0024999999999999467,0.04400000000000004],[-0.01949999999999985,-0.020000000000000018],[0.03000000000000025,0.020000000000000018],[-0.01399999999999979,-0.05600000000000005],[-0.0030000000000001137,-0.07200000000000006],[0.008000000000000007,0.07600000000000007],[0.0024999999999999467,-0.08400000000000007],[-0.00849999999999973,-0.08400000000000007],[-0.01399999999999979,-0.09600000000000009],[-0.03600000000000003,0.18000000000000016],[0.13999999999999968,0],[-0.04150000000000009,0.504]],"np":2,"gp":1,"pr":0.10526315789473684,"gpr":1,"lp":1,"lpr":0.25,"fpr":0.8947368421052632,"reason":"statistic"}