{"avgHealth":2.4396067653578717,"seeds":[[0.0024999999999999467,0],[-0.00849999999999973,0],[0.0024999999999999467,-0.01200000000000001],[0.0024999999999999467,0.020000000000000018],[0.019000000000000128,0],[0.0024999999999999467,-0.028000000000000025],[0.0024999999999999467,0.04400000000000004],[0.03000000000000025,0],[-0.03049999999999997,0],[-0.01399999999999979,0.04400000000000004],[-0.00849999999999973,-0.05600000000000005],[0.019000000000000128,0.040000000000000036],[0.0024999999999999467,0.07200000000000006],[0.0024999999999999467,-0.07600000000000007],[0.040999999999999925,0],[-0.01399999999999979,-0.06800000000000006],[-0.03600000000000003,0.020000000000000018],[0.05750000000000011,0],[-0.03049999999999997,-0.09600000000000009],[0.06850000000000023,0.008000000000000007],[0.05750000000000011,0.07200000000000006],[0.05750000000000011,-0.08400000000000007],[0.07400000000000029,-0.01200000000000001],[-0.04700000000000015,0.15600000000000014],[0.05750000000000011,-0.1279999999999999],[0.0024999999999999467,-0.28400000000000003],[-0.00849999999999973,-0.28400000000000003],[-0.04700000000000015,0.2200000000000002],[-0.01949999999999985,-0.31600000000000006],[0.09050000000000002,0.07200000000000006],[0.03550000000000031,0.4119999999999999],[-0.04700000000000015,0.43599999999999994],[-0.00849999999999973,0.532],[-0.06899999999999995,0.44399999999999995],[0.8879999999999999,0],[0.899,0],[-0.03600000000000003,-0.5960000000000001],[0.9319999999999999,0]],"nseeds":38,"executions":434,"nfe":43900,"gps":[[0.0024999999999999467,0]],"lps":[[0.8879999999999999,0]],"fps":[[-0.00849999999999973,0],[0.0024999999999999467,-0.01200000000000001],[0.0024999999999999467,0.020000000000000018],[0.019000000000000128,0],[0.0024999999999999467,-0.028000000000000025],[0.0024999999999999467,0.04400000000000004],[0.03000000000000025,0],[-0.03049999999999997,0],[-0.01399999999999979,0.04400000000000004],[-0.00849999999999973,-0.05600000000000005],[0.019000000000000128,0.040000000000000036],[0.0024999999999999467,0.07200000000000006],[0.0024999999999999467,-0.07600000000000007],[0.040999999999999925,0],[-0.01399999999999979,-0.06800000000000006],[-0.03600000000000003,0.020000000000000018],[0.05750000000000011,0],[-0.03049999999999997,-0.09600000000000009],[0.06850000000000023,0.008000000000000007],[0.05750000000000011,0.07200000000000006],[0.05750000000000011,-0.08400000000000007],[0.07400000000000029,-0.01200000000000001],[-0.04700000000000015,0.15600000000000014],[0.05750000000000011,-0.1279999999999999],[0.0024999999999999467,-0.28400000000000003],[-0.00849999999999973,-0.28400000000000003],[-0.04700000000000015,0.2200000000000002],[-0.01949999999999985,-0.31600000000000006],[0.09050000000000002,0.07200000000000006],[0.03550000000000031,0.4119999999999999],[-0.04700000000000015,0.43599999999999994],[-0.00849999999999973,0.532],[-0.06899999999999995,0.44399999999999995],[0.899,0],[-0.03600000000000003,-0.5960000000000001],[0.9319999999999999,0]],"np":2,"gp":1,"pr":0.05263157894736842,"gpr":1,"lp":1,"lpr":0.25,"fpr":0.9473684210526315,"reason":"statistic"}