{"avgHealth":-0.23733229156335173,"seeds":[[0],[0.02],[-0.02],[-0.031],[0.031],[0.041],[-0.041],[0.061],[0.993]],"nseeds":9,"executions":669,"nfe":67400,"gps":[[0]],"lps":[],"fps":[[0.02],[-0.02],[-0.031],[0.031],[0.041],[-0.041],[0.061],[0.993]],"np":1,"gp":1,"pr":0.1111111111111111,"gpr":1,"lp":0,"lpr":0,"fpr":0.8888888888888888,"reason":"statistic"}