{"avgHealth":0.9997074804071783,"seeds":[[-2.08,-2.08],[-2.08,5.300000000000001],[5.300000000000001,5.300000000000001],[-2.08,5.280000000000001],[5.280000000000001,5.300000000000001],[5.300000000000001,5.280000000000001],[5.280000000000001,5.280000000000001],[-2.08,-6.02],[5.300000000000001,-6.02],[-2.08,5.32],[5.300000000000001,5.32],[5.280000000000001,5.32],[5.32,-6.02],[-2.08,5.26],[5.26,5.300000000000001],[5.32,5.32],[-2.08,-2.0999999999999996],[-2.0999999999999996,5.300000000000001],[-2.0999999999999996,5.280000000000001],[5.26,-6.02],[-2.0599999999999996,-6.02],[5.26,5.32],[-2.0999999999999996,-6.02],[-2.0999999999999996,5.32],[-2.08,-8.120000000000001],[5.300000000000001,-8.120000000000001],[-8.120000000000001,5.300000000000001],[-8.120000000000001,5.280000000000001],[5.32,5.34],[-2.0999999999999996,-2.0999999999999996],[5.32,-8.120000000000001],[-8.120000000000001,5.32],[5.300000000000001,5.24],[-2.0999999999999996,5.34],[5.26,-8.120000000000001],[-2.0599999999999996,-8.120000000000001],[-2.0999999999999996,-8.120000000000001],[-2.039999999999999,-6.02],[-2.119999999999999,-6.02],[-2.08,-8.1],[5.300000000000001,-8.1],[-8.1,5.300000000000001],[5.280000000000001,-8.1],[-8.1,-6.02],[5.32,-8.1],[5.380000000000001,-6.02],[-2.039999999999999,-8.120000000000001],[5.26,-8.1],[-2.119999999999999,-8.120000000000001],[-2.0599999999999996,-8.1],[-2.0999999999999996,-8.1],[-9.24,5.300000000000001],[-9.24,5.32],[5.4,-6.02],[-2.119999999999999,-8.1],[-2.0199999999999996,-6.02],[5.380000000000001,-8.1],[-2.0199999999999996,-6],[5.42,5.300000000000001],[5.4,-8.1],[-2.0599999999999996,-2],[5.440000000000001,5.24],[-9.22,-8.120000000000001],[-8.14,-6.02],[5.440000000000001,5.18],[5.18,-2],[5.34,-5.96],[-9.22,-1.9800000000000004],[-2.16,-5.96],[-9.22,-2.1799999999999997],[5.32,-1.9399999999999995],[5.460000000000001,-1.959999999999999],[4.98,-8.1]],"nseeds":73,"executions":213,"nfe":21800,"gps":[],"lps":[],"fps":[[-2.08,-2.08],[-2.08,5.300000000000001],[5.300000000000001,5.300000000000001],[-2.08,5.280000000000001],[5.280000000000001,5.300000000000001],[5.300000000000001,5.280000000000001],[5.280000000000001,5.280000000000001],[-2.08,-6.02],[5.300000000000001,-6.02],[-2.08,5.32],[5.300000000000001,5.32],[5.280000000000001,5.32],[5.32,-6.02],[-2.08,5.26],[5.26,5.300000000000001],[5.32,5.32],[-2.08,-2.0999999999999996],[-2.0999999999999996,5.300000000000001],[-2.0999999999999996,5.280000000000001],[5.26,-6.02],[-2.0599999999999996,-6.02],[5.26,5.32],[-2.0999999999999996,-6.02],[-2.0999999999999996,5.32],[-2.08,-8.120000000000001],[5.300000000000001,-8.120000000000001],[-8.120000000000001,5.300000000000001],[-8.120000000000001,5.280000000000001],[5.32,5.34],[-2.0999999999999996,-2.0999999999999996],[5.32,-8.120000000000001],[-8.120000000000001,5.32],[5.300000000000001,5.24],[-2.0999999999999996,5.34],[5.26,-8.120000000000001],[-2.0599999999999996,-8.120000000000001],[-2.0999999999999996,-8.120000000000001],[-2.039999999999999,-6.02],[-2.119999999999999,-6.02],[-2.08,-8.1],[5.300000000000001,-8.1],[-8.1,5.300000000000001],[5.280000000000001,-8.1],[-8.1,-6.02],[5.32,-8.1],[5.380000000000001,-6.02],[-2.039999999999999,-8.120000000000001],[5.26,-8.1],[-2.119999999999999,-8.120000000000001],[-2.0599999999999996,-8.1],[-2.0999999999999996,-8.1],[-9.24,5.300000000000001],[-9.24,5.32],[5.4,-6.02],[-2.119999999999999,-8.1],[-2.0199999999999996,-6.02],[5.380000000000001,-8.1],[-2.0199999999999996,-6],[5.42,5.300000000000001],[5.4,-8.1],[-2.0599999999999996,-2],[5.440000000000001,5.24],[-9.22,-8.120000000000001],[-8.14,-6.02],[5.440000000000001,5.18],[5.18,-2],[5.34,-5.96],[-9.22,-1.9800000000000004],[-2.16,-5.96],[-9.22,-2.1799999999999997],[5.32,-1.9399999999999995],[5.460000000000001,-1.959999999999999],[4.98,-8.1]],"np":0,"gp":0,"pr":0,"gpr":0,"fpr":1,"reason":"statistic"}