{"avgHealth":0.999801665881712,"seeds":[[-2.08,-2.08],[-2.08,5.300000000000001],[5.300000000000001,5.300000000000001],[-2.08,5.280000000000001],[5.280000000000001,-2.08],[5.300000000000001,5.280000000000001],[5.280000000000001,5.300000000000001],[5.280000000000001,5.280000000000001],[-2.08,-6.02],[5.32,-2.08],[-2.08,5.32],[5.32,5.300000000000001],[5.300000000000001,5.32],[5.280000000000001,-6.02],[5.32,5.280000000000001],[5.280000000000001,5.32],[5.32,-6.02],[5.26,-2.08],[-2.08,5.26],[5.300000000000001,5.26],[5.26,5.300000000000001],[5.32,5.32],[-2.0599999999999996,-2.08],[-2.08,-2.0599999999999996],[-2.0599999999999996,5.300000000000001],[5.26,5.280000000000001],[-2.08,-2.0999999999999996],[5.280000000000001,-2.0599999999999996],[-2.0599999999999996,5.280000000000001],[5.280000000000001,-2.0999999999999996],[5.26,-6.02],[5.32,5.26],[-2.0999999999999996,-6.02],[5.32,-2.0599999999999996],[-2.0599999999999996,5.32],[-2.08,5.34],[5.32,-2.0999999999999996],[-8.120000000000001,-2.08],[-8.120000000000001,5.300000000000001],[5.34,-6.02],[5.26,-2.0599999999999996],[-8.120000000000001,5.280000000000001],[5.32,5.34],[5.26,-2.0999999999999996],[-2.0599999999999996,-2.0999999999999996],[-8.120000000000001,-6.02],[-2.0999999999999996,-2.0999999999999996],[-8.120000000000001,5.32],[5.24,5.300000000000001],[5.24,5.280000000000001],[-2.0599999999999996,5.34],[-8.120000000000001,5.26],[5.32,5.24],[5.24,5.32],[-8.120000000000001,-2.0599999999999996],[-8.120000000000001,-2.0999999999999996],[5.24,5.26],[-8.120000000000001,5.34],[5.24,5.34],[-8.120000000000001,5.24],[-2.08,-2.119999999999999],[-2.039999999999999,-6.02],[5.24,5.24],[5.32,-2.119999999999999],[-8.1,5.300000000000001],[-8.1,5.280000000000001],[5.34,-2.119999999999999],[-8.120000000000001,-2.119999999999999],[-2.08,-6.04],[-2.119999999999999,5.24],[-2.0999999999999996,-6.04],[-2.039999999999999,-2.119999999999999],[-8.1,-2.119999999999999],[-2.1399999999999997,5.300000000000001],[-2.039999999999999,-6.04],[5.16,5.32],[-8.08,-2.08],[5.039999999999999,-2.0599999999999996]],"nseeds":78,"executions":222,"nfe":22700,"gps":[],"lps":[],"fps":[[-2.08,-2.08],[-2.08,5.300000000000001],[5.300000000000001,5.300000000000001],[-2.08,5.280000000000001],[5.280000000000001,-2.08],[5.300000000000001,5.280000000000001],[5.280000000000001,5.300000000000001],[5.280000000000001,5.280000000000001],[-2.08,-6.02],[5.32,-2.08],[-2.08,5.32],[5.32,5.300000000000001],[5.300000000000001,5.32],[5.280000000000001,-6.02],[5.32,5.280000000000001],[5.280000000000001,5.32],[5.32,-6.02],[5.26,-2.08],[-2.08,5.26],[5.300000000000001,5.26],[5.26,5.300000000000001],[5.32,5.32],[-2.0599999999999996,-2.08],[-2.08,-2.0599999999999996],[-2.0599999999999996,5.300000000000001],[5.26,5.280000000000001],[-2.08,-2.0999999999999996],[5.280000000000001,-2.0599999999999996],[-2.0599999999999996,5.280000000000001],[5.280000000000001,-2.0999999999999996],[5.26,-6.02],[5.32,5.26],[-2.0999999999999996,-6.02],[5.32,-2.0599999999999996],[-2.0599999999999996,5.32],[-2.08,5.34],[5.32,-2.0999999999999996],[-8.120000000000001,-2.08],[-8.120000000000001,5.300000000000001],[5.34,-6.02],[5.26,-2.0599999999999996],[-8.120000000000001,5.280000000000001],[5.32,5.34],[5.26,-2.0999999999999996],[-2.0599999999999996,-2.0999999999999996],[-8.120000000000001,-6.02],[-2.0999999999999996,-2.0999999999999996],[-8.120000000000001,5.32],[5.24,5.300000000000001],[5.24,5.280000000000001],[-2.0599999999999996,5.34],[-8.120000000000001,5.26],[5.32,5.24],[5.24,5.32],[-8.120000000000001,-2.0599999999999996],[-8.120000000000001,-2.0999999999999996],[5.24,5.26],[-8.120000000000001,5.34],[5.24,5.34],[-8.120000000000001,5.24],[-2.08,-2.119999999999999],[-2.039999999999999,-6.02],[5.24,5.24],[5.32,-2.119999999999999],[-8.1,5.300000000000001],[-8.1,5.280000000000001],[5.34,-2.119999999999999],[-8.120000000000001,-2.119999999999999],[-2.08,-6.04],[-2.119999999999999,5.24],[-2.0999999999999996,-6.04],[-2.039999999999999,-2.119999999999999],[-8.1,-2.119999999999999],[-2.1399999999999997,5.300000000000001],[-2.039999999999999,-6.04],[5.16,5.32],[-8.08,-2.08],[5.039999999999999,-2.0599999999999996]],"np":0,"gp":0,"pr":0,"gpr":0,"fpr":1,"reason":"statistic"}