{"avgHealth":0.9998463381950654,"seeds":[[-2.08,-2.08],[5.300000000000001,-2.08],[-2.08,5.300000000000001],[5.300000000000001,5.300000000000001],[5.280000000000001,-2.08],[5.280000000000001,5.300000000000001],[5.300000000000001,5.280000000000001],[5.280000000000001,5.280000000000001],[-6.02,-2.08],[-6.02,5.300000000000001],[5.300000000000001,5.32],[5.32,5.300000000000001],[-6.02,5.280000000000001],[5.280000000000001,5.32],[5.32,5.280000000000001],[-6.02,5.32],[5.32,-6.02],[5.300000000000001,5.26],[5.32,5.32],[-2.08,-2.0599999999999996],[-2.0599999999999996,-2.08],[-2.0599999999999996,5.300000000000001],[5.300000000000001,-2.0599999999999996],[-2.0599999999999996,5.280000000000001],[5.280000000000001,-2.0599999999999996],[-6.02,5.26],[-6.02,-2.0599999999999996],[-2.0599999999999996,5.32],[5.300000000000001,5.34],[-8.120000000000001,-2.08],[-8.120000000000001,5.300000000000001],[5.300000000000001,-8.120000000000001],[-2.0599999999999996,5.26],[5.280000000000001,-8.120000000000001],[-8.120000000000001,5.280000000000001],[-6.02,-8.120000000000001],[-2.0999999999999996,-2.0999999999999996],[5.32,-6],[-8.120000000000001,5.32],[5.300000000000001,5.24],[-2.0599999999999996,5.34],[5.34,-2.0599999999999996],[-8.120000000000001,5.26],[-6,-2.0599999999999996],[5.300000000000001,5.359999999999999],[-2.0599999999999996,5.24],[-6.02,5.359999999999999],[-8.120000000000001,-6],[5.32,5.359999999999999],[-8.120000000000001,5.24],[-8.1,-2.08],[5.300000000000001,-8.1],[-8.1,5.32],[5.32,-8.1],[-8.1,-2.0599999999999996],[-6.02,5.199999999999999],[-6.04,-2.0599999999999996],[-2.0599999999999996,5.199999999999999],[-8.1,5.359999999999999],[-6,-9.24],[5.300000000000001,-2.0199999999999996],[5.300000000000001,5.18],[-2.0999999999999996,-2.0199999999999996],[5.18,5.380000000000001],[-6.04,-2.0199999999999996],[-8.120000000000001,5.440000000000001],[-6.06,-8.120000000000001],[-8.14,-2.08],[5.32,5.5]],"nseeds":69,"executions":273,"nfe":27800,"gps":[],"lps":[],"fps":[[-2.08,-2.08],[5.300000000000001,-2.08],[-2.08,5.300000000000001],[5.300000000000001,5.300000000000001],[5.280000000000001,-2.08],[5.280000000000001,5.300000000000001],[5.300000000000001,5.280000000000001],[5.280000000000001,5.280000000000001],[-6.02,-2.08],[-6.02,5.300000000000001],[5.300000000000001,5.32],[5.32,5.300000000000001],[-6.02,5.280000000000001],[5.280000000000001,5.32],[5.32,5.280000000000001],[-6.02,5.32],[5.32,-6.02],[5.300000000000001,5.26],[5.32,5.32],[-2.08,-2.0599999999999996],[-2.0599999999999996,-2.08],[-2.0599999999999996,5.300000000000001],[5.300000000000001,-2.0599999999999996],[-2.0599999999999996,5.280000000000001],[5.280000000000001,-2.0599999999999996],[-6.02,5.26],[-6.02,-2.0599999999999996],[-2.0599999999999996,5.32],[5.300000000000001,5.34],[-8.120000000000001,-2.08],[-8.120000000000001,5.300000000000001],[5.300000000000001,-8.120000000000001],[-2.0599999999999996,5.26],[5.280000000000001,-8.120000000000001],[-8.120000000000001,5.280000000000001],[-6.02,-8.120000000000001],[-2.0999999999999996,-2.0999999999999996],[5.32,-6],[-8.120000000000001,5.32],[5.300000000000001,5.24],[-2.0599999999999996,5.34],[5.34,-2.0599999999999996],[-8.120000000000001,5.26],[-6,-2.0599999999999996],[5.300000000000001,5.359999999999999],[-2.0599999999999996,5.24],[-6.02,5.359999999999999],[-8.120000000000001,-6],[5.32,5.359999999999999],[-8.120000000000001,5.24],[-8.1,-2.08],[5.300000000000001,-8.1],[-8.1,5.32],[5.32,-8.1],[-8.1,-2.0599999999999996],[-6.02,5.199999999999999],[-6.04,-2.0599999999999996],[-2.0599999999999996,5.199999999999999],[-8.1,5.359999999999999],[-6,-9.24],[5.300000000000001,-2.0199999999999996],[5.300000000000001,5.18],[-2.0999999999999996,-2.0199999999999996],[5.18,5.380000000000001],[-6.04,-2.0199999999999996],[-8.120000000000001,5.440000000000001],[-6.06,-8.120000000000001],[-8.14,-2.08],[5.32,5.5]],"np":0,"gp":0,"pr":0,"gpr":0,"fpr":1,"reason":"statistic"}