{"avgHealth":0.9996864244195542,"seeds":[[-6.02,5.300000000000001],[-6.02,5.280000000000001],[-6.02,5.32],[5.26,5.300000000000001],[5.32,5.32],[-2.08,-2.0599999999999996],[5.300000000000001,-2.0599999999999996],[5.26,5.280000000000001],[-2.0999999999999996,5.300000000000001],[-6.02,5.26],[-6.02,-2.0599999999999996],[5.26,5.32],[-6.02,-2.0999999999999996],[5.32,-2.0599999999999996],[-2.0999999999999996,5.32],[5.32,-2.0999999999999996],[-8.120000000000001,-2.08],[-8.120000000000001,5.300000000000001],[-6.02,5.34],[-2.0999999999999996,-2.0599999999999996],[-6.02,-8.120000000000001],[-2.0999999999999996,-2.0999999999999996],[-8.120000000000001,5.32],[5.34,-2.0599999999999996],[5.34,-2.0999999999999996],[5.26,-8.120000000000001],[-8.120000000000001,-2.0599999999999996],[-2.0999999999999996,-8.120000000000001],[-8.120000000000001,-2.0999999999999996],[5.34,-8.120000000000001],[-6,-8.120000000000001],[-8.120000000000001,-8.120000000000001],[5.300000000000001,-2.119999999999999],[-2.119999999999999,5.300000000000001],[5.359999999999999,-8.120000000000001],[-8.1,5.300000000000001],[5.220000000000001,-2.0599999999999996],[-2.0999999999999996,-2.119999999999999],[-6.02,-8.1],[5.32,-8.1],[-8.1,5.32],[-2.039999999999999,-8.120000000000001],[-2.119999999999999,-6],[-8.120000000000001,-2.119999999999999],[-2.119999999999999,-8.120000000000001],[-2.0999999999999996,-8.1],[5.380000000000001,-2.0999999999999996],[-8.1,-8.120000000000001],[5.199999999999999,5.32],[-2.0999999999999996,5.199999999999999],[-6.04,-8.120000000000001],[-2.039999999999999,-8.1],[5.32,-2.0199999999999996],[5.4,-8.120000000000001],[-8.1,-8.1],[-2.0199999999999996,-2.0999999999999996],[-2.0999999999999996,-2.1399999999999997],[-8.120000000000001,-2.0199999999999996],[-6.04,5.4],[-8.1,-2.1399999999999997],[5.440000000000001,-8.120000000000001],[-2.16,-2.0999999999999996],[5.140000000000001,-6],[5.140000000000001,-8.120000000000001],[-2.16,-8.1],[-9.22,-8.1],[-2.0999999999999996,-8.14],[5.68,5.300000000000001]],"nseeds":68,"executions":212,"nfe":21700,"gps":[],"lps":[],"fps":[[-6.02,5.300000000000001],[-6.02,5.280000000000001],[-6.02,5.32],[5.26,5.300000000000001],[5.32,5.32],[-2.08,-2.0599999999999996],[5.300000000000001,-2.0599999999999996],[5.26,5.280000000000001],[-2.0999999999999996,5.300000000000001],[-6.02,5.26],[-6.02,-2.0599999999999996],[5.26,5.32],[-6.02,-2.0999999999999996],[5.32,-2.0599999999999996],[-2.0999999999999996,5.32],[5.32,-2.0999999999999996],[-8.120000000000001,-2.08],[-8.120000000000001,5.300000000000001],[-6.02,5.34],[-2.0999999999999996,-2.0599999999999996],[-6.02,-8.120000000000001],[-2.0999999999999996,-2.0999999999999996],[-8.120000000000001,5.32],[5.34,-2.0599999999999996],[5.34,-2.0999999999999996],[5.26,-8.120000000000001],[-8.120000000000001,-2.0599999999999996],[-2.0999999999999996,-8.120000000000001],[-8.120000000000001,-2.0999999999999996],[5.34,-8.120000000000001],[-6,-8.120000000000001],[-8.120000000000001,-8.120000000000001],[5.300000000000001,-2.119999999999999],[-2.119999999999999,5.300000000000001],[5.359999999999999,-8.120000000000001],[-8.1,5.300000000000001],[5.220000000000001,-2.0599999999999996],[-2.0999999999999996,-2.119999999999999],[-6.02,-8.1],[5.32,-8.1],[-8.1,5.32],[-2.039999999999999,-8.120000000000001],[-2.119999999999999,-6],[-8.120000000000001,-2.119999999999999],[-2.119999999999999,-8.120000000000001],[-2.0999999999999996,-8.1],[5.380000000000001,-2.0999999999999996],[-8.1,-8.120000000000001],[5.199999999999999,5.32],[-2.0999999999999996,5.199999999999999],[-6.04,-8.120000000000001],[-2.039999999999999,-8.1],[5.32,-2.0199999999999996],[5.4,-8.120000000000001],[-8.1,-8.1],[-2.0199999999999996,-2.0999999999999996],[-2.0999999999999996,-2.1399999999999997],[-8.120000000000001,-2.0199999999999996],[-6.04,5.4],[-8.1,-2.1399999999999997],[5.440000000000001,-8.120000000000001],[-2.16,-2.0999999999999996],[5.140000000000001,-6],[5.140000000000001,-8.120000000000001],[-2.16,-8.1],[-9.22,-8.1],[-2.0999999999999996,-8.14],[5.68,5.300000000000001]],"np":0,"gp":0,"pr":0,"gpr":0,"fpr":1,"reason":"statistic"}