{"avgHealth":0.999898275743855,"seeds":[[-2.08,-2.08],[-2.08,5.300000000000001],[5.280000000000001,-2.08],[-2.08,5.280000000000001],[5.280000000000001,5.300000000000001],[5.280000000000001,5.280000000000001],[-6.02,-2.08],[-6.02,5.300000000000001],[-2.08,5.32],[-6.02,5.280000000000001],[5.280000000000001,5.32],[-6.02,5.32],[-2.08,5.26],[-2.08,-2.0599999999999996],[5.280000000000001,5.26],[-2.08,-2.0999999999999996],[-6.02,5.26],[-6.02,-2.0599999999999996],[-6.02,-2.0999999999999996],[-2.08,5.34],[5.34,-2.08],[5.280000000000001,5.34],[5.34,5.280000000000001],[-6,-2.08],[-6,5.300000000000001],[-6.02,5.34],[-6,5.280000000000001],[5.34,5.32],[-6,5.32],[-6,5.26],[-6,-2.0599999999999996],[-6,-2.0999999999999996],[-6,5.34],[-2.039999999999999,5.300000000000001],[-2.08,-2.119999999999999],[-6.02,-2.039999999999999],[-6.02,-2.119999999999999],[5.34,-2.039999999999999],[-6,5.380000000000001],[-2.039999999999999,5.359999999999999],[-6.04,5.34],[-2.039999999999999,5.380000000000001],[-6.02,-2.1399999999999997],[5.280000000000001,5.18],[5.199999999999999,-2.039999999999999],[-2.119999999999999,5.4],[5.32,5.440000000000001],[-6.02,-2],[-2.039999999999999,5.440000000000001]],"nseeds":49,"executions":251,"nfe":25600,"gps":[],"lps":[],"fps":[[-2.08,-2.08],[-2.08,5.300000000000001],[5.280000000000001,-2.08],[-2.08,5.280000000000001],[5.280000000000001,5.300000000000001],[5.280000000000001,5.280000000000001],[-6.02,-2.08],[-6.02,5.300000000000001],[-2.08,5.32],[-6.02,5.280000000000001],[5.280000000000001,5.32],[-6.02,5.32],[-2.08,5.26],[-2.08,-2.0599999999999996],[5.280000000000001,5.26],[-2.08,-2.0999999999999996],[-6.02,5.26],[-6.02,-2.0599999999999996],[-6.02,-2.0999999999999996],[-2.08,5.34],[5.34,-2.08],[5.280000000000001,5.34],[5.34,5.280000000000001],[-6,-2.08],[-6,5.300000000000001],[-6.02,5.34],[-6,5.280000000000001],[5.34,5.32],[-6,5.32],[-6,5.26],[-6,-2.0599999999999996],[-6,-2.0999999999999996],[-6,5.34],[-2.039999999999999,5.300000000000001],[-2.08,-2.119999999999999],[-6.02,-2.039999999999999],[-6.02,-2.119999999999999],[5.34,-2.039999999999999],[-6,5.380000000000001],[-2.039999999999999,5.359999999999999],[-6.04,5.34],[-2.039999999999999,5.380000000000001],[-6.02,-2.1399999999999997],[5.280000000000001,5.18],[5.199999999999999,-2.039999999999999],[-2.119999999999999,5.4],[5.32,5.440000000000001],[-6.02,-2],[-2.039999999999999,5.440000000000001]],"np":0,"gp":0,"pr":0,"gpr":0,"fpr":1,"reason":"statistic"}