{"avgHealth":0.9998272529313652,"seeds":[[-2.08,-2.08],[5.300000000000001,-2.08],[-2.08,5.300000000000001],[5.300000000000001,5.300000000000001],[-2.08,5.280000000000001],[5.280000000000001,-2.08],[5.300000000000001,5.280000000000001],[5.280000000000001,5.280000000000001],[-2.08,-6.02],[-6.02,-2.08],[5.300000000000001,-6.02],[-6.02,5.300000000000001],[-2.08,5.32],[5.32,-2.08],[5.300000000000001,5.32],[5.280000000000001,-6.02],[-6.02,5.280000000000001],[-6.02,-6.02],[-6.02,5.32],[5.300000000000001,5.26],[5.26,-6.02],[-2.0599999999999996,-6.02],[-6.02,-2.0999999999999996],[-2.0999999999999996,-6.02],[5.300000000000001,5.34],[5.34,5.280000000000001],[-8.120000000000001,-2.08],[-6.02,5.34],[5.280000000000001,-6],[-8.120000000000001,5.280000000000001],[-8.120000000000001,-6.02],[-8.120000000000001,5.32],[-8.120000000000001,5.26],[-8.120000000000001,-2.0599999999999996],[-8.120000000000001,-2.0999999999999996],[-6.02,-2.039999999999999],[5.32,-2.039999999999999],[-6.02,5.220000000000001],[-2.119999999999999,5.32],[-8.120000000000001,5.359999999999999],[-2.0599999999999996,-2.039999999999999],[-2.08,-8.1],[5.300000000000001,-8.1],[5.280000000000001,-8.1],[-6.02,-8.1],[-6.02,5.380000000000001],[-8.120000000000001,-2.039999999999999],[-8.120000000000001,5.220000000000001],[-2.08,-6.04],[-8.120000000000001,-8.1],[-6.02,5.199999999999999],[5.26,-6.04],[-8.120000000000001,-6.04],[-2.039999999999999,-2.039999999999999],[-2.039999999999999,-8.1],[-6.04,-2.039999999999999],[-8.120000000000001,-2.0199999999999996],[-8.120000000000001,-2.1399999999999997],[5.32,5.42],[-8.120000000000001,5.42],[-2,-2.08],[-2,-6.02],[-9.22,-6.02],[-1.9800000000000004,-2.08],[-8.120000000000001,-2.1799999999999997],[-1.9800000000000004,-8.1]],"nseeds":66,"executions":209,"nfe":21400,"gps":[],"lps":[],"fps":[[-2.08,-2.08],[5.300000000000001,-2.08],[-2.08,5.300000000000001],[5.300000000000001,5.300000000000001],[-2.08,5.280000000000001],[5.280000000000001,-2.08],[5.300000000000001,5.280000000000001],[5.280000000000001,5.280000000000001],[-2.08,-6.02],[-6.02,-2.08],[5.300000000000001,-6.02],[-6.02,5.300000000000001],[-2.08,5.32],[5.32,-2.08],[5.300000000000001,5.32],[5.280000000000001,-6.02],[-6.02,5.280000000000001],[-6.02,-6.02],[-6.02,5.32],[5.300000000000001,5.26],[5.26,-6.02],[-2.0599999999999996,-6.02],[-6.02,-2.0999999999999996],[-2.0999999999999996,-6.02],[5.300000000000001,5.34],[5.34,5.280000000000001],[-8.120000000000001,-2.08],[-6.02,5.34],[5.280000000000001,-6],[-8.120000000000001,5.280000000000001],[-8.120000000000001,-6.02],[-8.120000000000001,5.32],[-8.120000000000001,5.26],[-8.120000000000001,-2.0599999999999996],[-8.120000000000001,-2.0999999999999996],[-6.02,-2.039999999999999],[5.32,-2.039999999999999],[-6.02,5.220000000000001],[-2.119999999999999,5.32],[-8.120000000000001,5.359999999999999],[-2.0599999999999996,-2.039999999999999],[-2.08,-8.1],[5.300000000000001,-8.1],[5.280000000000001,-8.1],[-6.02,-8.1],[-6.02,5.380000000000001],[-8.120000000000001,-2.039999999999999],[-8.120000000000001,5.220000000000001],[-2.08,-6.04],[-8.120000000000001,-8.1],[-6.02,5.199999999999999],[5.26,-6.04],[-8.120000000000001,-6.04],[-2.039999999999999,-2.039999999999999],[-2.039999999999999,-8.1],[-6.04,-2.039999999999999],[-8.120000000000001,-2.0199999999999996],[-8.120000000000001,-2.1399999999999997],[5.32,5.42],[-8.120000000000001,5.42],[-2,-2.08],[-2,-6.02],[-9.22,-6.02],[-1.9800000000000004,-2.08],[-8.120000000000001,-2.1799999999999997],[-1.9800000000000004,-8.1]],"np":0,"gp":0,"pr":0,"gpr":0,"fpr":1,"reason":"statistic"}