{"avgHealth":0.9998319279733423,"seeds":[[5.300000000000001,-2.08],[5.300000000000001,5.300000000000001],[5.280000000000001,5.300000000000001],[5.300000000000001,5.280000000000001],[5.280000000000001,5.280000000000001],[5.32,-2.08],[5.32,5.300000000000001],[5.32,5.280000000000001],[5.280000000000001,5.32],[5.32,-6.02],[5.26,-2.08],[5.32,5.32],[5.300000000000001,-2.0599999999999996],[5.26,5.280000000000001],[5.32,-2.0599999999999996],[5.34,5.300000000000001],[-8.120000000000001,-2.08],[-8.120000000000001,5.300000000000001],[-8.120000000000001,5.280000000000001],[5.34,5.32],[-8.120000000000001,5.32],[5.280000000000001,5.24],[5.32,5.24],[-8.120000000000001,-2.0599999999999996],[-8.120000000000001,5.24],[5.280000000000001,5.220000000000001],[5.32,-2.039999999999999],[5.26,5.220000000000001],[-8.1,5.280000000000001],[5.34,5.220000000000001],[-8.120000000000001,-2.039999999999999],[-8.1,-2.0599999999999996],[5.300000000000001,-9.24],[-9.24,5.300000000000001],[5.32,-6.04],[5.280000000000001,-9.24],[5.32,-9.24],[-8.120000000000001,-6.04],[5.18,-2.08],[-6,-2.1399999999999997],[-8.120000000000001,-2.1399999999999997],[-9.24,-9.24],[-8.120000000000001,5.440000000000001],[5.32,-9.22]],"nseeds":44,"executions":259,"nfe":26400,"gps":[],"lps":[],"fps":[[5.300000000000001,-2.08],[5.300000000000001,5.300000000000001],[5.280000000000001,5.300000000000001],[5.300000000000001,5.280000000000001],[5.280000000000001,5.280000000000001],[5.32,-2.08],[5.32,5.300000000000001],[5.32,5.280000000000001],[5.280000000000001,5.32],[5.32,-6.02],[5.26,-2.08],[5.32,5.32],[5.300000000000001,-2.0599999999999996],[5.26,5.280000000000001],[5.32,-2.0599999999999996],[5.34,5.300000000000001],[-8.120000000000001,-2.08],[-8.120000000000001,5.300000000000001],[-8.120000000000001,5.280000000000001],[5.34,5.32],[-8.120000000000001,5.32],[5.280000000000001,5.24],[5.32,5.24],[-8.120000000000001,-2.0599999999999996],[-8.120000000000001,5.24],[5.280000000000001,5.220000000000001],[5.32,-2.039999999999999],[5.26,5.220000000000001],[-8.1,5.280000000000001],[5.34,5.220000000000001],[-8.120000000000001,-2.039999999999999],[-8.1,-2.0599999999999996],[5.300000000000001,-9.24],[-9.24,5.300000000000001],[5.32,-6.04],[5.280000000000001,-9.24],[5.32,-9.24],[-8.120000000000001,-6.04],[5.18,-2.08],[-6,-2.1399999999999997],[-8.120000000000001,-2.1399999999999997],[-9.24,-9.24],[-8.120000000000001,5.440000000000001],[5.32,-9.22]],"np":0,"gp":0,"pr":0,"gpr":0,"fpr":1,"reason":"statistic"}