{"avgHealth":0.9996617817208142,"seeds":[[5.300000000000001,5.300000000000001],[5.280000000000001,5.300000000000001],[5.300000000000001,5.280000000000001],[5.280000000000001,5.280000000000001],[5.300000000000001,5.32],[5.280000000000001,5.32],[5.26,5.300000000000001],[5.300000000000001,5.26],[5.26,5.280000000000001],[5.280000000000001,5.26],[5.26,5.32],[5.300000000000001,5.34],[5.300000000000001,-8.120000000000001],[-8.120000000000001,5.300000000000001],[-8.120000000000001,5.280000000000001],[5.34,5.32],[-8.120000000000001,5.32],[-8.120000000000001,5.26],[5.34,5.34],[5.24,5.26],[5.280000000000001,5.359999999999999],[5.34,5.24],[-8.120000000000001,5.24],[5.24,-8.120000000000001],[5.26,5.220000000000001],[-8.1,5.300000000000001],[5.300000000000001,-8.1],[-8.1,5.280000000000001],[-8.1,5.32],[-8.1,5.26],[-8.1,5.34],[-9.24,5.32],[-8.1,5.24],[-8.1,5.359999999999999],[-8.1,5.220000000000001],[-8.1,5.380000000000001],[-8.1,5.199999999999999],[-9.24,5.380000000000001],[-8.1,5.4],[5.4,-8.1],[5.199999999999999,-9.24],[5.380000000000001,5.4],[5.300000000000001,5.16],[-9.24,5.4],[-8.1,5.42],[5.300000000000001,-9.22],[5.280000000000001,-9.22],[-9.24,5.42],[-8.1,5.16],[-2,-9.24],[-8.14,5.300000000000001],[5.300000000000001,-8.14],[-8.14,5.280000000000001],[-9.24,5.460000000000001],[-8.1,5.120000000000001],[-8.08,-8.120000000000001],[-9.84,5.280000000000001],[-8.08,5.440000000000001],[-8.14,5.48]],"nseeds":59,"executions":201,"nfe":20600,"gps":[],"lps":[],"fps":[[5.300000000000001,5.300000000000001],[5.280000000000001,5.300000000000001],[5.300000000000001,5.280000000000001],[5.280000000000001,5.280000000000001],[5.300000000000001,5.32],[5.280000000000001,5.32],[5.26,5.300000000000001],[5.300000000000001,5.26],[5.26,5.280000000000001],[5.280000000000001,5.26],[5.26,5.32],[5.300000000000001,5.34],[5.300000000000001,-8.120000000000001],[-8.120000000000001,5.300000000000001],[-8.120000000000001,5.280000000000001],[5.34,5.32],[-8.120000000000001,5.32],[-8.120000000000001,5.26],[5.34,5.34],[5.24,5.26],[5.280000000000001,5.359999999999999],[5.34,5.24],[-8.120000000000001,5.24],[5.24,-8.120000000000001],[5.26,5.220000000000001],[-8.1,5.300000000000001],[5.300000000000001,-8.1],[-8.1,5.280000000000001],[-8.1,5.32],[-8.1,5.26],[-8.1,5.34],[-9.24,5.32],[-8.1,5.24],[-8.1,5.359999999999999],[-8.1,5.220000000000001],[-8.1,5.380000000000001],[-8.1,5.199999999999999],[-9.24,5.380000000000001],[-8.1,5.4],[5.4,-8.1],[5.199999999999999,-9.24],[5.380000000000001,5.4],[5.300000000000001,5.16],[-9.24,5.4],[-8.1,5.42],[5.300000000000001,-9.22],[5.280000000000001,-9.22],[-9.24,5.42],[-8.1,5.16],[-2,-9.24],[-8.14,5.300000000000001],[5.300000000000001,-8.14],[-8.14,5.280000000000001],[-9.24,5.460000000000001],[-8.1,5.120000000000001],[-8.08,-8.120000000000001],[-9.84,5.280000000000001],[-8.08,5.440000000000001],[-8.14,5.48]],"np":0,"gp":0,"pr":0,"gpr":0,"fpr":1,"reason":"statistic"}