{"avgHealth":0.9998132956943858,"seeds":[[-2.08,-2.08],[-2.08,5.300000000000001],[5.300000000000001,-2.08],[-2.08,5.280000000000001],[5.300000000000001,5.280000000000001],[5.280000000000001,5.300000000000001],[5.280000000000001,5.280000000000001],[-6.02,-2.08],[-6.02,5.300000000000001],[-2.08,5.32],[5.300000000000001,5.32],[-6.02,5.280000000000001],[5.280000000000001,5.32],[-6.02,5.32],[-2.08,5.26],[5.300000000000001,5.26],[-2.0599999999999996,-2.08],[-2.08,-2.0599999999999996],[5.300000000000001,-2.0599999999999996],[5.26,5.280000000000001],[-2.08,-2.0999999999999996],[-2.0999999999999996,5.300000000000001],[5.300000000000001,-2.0999999999999996],[-2.0999999999999996,5.280000000000001],[5.280000000000001,-2.0999999999999996],[-6.02,5.26],[-6.02,-2.0599999999999996],[5.26,5.32],[-6.02,-2.0999999999999996],[-2.0999999999999996,5.32],[-2.08,-8.120000000000001],[5.300000000000001,-8.120000000000001],[5.26,5.26],[5.280000000000001,-8.120000000000001],[-2.0999999999999996,5.26],[5.26,-2.0999999999999996],[-2.0599999999999996,-2.0999999999999996],[-6.02,-8.120000000000001],[-2.0999999999999996,5.34],[5.26,-8.120000000000001],[-2.0999999999999996,-8.120000000000001],[-8.120000000000001,-2.0999999999999996],[-2.08,-2.039999999999999],[5.300000000000001,-2.039999999999999],[5.280000000000001,-2.039999999999999],[-2.08,-2.119999999999999],[5.300000000000001,-2.119999999999999],[-6.02,-2.039999999999999],[-6.02,5.220000000000001],[-2.0599999999999996,-2.039999999999999],[-8.1,-2.08],[-2.08,-8.1],[-6.02,-8.1],[-8.120000000000001,-2.039999999999999],[-8.1,-8.120000000000001],[5.199999999999999,-2.0999999999999996],[-9.24,-8.120000000000001],[-2.0599999999999996,-2.1399999999999997],[5.199999999999999,-2.039999999999999],[-9.24,5.380000000000001],[-6.02,5.16],[5.16,5.380000000000001]],"nseeds":62,"executions":208,"nfe":21300,"gps":[],"lps":[],"fps":[[-2.08,-2.08],[-2.08,5.300000000000001],[5.300000000000001,-2.08],[-2.08,5.280000000000001],[5.300000000000001,5.280000000000001],[5.280000000000001,5.300000000000001],[5.280000000000001,5.280000000000001],[-6.02,-2.08],[-6.02,5.300000000000001],[-2.08,5.32],[5.300000000000001,5.32],[-6.02,5.280000000000001],[5.280000000000001,5.32],[-6.02,5.32],[-2.08,5.26],[5.300000000000001,5.26],[-2.0599999999999996,-2.08],[-2.08,-2.0599999999999996],[5.300000000000001,-2.0599999999999996],[5.26,5.280000000000001],[-2.08,-2.0999999999999996],[-2.0999999999999996,5.300000000000001],[5.300000000000001,-2.0999999999999996],[-2.0999999999999996,5.280000000000001],[5.280000000000001,-2.0999999999999996],[-6.02,5.26],[-6.02,-2.0599999999999996],[5.26,5.32],[-6.02,-2.0999999999999996],[-2.0999999999999996,5.32],[-2.08,-8.120000000000001],[5.300000000000001,-8.120000000000001],[5.26,5.26],[5.280000000000001,-8.120000000000001],[-2.0999999999999996,5.26],[5.26,-2.0999999999999996],[-2.0599999999999996,-2.0999999999999996],[-6.02,-8.120000000000001],[-2.0999999999999996,5.34],[5.26,-8.120000000000001],[-2.0999999999999996,-8.120000000000001],[-8.120000000000001,-2.0999999999999996],[-2.08,-2.039999999999999],[5.300000000000001,-2.039999999999999],[5.280000000000001,-2.039999999999999],[-2.08,-2.119999999999999],[5.300000000000001,-2.119999999999999],[-6.02,-2.039999999999999],[-6.02,5.220000000000001],[-2.0599999999999996,-2.039999999999999],[-8.1,-2.08],[-2.08,-8.1],[-6.02,-8.1],[-8.120000000000001,-2.039999999999999],[-8.1,-8.120000000000001],[5.199999999999999,-2.0999999999999996],[-9.24,-8.120000000000001],[-2.0599999999999996,-2.1399999999999997],[5.199999999999999,-2.039999999999999],[-9.24,5.380000000000001],[-6.02,5.16],[5.16,5.380000000000001]],"np":0,"gp":0,"pr":0,"gpr":0,"fpr":1,"reason":"statistic"}