{"avgHealth":0.9998466304450307,"seeds":[[-2.08,-2.08],[5.300000000000001,-2.08],[-2.08,5.300000000000001],[5.300000000000001,5.300000000000001],[5.280000000000001,-2.08],[5.300000000000001,5.280000000000001],[5.280000000000001,5.300000000000001],[5.280000000000001,5.280000000000001],[-6.02,-2.08],[-2.08,-6.02],[-6.02,5.300000000000001],[5.32,-2.08],[-2.08,5.32],[5.300000000000001,5.32],[5.32,5.300000000000001],[5.280000000000001,-6.02],[-6.02,5.280000000000001],[5.280000000000001,5.32],[-6.02,-6.02],[5.32,-6.02],[-6.02,5.32],[-2.08,5.26],[5.26,-2.08],[5.26,5.300000000000001],[5.300000000000001,5.26],[-2.08,-2.0599999999999996],[-2.0599999999999996,-2.08],[-2.0599999999999996,5.300000000000001],[-2.08,-2.0999999999999996],[-2.0599999999999996,5.280000000000001],[5.280000000000001,-2.0599999999999996],[5.280000000000001,-2.0999999999999996],[5.26,-6.02],[-6.02,5.26],[-6.02,-2.0599999999999996],[5.26,5.32],[-6.02,-2.0999999999999996],[-2.0599999999999996,5.32],[5.32,-2.0599999999999996],[5.300000000000001,5.34],[-2.0599999999999996,5.26],[5.26,-2.0599999999999996],[-2.0599999999999996,-2.0999999999999996],[-6.02,-8.120000000000001],[-2.0999999999999996,-2.0999999999999996],[5.32,-6],[5.26,5.34],[-2.0599999999999996,5.34],[5.26,-6],[5.26,-8.120000000000001],[5.24,-8.120000000000001],[-2.039999999999999,-2.08],[5.280000000000001,-2.039999999999999],[-2.119999999999999,-2.08],[-6.02,-2.039999999999999],[-2.039999999999999,-2.0599999999999996],[5.380000000000001,-6.02],[-6.02,5.380000000000001],[-2.119999999999999,-8.120000000000001],[5.380000000000001,-2.0599999999999996],[-9.24,-2.08],[5.26,-9.24],[5.26,5.199999999999999],[-2.0599999999999996,5.199999999999999],[-2.0999999999999996,5.199999999999999],[-9.24,-8.120000000000001],[-2.119999999999999,-8.1],[-5.9799999999999995,-2.0599999999999996],[-5.9799999999999995,-2.0999999999999996],[5.18,-8.120000000000001],[-9.24,-6.04],[5.280000000000001,-9.22],[-2.08,-6.06],[5.380000000000001,-2.16]],"nseeds":74,"executions":206,"nfe":21100,"gps":[],"lps":[],"fps":[[-2.08,-2.08],[5.300000000000001,-2.08],[-2.08,5.300000000000001],[5.300000000000001,5.300000000000001],[5.280000000000001,-2.08],[5.300000000000001,5.280000000000001],[5.280000000000001,5.300000000000001],[5.280000000000001,5.280000000000001],[-6.02,-2.08],[-2.08,-6.02],[-6.02,5.300000000000001],[5.32,-2.08],[-2.08,5.32],[5.300000000000001,5.32],[5.32,5.300000000000001],[5.280000000000001,-6.02],[-6.02,5.280000000000001],[5.280000000000001,5.32],[-6.02,-6.02],[5.32,-6.02],[-6.02,5.32],[-2.08,5.26],[5.26,-2.08],[5.26,5.300000000000001],[5.300000000000001,5.26],[-2.08,-2.0599999999999996],[-2.0599999999999996,-2.08],[-2.0599999999999996,5.300000000000001],[-2.08,-2.0999999999999996],[-2.0599999999999996,5.280000000000001],[5.280000000000001,-2.0599999999999996],[5.280000000000001,-2.0999999999999996],[5.26,-6.02],[-6.02,5.26],[-6.02,-2.0599999999999996],[5.26,5.32],[-6.02,-2.0999999999999996],[-2.0599999999999996,5.32],[5.32,-2.0599999999999996],[5.300000000000001,5.34],[-2.0599999999999996,5.26],[5.26,-2.0599999999999996],[-2.0599999999999996,-2.0999999999999996],[-6.02,-8.120000000000001],[-2.0999999999999996,-2.0999999999999996],[5.32,-6],[5.26,5.34],[-2.0599999999999996,5.34],[5.26,-6],[5.26,-8.120000000000001],[5.24,-8.120000000000001],[-2.039999999999999,-2.08],[5.280000000000001,-2.039999999999999],[-2.119999999999999,-2.08],[-6.02,-2.039999999999999],[-2.039999999999999,-2.0599999999999996],[5.380000000000001,-6.02],[-6.02,5.380000000000001],[-2.119999999999999,-8.120000000000001],[5.380000000000001,-2.0599999999999996],[-9.24,-2.08],[5.26,-9.24],[5.26,5.199999999999999],[-2.0599999999999996,5.199999999999999],[-2.0999999999999996,5.199999999999999],[-9.24,-8.120000000000001],[-2.119999999999999,-8.1],[-5.9799999999999995,-2.0599999999999996],[-5.9799999999999995,-2.0999999999999996],[5.18,-8.120000000000001],[-9.24,-6.04],[5.280000000000001,-9.22],[-2.08,-6.06],[5.380000000000001,-2.16]],"np":0,"gp":0,"pr":0,"gpr":0,"fpr":1,"reason":"statistic"}