{"avgHealth":-2.000163791965224,"seeds":[[0,-2.5],[0,7.5],[0,2.5],[0,-7.5],[-6.66,-7.5],[6.66,-7.5],[6.66,-2.5],[-6.66,-2.5],[-6.66,7.5],[-6.66,2.5],[6.66,7.5],[-6.68,-7.5],[6.68,7.5],[-6.68,-2.5],[6.68,-7.5],[0.019999999999999574,-7.5],[0.019999999999999574,7.5],[0,-2.5199999999999996],[0,7.52]],"nseeds":19,"executions":410,"nfe":41500,"gps":[],"lps":[],"fps":[[0,-2.5],[0,7.5],[0,2.5],[0,-7.5],[-6.66,-7.5],[6.66,-7.5],[6.66,-2.5],[-6.66,-2.5],[-6.66,7.5],[-6.66,2.5],[6.66,7.5],[-6.68,-7.5],[6.68,7.5],[-6.68,-2.5],[6.68,-7.5],[0.019999999999999574,-7.5],[0.019999999999999574,7.5],[0,-2.5199999999999996],[0,7.52]],"np":0,"gp":0,"pr":0,"gpr":0,"fpr":1,"reason":"statistic"}