{"avgHealth":-2.000187952985892,"seeds":[[0,-2.5],[0,7.5],[0,2.5],[6.66,7.5],[6.66,2.5],[6.66,-2.5],[6.68,7.5],[0.019999999999999574,-7.5],[0.019999999999999574,2.5],[-0.019999999999999574,7.5],[0.019999999999999574,7.5],[0.019999999999999574,-2.5],[-0.019999999999999574,2.5],[0,-7.52],[0,-2.4800000000000004],[-6.64,2.5],[6.66,2.4800000000000004],[6.66,7.48]],"nseeds":18,"executions":332,"nfe":33700,"gps":[],"lps":[],"fps":[[0,-2.5],[0,7.5],[0,2.5],[6.66,7.5],[6.66,2.5],[6.66,-2.5],[6.68,7.5],[0.019999999999999574,-7.5],[0.019999999999999574,2.5],[-0.019999999999999574,7.5],[0.019999999999999574,7.5],[0.019999999999999574,-2.5],[-0.019999999999999574,2.5],[0,-7.52],[0,-2.4800000000000004],[-6.64,2.5],[6.66,2.4800000000000004],[6.66,7.48]],"np":0,"gp":0,"pr":0,"gpr":0,"fpr":1,"reason":"statistic"}