{"avgHealth":-2.0004981137785407,"seeds":[[0,-7.5],[0,-2.5],[0,2.5],[0,7.5],[6.66,7.5],[-6.66,-7.5],[-6.66,2.5],[6.66,2.5],[6.68,-2.5],[6.68,7.5],[6.68,2.5],[0.019999999999999574,2.5],[-0.019999999999999574,2.5],[0.019999999999999574,7.5],[-6.64,-2.5],[-6.64,-7.5],[-6.64,2.5],[-6.64,7.5],[0,2.5199999999999996],[6.699999999999999,2.5],[0.019999999999999574,-2.4800000000000004],[-6.619999999999999,-2.5]],"nseeds":22,"executions":365,"nfe":37000,"gps":[],"lps":[],"fps":[[0,-7.5],[0,-2.5],[0,2.5],[0,7.5],[6.66,7.5],[-6.66,-7.5],[-6.66,2.5],[6.66,2.5],[6.68,-2.5],[6.68,7.5],[6.68,2.5],[0.019999999999999574,2.5],[-0.019999999999999574,2.5],[0.019999999999999574,7.5],[-6.64,-2.5],[-6.64,-7.5],[-6.64,2.5],[-6.64,7.5],[0,2.5199999999999996],[6.699999999999999,2.5],[0.019999999999999574,-2.4800000000000004],[-6.619999999999999,-2.5]],"np":0,"gp":0,"pr":0,"gpr":0,"fpr":1,"reason":"statistic"}