{"avgHealth":-2.0002149556998643,"seeds":[[0,-2.5],[0,-7.5],[0,7.5],[-6.66,-7.5],[6.66,7.5],[-6.66,7.5],[-6.66,-2.5],[6.66,-7.5],[-6.68,7.5],[-6.68,-7.5],[-6.68,-2.5],[-0.019999999999999574,-7.5],[-0.019999999999999574,-2.5],[0.019999999999999574,-7.5],[-0.019999999999999574,7.5],[0.019999999999999574,7.5],[0,-7.48],[-6.66,-7.48],[-6.68,-7.48]],"nseeds":19,"executions":370,"nfe":37500,"gps":[],"lps":[],"fps":[[0,-2.5],[0,-7.5],[0,7.5],[-6.66,-7.5],[6.66,7.5],[-6.66,7.5],[-6.66,-2.5],[6.66,-7.5],[-6.68,7.5],[-6.68,-7.5],[-6.68,-2.5],[-0.019999999999999574,-7.5],[-0.019999999999999574,-2.5],[0.019999999999999574,-7.5],[-0.019999999999999574,7.5],[0.019999999999999574,7.5],[0,-7.48],[-6.66,-7.48],[-6.68,-7.48]],"np":0,"gp":0,"pr":0,"gpr":0,"fpr":1,"reason":"statistic"}