{"avgHealth":-2.0003250698691217,"seeds":[[0,-2.5],[0,-7.5],[6.66,-2.5],[6.66,-7.5],[6.66,7.5],[-0.019999999999999574,-7.5],[0.019999999999999574,-7.5],[-6.64,-2.5],[6.640000000000001,-2.5],[0,-7.52],[6.640000000000001,-7.5],[6.66,-7.52],[6.66,7.48],[6.699999999999999,-7.52],[0,2.460000000000001],[6.66,-7.46],[6.66,2.460000000000001],[6.640000000000001,2.460000000000001],[0.0600000000000005,-2.5]],"nseeds":19,"executions":357,"nfe":36200,"gps":[],"lps":[],"fps":[[0,-2.5],[0,-7.5],[6.66,-2.5],[6.66,-7.5],[6.66,7.5],[-0.019999999999999574,-7.5],[0.019999999999999574,-7.5],[-6.64,-2.5],[6.640000000000001,-2.5],[0,-7.52],[6.640000000000001,-7.5],[6.66,-7.52],[6.66,7.48],[6.699999999999999,-7.52],[0,2.460000000000001],[6.66,-7.46],[6.66,2.460000000000001],[6.640000000000001,2.460000000000001],[0.0600000000000005,-2.5]],"np":0,"gp":0,"pr":0,"gpr":0,"fpr":1,"reason":"statistic"}