{"avgHealth":-2.0002451302777193,"seeds":[[0,-7.5],[0,2.5],[6.66,-7.5],[6.66,2.5],[6.68,2.5],[6.68,-7.5],[6.640000000000001,2.5],[6.640000000000001,-7.5],[0,7.48],[0,-7.52],[6.66,-7.48],[6.699999999999999,-7.5],[6.619999999999997,2.5],[6.719999999999999,2.5],[6.719999999999999,-7.5],[6.719999999999999,7.5]],"nseeds":16,"executions":368,"nfe":37300,"gps":[],"lps":[],"fps":[[0,-7.5],[0,2.5],[6.66,-7.5],[6.66,2.5],[6.68,2.5],[6.68,-7.5],[6.640000000000001,2.5],[6.640000000000001,-7.5],[0,7.48],[0,-7.52],[6.66,-7.48],[6.699999999999999,-7.5],[6.619999999999997,2.5],[6.719999999999999,2.5],[6.719999999999999,-7.5],[6.719999999999999,7.5]],"np":0,"gp":0,"pr":0,"gpr":0,"fpr":1,"reason":"statistic"}