{"avgHealth":-2.000406369241948,"seeds":[[0,2.5],[0,-2.5],[0,7.5],[-6.66,-2.5],[-6.66,2.5],[-6.66,7.5],[6.66,-2.5],[-6.68,-2.5],[-6.68,2.5],[-6.68,7.5],[-0.019999999999999574,2.5],[-0.019999999999999574,7.5],[0.019999999999999574,7.5],[0.019999999999999574,-2.5],[-6.64,-7.5],[0,7.48],[-6.64,7.5],[-6.66,2.4800000000000004],[-6.66,-2.5199999999999996],[-6.68,-2.4800000000000004],[-6.699999999999999,7.5],[0.019999999999999574,-7.52],[6.619999999999997,2.5],[-6.72,7.5],[0,-7.46],[-6.6,-2.4800000000000004],[6.579999999999998,2.5],[6.579999999999998,-7.46]],"nseeds":28,"executions":326,"nfe":33100,"gps":[],"lps":[],"fps":[[0,2.5],[0,-2.5],[0,7.5],[-6.66,-2.5],[-6.66,2.5],[-6.66,7.5],[6.66,-2.5],[-6.68,-2.5],[-6.68,2.5],[-6.68,7.5],[-0.019999999999999574,2.5],[-0.019999999999999574,7.5],[0.019999999999999574,7.5],[0.019999999999999574,-2.5],[-6.64,-7.5],[0,7.48],[-6.64,7.5],[-6.66,2.4800000000000004],[-6.66,-2.5199999999999996],[-6.68,-2.4800000000000004],[-6.699999999999999,7.5],[0.019999999999999574,-7.52],[6.619999999999997,2.5],[-6.72,7.5],[0,-7.46],[-6.6,-2.4800000000000004],[6.579999999999998,2.5],[6.579999999999998,-7.46]],"np":0,"gp":0,"pr":0,"gpr":0,"fpr":1,"reason":"statistic"}