{"avgHealth":-2.0002419516251377,"seeds":[[0,2.5],[0,-7.5],[0,-2.5],[0,7.5],[-6.66,7.5],[-6.66,2.5],[6.66,2.5],[6.66,7.5],[-6.66,-7.5],[6.68,2.5],[6.68,-7.5],[6.68,-2.5],[0.019999999999999574,-2.5],[0.019999999999999574,7.5],[0.019999999999999574,2.5],[-6.64,2.5],[-6.64,7.5],[-6.64,-7.5],[0,-7.52],[0,-7.48],[-6.66,7.48],[6.68,7.48],[-6.64,7.52],[-0.03999999999999915,-2.5],[-6.619999999999999,7.5]],"nseeds":25,"executions":375,"nfe":38000,"gps":[],"lps":[],"fps":[[0,2.5],[0,-7.5],[0,-2.5],[0,7.5],[-6.66,7.5],[-6.66,2.5],[6.66,2.5],[6.66,7.5],[-6.66,-7.5],[6.68,2.5],[6.68,-7.5],[6.68,-2.5],[0.019999999999999574,-2.5],[0.019999999999999574,7.5],[0.019999999999999574,2.5],[-6.64,2.5],[-6.64,7.5],[-6.64,-7.5],[0,-7.52],[0,-7.48],[-6.66,7.48],[6.68,7.48],[-6.64,7.52],[-0.03999999999999915,-2.5],[-6.619999999999999,7.5]],"np":0,"gp":0,"pr":0,"gpr":0,"fpr":1,"reason":"statistic"}