{"avgHealth":-2.0003709289863965,"seeds":[[0,-7.5],[0,7.5],[6.66,7.5],[6.66,-7.5],[-6.66,-7.5],[-6.66,7.5],[6.68,7.5],[-6.68,7.5],[-6.68,-7.5],[6.68,-7.5],[0.019999999999999574,7.5],[-0.019999999999999574,-7.5],[0.019999999999999574,-7.5],[0,-7.52],[-6.64,7.5],[0,-2.4800000000000004],[-6.64,-7.5],[0,-7.48],[-6.66,-2.4800000000000004],[6.66,-2.4800000000000004],[-6.68,-2.4800000000000004],[6.68,-2.4800000000000004],[-6.64,-7.52],[0.03999999999999915,-2.4800000000000004]],"nseeds":24,"executions":317,"nfe":32200,"gps":[],"lps":[],"fps":[[0,-7.5],[0,7.5],[6.66,7.5],[6.66,-7.5],[-6.66,-7.5],[-6.66,7.5],[6.68,7.5],[-6.68,7.5],[-6.68,-7.5],[6.68,-7.5],[0.019999999999999574,7.5],[-0.019999999999999574,-7.5],[0.019999999999999574,-7.5],[0,-7.52],[-6.64,7.5],[0,-2.4800000000000004],[-6.64,-7.5],[0,-7.48],[-6.66,-2.4800000000000004],[6.66,-2.4800000000000004],[-6.68,-2.4800000000000004],[6.68,-2.4800000000000004],[-6.64,-7.52],[0.03999999999999915,-2.4800000000000004]],"np":0,"gp":0,"pr":0,"gpr":0,"fpr":1,"reason":"statistic"}