{"avgHealth":-2.0003268697865755,"seeds":[[0,2.5],[0,-2.5],[0,7.5],[0,-7.5],[6.66,7.5],[6.66,2.5],[-6.66,2.5],[6.66,-7.5],[-6.66,7.5],[-6.66,-2.5],[6.68,2.5],[6.68,-7.5],[-0.019999999999999574,2.5],[0.019999999999999574,2.5],[0.019999999999999574,-7.5],[0.019999999999999574,-2.5],[0.019999999999999574,7.5],[0,2.4800000000000004],[0,-7.48],[6.640000000000001,2.5],[6.640000000000001,-2.5],[6.66,2.4800000000000004],[6.66,7.48],[6.66,-2.4800000000000004],[6.66,-7.52],[6.66,2.5199999999999996],[-6.66,7.48],[-6.68,7.48],[-6.699999999999999,2.5],[0.019999999999999574,2.4800000000000004]],"nseeds":30,"executions":379,"nfe":38400,"gps":[],"lps":[],"fps":[[0,2.5],[0,-2.5],[0,7.5],[0,-7.5],[6.66,7.5],[6.66,2.5],[-6.66,2.5],[6.66,-7.5],[-6.66,7.5],[-6.66,-2.5],[6.68,2.5],[6.68,-7.5],[-0.019999999999999574,2.5],[0.019999999999999574,2.5],[0.019999999999999574,-7.5],[0.019999999999999574,-2.5],[0.019999999999999574,7.5],[0,2.4800000000000004],[0,-7.48],[6.640000000000001,2.5],[6.640000000000001,-2.5],[6.66,2.4800000000000004],[6.66,7.48],[6.66,-2.4800000000000004],[6.66,-7.52],[6.66,2.5199999999999996],[-6.66,7.48],[-6.68,7.48],[-6.699999999999999,2.5],[0.019999999999999574,2.4800000000000004]],"np":0,"gp":0,"pr":0,"gpr":0,"fpr":1,"reason":"statistic"}