{"avgHealth":186.30956716394428,"seeds":[[-0.7999999999999989,4.859999999999999],[-0.9599999999999991,4.859999999999999],[1.259999999999998,4.859999999999999]],"nseeds":3,"executions":4058,"nfe":406300,"gps":[[-0.7999999999999989,4.859999999999999]],"lps":[],"fps":[[-0.9599999999999991,4.859999999999999],[1.259999999999998,4.859999999999999]],"np":1,"gp":1,"pr":0.3333333333333333,"gpr":0.05555555555555555,"fpr":0.6666666666666666,"reason":"statistic"}