{"avgHealth":185.94528379248104,"seeds":[[4.859999999999999,-0.7999999999999989],[-0.7999999999999989,4.859999999999999],[-0.7400000000000002,-0.7999999999999989]],"nseeds":3,"executions":199996,"nfe":20000100,"gps":[[4.859999999999999,-0.7999999999999989],[-0.7999999999999989,4.859999999999999]],"lps":[],"fps":[[-0.7400000000000002,-0.7999999999999989]],"np":2,"gp":2,"pr":0.6666666666666666,"gpr":0.1111111111111111,"fpr":0.3333333333333333,"reason":"executions"}