{"avgHealth":185.92998953901406,"seeds":[[4.859999999999999,-0.7999999999999989],[-0.7999999999999989,4.859999999999999],[-0.7999999999999989,4.800000000000001],[-0.7999999999999989,-0.7400000000000002]],"nseeds":4,"executions":199996,"nfe":20000100,"gps":[[4.859999999999999,-0.7999999999999989],[-0.7999999999999989,4.859999999999999]],"lps":[],"fps":[[-0.7999999999999989,4.800000000000001],[-0.7999999999999989,-0.7400000000000002]],"np":2,"gp":2,"pr":0.5,"gpr":0.1111111111111111,"fpr":0.5,"reason":"executions"}