{"avgHealth":186.6120998876721,"seeds":[[4.859999999999999,-0.7999999999999989],[4.859999999999999,5.5],[4.859999999999999,-0.9599999999999991]],"nseeds":3,"executions":4370,"nfe":437500,"gps":[[4.859999999999999,-0.7999999999999989]],"lps":[],"fps":[[4.859999999999999,5.5],[4.859999999999999,-0.9599999999999991]],"np":1,"gp":1,"pr":0.3333333333333333,"gpr":0.05555555555555555,"fpr":0.6666666666666666,"reason":"statistic"}