{"avgHealth":185.99738395209968,"seeds":[[4.859999999999999,-0.7999999999999989],[4.859999999999999,-3.8600000000000003],[4.859999999999999,-8.98]],"nseeds":3,"executions":3441,"nfe":344600,"gps":[[4.859999999999999,-0.7999999999999989]],"lps":[],"fps":[[4.859999999999999,-3.8600000000000003],[4.859999999999999,-8.98]],"np":1,"gp":1,"pr":0.3333333333333333,"gpr":0.05555555555555555,"fpr":0.6666666666666666,"reason":"statistic"}