{"avgHealth":185.17419735766603,"seeds":[[-1.42,-0.7999999999999989],[-0.7999999999999989,-1.42],[-1.4399999999999995,-1.4399999999999995],[-0.7799999999999994,-0.7999999999999989]],"nseeds":4,"executions":199996,"nfe":20000100,"gps":[],"lps":[],"fps":[[-1.42,-0.7999999999999989],[-0.7999999999999989,-1.42],[-1.4399999999999995,-1.4399999999999995],[-0.7799999999999994,-0.7999999999999989]],"np":0,"gp":0,"pr":0,"gpr":0,"fpr":1,"reason":"executions"}