{"avgHealth":186.55839191879306,"seeds":[[-0.7999999999999989,4.859999999999999],[-0.879999999999999,4.859999999999999],[-0.9800000000000004,4.859999999999999]],"nseeds":3,"executions":3499,"nfe":350400,"gps":[[-0.7999999999999989,4.859999999999999]],"lps":[],"fps":[[-0.879999999999999,4.859999999999999],[-0.9800000000000004,4.859999999999999]],"np":1,"gp":1,"pr":0.3333333333333333,"gpr":0.05555555555555555,"fpr":0.6666666666666666,"reason":"statistic"}