{"avgHealth":186.70425432328923,"seeds":[[-0.7999999999999989,4.859999999999999],[-0.7799999999999994,4.859999999999999],[-0.7400000000000002,4.859999999999999]],"nseeds":3,"executions":4265,"nfe":427000,"gps":[[-0.7999999999999989,4.859999999999999]],"lps":[],"fps":[[-0.7799999999999994,4.859999999999999],[-0.7400000000000002,4.859999999999999]],"np":1,"gp":1,"pr":0.3333333333333333,"gpr":0.05555555555555555,"fpr":0.6666666666666666,"reason":"statistic"}