{"avgHealth":185.91630791615623,"seeds":[[4.859999999999999,-0.7999999999999989],[4.859999999999999,6.379999999999999],[4.859999999999999,-4.64]],"nseeds":3,"executions":3873,"nfe":387800,"gps":[[4.859999999999999,-0.7999999999999989]],"lps":[],"fps":[[4.859999999999999,6.379999999999999],[4.859999999999999,-4.64]],"np":1,"gp":1,"pr":0.3333333333333333,"gpr":0.05555555555555555,"fpr":0.6666666666666666,"reason":"statistic"}