{"avgHealth":1.0043367701418462,"seeds":[[0,0],[0,0.012],[0,-0.012],[0.012,0],[-0.012,0],[0.012,0.012],[0,-0.024],[0,0.024],[-0.012,-0.024],[0.012,0.024],[0.012,-0.024],[-0.018000000000000002,0.012],[0.018000000000000002,-0.012],[0,0.036000000000000004],[-0.024,0],[0.024,0],[0.012,0.036000000000000004],[0.024,0.024],[0,0.048],[-0.024,0.03],[-0.03,0.012],[0.03,0.012],[-0.018000000000000002,0.042],[-0.03,-0.024],[0.036000000000000004,0],[0,-0.06],[0,0.06],[0.024,0.048],[-0.018000000000000002,-0.06],[-0.042,0],[0.042,0.012],[-0.042,0.012],[-0.018000000000000002,0.066],[-0.006,-0.07200000000000001],[0.006,-0.078],[0.048,0],[0.03,0.066],[0.048,-0.024],[0.048,0.03],[-0.018000000000000002,-0.084],[0.048,0.042],[-0.012,0.096],[0.018000000000000002,-0.096],[0.03,-0.09],[0.048,-0.066],[0.06,0.024],[0.03,0.096],[0.048,-0.078],[0.066,0],[0.066,0.012],[-0.042,-0.09],[0.048,-0.09],[-0.006,0.126],[0.018000000000000002,0.126],[0,-0.132],[-0.018000000000000002,-0.132],[-0.078,0.006],[-0.078,-0.012],[0.006,-0.14400000000000002],[-0.006,0.14400000000000002],[0.012,0.14400000000000002],[0.018000000000000002,-0.14400000000000002],[0.048,-0.12],[-0.012,-0.15000000000000002],[-0.078,0.066],[-0.024,-0.15000000000000002],[-0.006,0.168],[0,-0.17400000000000002],[-0.018000000000000002,-0.17400000000000002],[-0.042,0.162],[-0.012,-0.186],[0.018000000000000002,-0.186],[-0.018000000000000002,-0.20400000000000001],[-0.11399999999999999,0],[-0.11399999999999999,0.012],[0.05399999999999999,-0.198],[0,-0.234],[-0.006,0.234],[-0.126,0],[0,-0.258],[-0.012,-0.258],[0.036000000000000004,-0.258],[0.138,0.006],[0,-0.28800000000000003],[-0.042,0.276],[-0.012,-0.29400000000000004],[0.018000000000000002,-0.29400000000000004],[-0.03,-0.29400000000000004],[0,-0.312],[0.006,0.312],[-0.14400000000000002,-0.12],[-0.042,0.312],[0,-0.33],[-0.162,0],[-0.018000000000000002,-0.33],[0.048,-0.318],[-0.078,-0.29400000000000004],[0.024,-0.336],[-0.168,0.03],[-0.042,0.342],[-0.018000000000000002,-0.372],[-0.006,-0.396],[-0.186,0.066],[-0.198,-0.006],[-0.198,0.012],[0.03,0.43199999999999994],[-0.132,-0.33],[0,-0.44399999999999995],[-0.14400000000000002,-0.312],[0.006,-0.45599999999999996],[-0.018000000000000002,-0.45599999999999996],[-0.21000000000000002,0],[-0.132,-0.372],[0.03,0.492],[0.22199999999999998,0.132],[-0.186,-0.324],[-0.024,-0.534],[-0.22799999999999998,0.15000000000000002],[-0.186,-0.336],[-0.21000000000000002,-0.312],[-0.192,-0.372],[0.006,-0.63],[0.006,-0.642],[-0.048,-0.648],[0,-0.672],[0,-0.6960000000000001],[0.024,0.7020000000000001],[0.06,-0.7020000000000001],[-0.036000000000000004,-0.738],[-0.084,0.726],[0.06,-0.756],[0,-0.774],[-0.132,0.708],[-0.324,0.006],[-0.324,0.066],[-0.324,-0.084],[0.018000000000000002,0.81],[0.042,-0.81],[-0.006,-0.8400000000000001],[0,-0.96],[-0.378,0.006],[-0.192,-0.8879999999999999],[-0.036000000000000004,-1.0619999999999998],[-0.40800000000000003,0.012],[0.012,-1.3980000000000001],[0,-1.4040000000000001],[-0.504,0.10200000000000001],[0.036000000000000004,-1.488],[0.036000000000000004,-1.524],[2.1719999999999997,3.138],[0.018000000000000002,1.536],[2.286,3.096],[2.358,3.132],[2.1719999999999997,3.12],[-2.286,3.09],[2.358,3.12],[2.358,3.108],[2.118,3.138],[2.118,3.1260000000000003],[2.358,3.084],[2.118,3.114],[2.118,3.084],[-0.018000000000000002,-1.596],[0.05399999999999999,-1.596],[0.05399999999999999,1.614],[2.472,3.138],[-2.052,3.108],[0.036000000000000004,1.6380000000000001],[2.472,3.084],[-0.036000000000000004,-1.6560000000000001],[2.142,-2.9459999999999997],[0,1.6800000000000002],[2.142,-2.928],[-0.162,1.6320000000000001],[0.012,1.71],[-0.018000000000000002,1.71],[-2.052,2.976],[2.3040000000000003,-2.7840000000000003],[2.142,-2.862],[-2.286,2.748],[2.286,-2.736],[-0.22199999999999998,1.6380000000000001],[-2.244,2.748],[-0.06,-1.758],[-0.198,1.6800000000000002],[2.4240000000000004,2.754],[2.4240000000000004,2.736],[1.9860000000000002,-2.952],[0,-1.8239999999999998],[-0.024,-1.8239999999999998],[0.036000000000000004,-1.8479999999999999],[-2.4899999999999993,2.676],[-2.052,2.7720000000000002],[-2.544,2.742],[-2.274,-2.496],[-0.10799999999999998,-1.866],[-0.012,-1.9020000000000001],[1.9860000000000002,-2.8080000000000003],[-0.084,1.9140000000000001],[1.9860000000000002,-2.7720000000000002],[-2.544,2.586],[0.22199999999999998,1.9140000000000001],[-2.55,2.358],[2.286,2.178],[2.286,2.118],[-2.55,2.232],[2.178,2.238],[2.166,-2.16],[-0.342,-1.92],[-0.198,2.0759999999999996],[-0.138,-2.154],[-2.04,2.238],[-1.614,3.12],[-0.006,2.244],[2.532,1.584],[1.884,2.4659999999999997],[2.532,1.53],[2.286,1.6680000000000001],[-2.16,-1.884],[-2.16,-1.866],[-0.75,-0.372],[-0.756,0.20400000000000001],[-0.756,0.258],[2.532,1.29],[2.4899999999999993,-1.128],[2.4899999999999993,-1.1099999999999999],[1.7519999999999998,2.598],[-0.648,1.512],[-2.3520000000000003,-1.1760000000000002],[-0.756,0.81],[2.508,0.8340000000000001],[2.508,0.7020000000000001],[2.4240000000000004,0.8459999999999999],[1.758,-2.4779999999999998],[-1.8239999999999998,2.316],[-1.8239999999999998,2.3040000000000003],[2.4659999999999997,-0.534],[-2.544,0.312],[-0.804,0],[-2.562,-0.084],[-2.544,-0.006],[-2.532,0.018000000000000002],[2.4779999999999998,-0.33],[2.394,-0.672],[-2.496,0.042],[2.46,-0.33],[2.4779999999999998,0.012],[0.03,-2.4779999999999998],[2.4419999999999997,-0.29400000000000004],[2.448,-0.12],[-0.8220000000000001,0.096],[2.358,0.468],[2.358,0.44999999999999996],[-0.384,2.358],[-2.25,-0.8939999999999999],[2.3280000000000003,0.06],[2.3280000000000003,0.012],[2.3040000000000003,-0.024],[2.3040000000000003,0.012],[-1.9740000000000002,1.6740000000000002],[2.8080000000000003,-0.8459999999999999],[2.1719999999999997,-0.96],[-2.244,0.168],[-0.8220000000000001,1.3800000000000003],[1.428,-2.7600000000000007],[-0.8699999999999999,-0.804],[-2.916,2.532],[0.018000000000000002,2.736],[0.006,2.742],[-0.7020000000000001,2.202],[2.1719999999999997,0.132],[0.06,2.748],[2.154,-0.29400000000000004],[-0.798,1.944],[2.1239999999999997,0.48],[2.142,-0.006],[0.006,-2.814],[2.118,-0.024],[0.8879999999999999,1.734],[0.012,-2.862],[0.06,-2.862],[1.146,3.1260000000000003],[2.9699999999999998,-2.55],[-1.1640000000000001,-2.88],[1.278,-2.586],[1.884,-1.254],[2.982,-2.508],[-0.468,-2.862],[1.8239999999999998,1.302],[-1.7159999999999997,1.596],[-0.03,2.976],[-0.06,2.988],[-1.98,0.46199999999999997],[1.008,-1.17],[1.02,-1.3860000000000001],[0.036000000000000004,3.0300000000000002],[-0.684,2.9459999999999997],[0.018000000000000002,3.0780000000000003],[-1.83,-0.978],[1.32,2.0100000000000002],[1.0859999999999999,1.416],[-0.024,3.114],[-0.612,3.072],[-0.012,3.12],[1.122,1.332],[1.53,1.548],[3.0780000000000003,-0.006],[-1.7639999999999998,-0.8340000000000001],[3.084,0.012],[1.8119999999999998,0.558],[1.236,1.518],[1.596,1.29],[1.128,0.43799999999999994],[-1.6380000000000001,1.116],[1.236,1.026],[-1.614,-0.024]],"nseeds":316,"executions":126,"nfe":13100,"gps":[[0,0]],"lps":[],