{"avgHealth":199.99405892895578,"seeds":[[-3.7800000000000002,-3.288],[-3.7800000000000002,-3.276],[3.5760000000000005,-1.8600000000000003],[-3.768,-3.276],[-3.792,-3.288],[3.5760000000000005,-1.8239999999999998],[-3.7800000000000002,-3.3],[3.5760000000000005,-1.8719999999999999],[-3.7800000000000002,-3.264],[-3.768,-3.264],[3.5760000000000005,-1.8120000000000003],[3.564,-1.8480000000000008],[3.564,-1.8360000000000003],[-2.832,3.1319999999999997],[3.564,-1.8600000000000003],[3.564,-1.8239999999999998],[-2.832,3.144],[3.564,-1.8719999999999999],[3.5760000000000005,-1.8000000000000007],[3.612,-1.8600000000000003],[3.612,-1.8480000000000008],[3.5760000000000005,-1.896],[3.612,-1.8360000000000003],[-2.832,3.1080000000000005],[3.612,-1.8239999999999998],[-2.832,3.096]],"nseeds":26,"executions":850,"nfe":85500,"gps":[[-3.7800000000000002,-3.288],[-3.7800000000000002,-3.276]],"lps":[],"fps":[[3.5760000000000005,-1.8600000000000003],[-3.768,-3.276],[-3.792,-3.288],[3.5760000000000005,-1.8239999999999998],[-3.7800000000000002,-3.3],[3.5760000000000005,-1.8719999999999999],[-3.7800000000000002,-3.264],[-3.768,-3.264],[3.5760000000000005,-1.8120000000000003],[3.564,-1.8480000000000008],[3.564,-1.8360000000000003],[-2.832,3.1319999999999997],[3.564,-1.8600000000000003],[3.564,-1.8239999999999998],[-2.832,3.144],[3.564,-1.8719999999999999],[3.5760000000000005,-1.8000000000000007],[3.612,-1.8600000000000003],[3.612,-1.8480000000000008],[3.5760000000000005,-1.896],[3.612,-1.8360000000000003],[-2.832,3.1080000000000005],[3.612,-1.8239999999999998],[-2.832,3.096]],"np":2,"gp":2,"pr":0.07692307692307693,"gpr":0.5,"fpr":0.9230769230769231,"reason":"statistic"}