{"avgHealth":199.9977299664434,"seeds":[[3,2.0040000000000013],[3.588000000000001,-1.8480000000000008],[3,1.9920000000000009],[3.588000000000001,-1.8600000000000003],[3.588000000000001,-1.8360000000000003],[3.5760000000000005,-1.8480000000000008],[3,2.016],[2.9879999999999995,2.0040000000000013],[3.0120000000000005,1.9800000000000004],[3.588000000000001,-1.8719999999999999],[-3.792,-3.288],[-3.792,-3.276]],"nseeds":12,"executions":529,"nfe":53400,"gps":[],"lps":[],"fps":[[3,2.0040000000000013],[3.588000000000001,-1.8480000000000008],[3,1.9920000000000009],[3.588000000000001,-1.8600000000000003],[3.588000000000001,-1.8360000000000003],[3.5760000000000005,-1.8480000000000008],[3,2.016],[2.9879999999999995,2.0040000000000013],[3.0120000000000005,1.9800000000000004],[3.588000000000001,-1.8719999999999999],[-3.792,-3.288],[-3.792,-3.276]],"np":0,"gp":0,"pr":0,"gpr":0,"fpr":1,"reason":"statistic"}