{"avgHealth":199.99588419359708,"seeds":[[3,2.0040000000000013],[3,1.9920000000000009],[3,2.016],[2.9879999999999995,2.016],[3,1.9800000000000004],[-3.792,-3.288],[-3.792,-3.276],[2.9879999999999995,2.040000000000001],[-3.792,-3.264],[-3.792,-3.312],[3,2.0519999999999996],[3,1.92],[3,1.8600000000000003]],"nseeds":13,"executions":665,"nfe":67000,"gps":[],"lps":[],"fps":[[3,2.0040000000000013],[3,1.9920000000000009],[3,2.016],[2.9879999999999995,2.016],[3,1.9800000000000004],[-3.792,-3.288],[-3.792,-3.276],[2.9879999999999995,2.040000000000001],[-3.792,-3.264],[-3.792,-3.312],[3,2.0519999999999996],[3,1.92],[3,1.8600000000000003]],"np":0,"gp":0,"pr":0,"gpr":0,"fpr":1,"reason":"statistic"}