{"avgHealth":199.9988369925184,"seeds":[[3,2.0040000000000013],[-3.7800000000000002,-3.288],[3,1.9920000000000009],[-3.7800000000000002,-3.276],[3,2.016],[3.0120000000000005,1.9920000000000009],[3,1.9800000000000004],[-3.792,-3.288],[-3.7800000000000002,-3.3],[3,2.0280000000000005],[-3.792,-3.276],[-3.792,-3.264],[3.0120000000000005,1.9440000000000008],[3,1.9440000000000008]],"nseeds":14,"executions":615,"nfe":62000,"gps":[[-3.7800000000000002,-3.288],[-3.7800000000000002,-3.276]],"lps":[],"fps":[[3,2.0040000000000013],[3,1.9920000000000009],[3,2.016],[3.0120000000000005,1.9920000000000009],[3,1.9800000000000004],[-3.792,-3.288],[-3.7800000000000002,-3.3],[3,2.0280000000000005],[-3.792,-3.276],[-3.792,-3.264],[3.0120000000000005,1.9440000000000008],[3,1.9440000000000008]],"np":2,"gp":2,"pr":0.14285714285714285,"gpr":0.5,"fpr":0.8571428571428571,"reason":"statistic"}