{"avgHealth":199.99476397465753,"seeds":[[3.588000000000001,-1.8480000000000008],[3.588000000000001,-1.8600000000000003],[3.588000000000001,-1.8360000000000003],[-2.784,3.1319999999999997],[-2.784,3.120000000000001],[-2.784,3.144],[3.588000000000001,-1.8000000000000007],[-2.772,3.1319999999999997],[-2.784,3.1560000000000006],[-2.772,3.120000000000001],[-2.772,3.144],[3.540000000000001,-1.8360000000000003]],"nseeds":12,"executions":539,"nfe":54400,"gps":[],"lps":[],"fps":[[3.588000000000001,-1.8480000000000008],[3.588000000000001,-1.8600000000000003],[3.588000000000001,-1.8360000000000003],[-2.784,3.1319999999999997],[-2.784,3.120000000000001],[-2.784,3.144],[3.588000000000001,-1.8000000000000007],[-2.772,3.1319999999999997],[-2.784,3.1560000000000006],[-2.772,3.120000000000001],[-2.772,3.144],[3.540000000000001,-1.8360000000000003]],"np":0,"gp":0,"pr":0,"gpr":0,"fpr":1,"reason":"statistic"}