{"avgHealth":199.99293071609011,"seeds":[[2.9879999999999995,2.0040000000000013],[2.9879999999999995,2.016],[-2.82,3.1319999999999997],[2.9879999999999995,1.9920000000000009],[-2.82,3.120000000000001],[-2.832,3.120000000000001],[-2.832,3.144],[3.5519999999999996,-1.8360000000000003],[3.5519999999999996,-1.8480000000000008],[3.5519999999999996,-1.8239999999999998]],"nseeds":10,"executions":475,"nfe":48000,"gps":[],"lps":[],"fps":[[2.9879999999999995,2.0040000000000013],[2.9879999999999995,2.016],[-2.82,3.1319999999999997],[2.9879999999999995,1.9920000000000009],[-2.82,3.120000000000001],[-2.832,3.120000000000001],[-2.832,3.144],[3.5519999999999996,-1.8360000000000003],[3.5519999999999996,-1.8480000000000008],[3.5519999999999996,-1.8239999999999998]],"np":0,"gp":0,"pr":0,"gpr":0,"fpr":1,"reason":"statistic"}