{"avgHealth":199.9939199387085,"seeds":[[3.588000000000001,-1.8480000000000008],[3.588000000000001,-1.8600000000000003],[3.588000000000001,-1.8360000000000003],[3.588000000000001,-1.8719999999999999],[3.588000000000001,-1.8239999999999998],[3.6000000000000014,-1.8480000000000008],[-2.772,3.1319999999999997]],"nseeds":7,"executions":762,"nfe":76700,"gps":[],"lps":[],"fps":[[3.588000000000001,-1.8480000000000008],[3.588000000000001,-1.8600000000000003],[3.588000000000001,-1.8360000000000003],[3.588000000000001,-1.8719999999999999],[3.588000000000001,-1.8239999999999998],[3.6000000000000014,-1.8480000000000008],[-2.772,3.1319999999999997]],"np":0,"gp":0,"pr":0,"gpr":0,"fpr":1,"reason":"statistic"}