{"avgHealth":199.98118521036102,"seeds":[[-3.792,-3.288],[-3.792,-3.276],[-3.792,-3.3],[-3.792,-3.264],[-3.792,-3.312],[2.9640000000000004,2.016],[2.9640000000000004,2.0280000000000005],[2.9640000000000004,2.0040000000000013]],"nseeds":8,"executions":469,"nfe":47400,"gps":[],"lps":[],"fps":[[-3.792,-3.288],[-3.792,-3.276],[-3.792,-3.3],[-3.792,-3.264],[-3.792,-3.312],[2.9640000000000004,2.016],[2.9640000000000004,2.0280000000000005],[2.9640000000000004,2.0040000000000013]],"np":0,"gp":0,"pr":0,"gpr":0,"fpr":1,"reason":"statistic"}