{"avgHealth":199.99942704666054,"seeds":[[-2.808,3.1319999999999997],[3.588000000000001,-1.8480000000000008],[3.588000000000001,-1.8600000000000003],[-2.808,3.120000000000001],[-2.808,3.144],[-2.796,3.120000000000001],[3.6000000000000014,-1.8480000000000008]],"nseeds":7,"executions":546,"nfe":55100,"gps":[[-2.808,3.1319999999999997]],"lps":[],"fps":[[3.588000000000001,-1.8480000000000008],[3.588000000000001,-1.8600000000000003],[-2.808,3.120000000000001],[-2.808,3.144],[-2.796,3.120000000000001],[3.6000000000000014,-1.8480000000000008]],"np":1,"gp":1,"pr":0.14285714285714285,"gpr":0.25,"fpr":0.8571428571428571,"reason":"statistic"}