{"avgHealth":199.99771353329086,"seeds":[[3,2.0040000000000013],[3,1.9920000000000009],[3,2.016],[3.0120000000000005,1.9920000000000009],[3.0120000000000005,2.0040000000000013],[3,1.9800000000000004],[-3.768,-3.276],[-3.768,-3.288],[3.0120000000000005,1.968]],"nseeds":9,"executions":554,"nfe":55900,"gps":[],"lps":[],"fps":[[3,2.0040000000000013],[3,1.9920000000000009],[3,2.016],[3.0120000000000005,1.9920000000000009],[3.0120000000000005,2.0040000000000013],[3,1.9800000000000004],[-3.768,-3.276],[-3.768,-3.288],[3.0120000000000005,1.968]],"np":0,"gp":0,"pr":0,"gpr":0,"fpr":1,"reason":"statistic"}