{"avgHealth":1.3091209828162937,"seeds":[[0,-0.006],[-0.006,-0.048],[-0.036000000000000004,-0.006],[0.042,-0.006],[-0.006,-0.07200000000000001],[0.012,0.084],[-0.06,-0.006],[-0.012,-0.10200000000000001],[-0.06,-0.048],[-0.036000000000000004,0.10200000000000001],[-0.006,-0.12],[-0.048,-0.09],[-0.07200000000000001,-0.006],[-0.06,-0.07200000000000001],[-0.012,-0.132],[-0.07200000000000001,0.042],[-0.048,-0.12],[0.03,-0.138],[-0.06,-0.10200000000000001],[-0.03,0.14400000000000002],[-0.06,-0.11399999999999999],[-0.006,-0.168],[-0.07200000000000001,-0.10799999999999998],[-0.096,-0.006],[-0.06,-0.138],[-0.07200000000000001,-0.12],[-0.006,-0.18],[0.036000000000000004,-0.168],[0.09,-0.07200000000000001],[-0.006,0.192],[-0.012,-0.192],[0.036000000000000004,-0.186],[0.012,0.20400000000000001],[0.10200000000000001,0.07200000000000001],[-0.05399999999999999,-0.18],[-0.006,-0.21000000000000002],[0.09,-0.132],[-0.09,-0.138],[-0.036000000000000004,0.21000000000000002],[-0.05399999999999999,0.198],[0.078,-0.168],[-0.078,-0.168],[0.036000000000000004,-0.21599999999999997],[-0.048,-0.21000000000000002],[0.048,-0.21000000000000002],[-0.006,0.234],[-0.006,-0.234],[0.10200000000000001,-0.132],[-0.036000000000000004,0.22799999999999998],[0.10200000000000001,-0.14400000000000002],[0.10200000000000001,0.14400000000000002],[0.06,0.21599999999999997],[-0.06,-0.21599999999999997],[0.042,0.234],[-0.012,-0.252],[-0.11399999999999999,-0.12],[0.036000000000000004,-0.252],[0.09,0.192],[0.10200000000000001,-0.168],[0.06,0.234],[-0.06,0.234],[-0.048,-0.246],[-0.006,-0.264],[0.078,0.21599999999999997],[-0.05399999999999999,0.246],[0.006,0.27],[0.042,0.258],[0.10200000000000001,-0.186],[0.09,0.21000000000000002],[-0.036000000000000004,0.27],[0.036000000000000004,0.27],[-0.048,-0.264],[0.078,0.234],[0.036000000000000004,-0.276],[0.14400000000000002,-0.006],[0.14400000000000002,0.012],[-0.03,0.282],[-0.126,-0.14400000000000002],[-0.05399999999999999,0.27],[0.078,0.246],[-0.06,-0.27],[0.09,0.234],[-0.138,-0.10799999999999998],[-0.078,0.252],[-0.012,-0.30000000000000004],[0.084,-0.252],[0.036000000000000004,-0.30000000000000004],[0.14400000000000002,-0.10799999999999998],[-0.006,-0.312],[0.07200000000000001,0.276],[0.14400000000000002,-0.12],[0.09,-0.264],[0.10200000000000001,0.252],[0.10200000000000001,-0.252],[-0.042,-0.318],[-0.006,-0.33],[0.06,0.306],[-0.156,-0.09],[0.15000000000000002,-0.132],[0.036000000000000004,-0.33],[0.10200000000000001,-0.27],[0.10200000000000001,0.27],[0.078,0.306],[-0.078,0.312],[0.126,-0.234],[-0.06,-0.33],[0.138,-0.21000000000000002],[0.042,0.34800000000000003],[0.15000000000000002,-0.17400000000000002],[-0.078,0.324],[0.15000000000000002,-0.186],[-0.156,-0.168],[0.10200000000000001,-0.30000000000000004],[0.042,-0.366],[0.168,0.14400000000000002],[-0.006,-0.384],[0.012,0.384],[0.048,0.372],[0.036000000000000004,0.384],[-0.036000000000000004,0.384],[0.06,0.372],[-0.06,-0.378],[0.012,0.402],[0.14400000000000002,-0.264],[-0.192,-0.006],[-0.186,-0.10200000000000001],[0.192,-0.048],[-0.012,0.41400000000000003],[-0.036000000000000004,0.40800000000000003],[-0.186,-0.11399999999999999],[0.126,-0.312],[-0.084,0.378],[0.198,0],[0.06,0.40800000000000003],[0.138,0.306],[0.198,-0.07200000000000001],[-0.192,-0.126],[0.078,0.402],[-0.036000000000000004,0.43199999999999994],[0.042,-0.43199999999999994],[0.042,0.43199999999999994],[0.198,-0.10200000000000001],[0.168,0.246],[-0.09,0.396],[0.17400000000000002,0.22799999999999998],[-0.156,-0.282],[0.14400000000000002,-0.312],[0.06,0.42599999999999993],[0.198,-0.11399999999999999],[-0.084,0.40800000000000003],[0.078,-0.41400000000000003],[-0.006,-0.44999999999999996],[0.078,0.42000000000000004],[0.012,0.45599999999999996],[0.036000000000000004,-0.44999999999999996],[0.06,0.43799999999999994],[0.096,0.40800000000000003],[-0.066,-0.43799999999999994],[0.192,-0.186],[-0.192,-0.186],[0.192,0.198],[0.06,0.44999999999999996],[-0.20400000000000001,-0.138],[0.198,-0.17400000000000002],[0.042,-0.46199999999999997],[0.078,0.43799999999999994],[0.17400000000000002,0.27],[-0.186,-0.234],[0.126,0.384],[-0.162,-0.312],[0.042,-0.474],[0.078,0.44999999999999996],[0.07200000000000001,-0.45599999999999996],[0.138,-0.372],[-0.132,0.384],[-0.06,0.468],[-0.192,0.24],[0.198,-0.21599999999999997],[0.10200000000000001,-0.43799999999999994],[0.192,0.246],[-0.168,0.324],[0.198,-0.22799999999999998],[-0.078,0.468],[-0.192,0.258],[-0.012,0.504],[0.14400000000000002,0.384],[0.042,-0.498],[0.10200000000000001,-0.44999999999999996],[0.09,0.468],[0.192,0.27],[-0.192,0.27],[0.198,-0.252],[0.17400000000000002,0.33],[0.036000000000000004,-0.51],[0.18,-0.318],[0.15000000000000002,0.396],[-0.198,-0.27],[0.18,-0.33],[0.22799999999999998,-0.138],[0.192,0.306],[0.15000000000000002,0.41400000000000003],[0.078,0.51],[0.126,0.45599999999999996],[-0.084,0.51],[0.21599999999999997,0.234],[0.126,0.468],[-0.192,-0.33],[0.22799999999999998,0.192],[0.138,-0.45599999999999996],[-0.036000000000000004,0.558],[0.126,0.486],[0.018000000000000002,-0.5700000000000001],[-0.11399999999999999,0.51],[0.17400000000000002,0.40800000000000003],[0.192,-0.366],[-0.03,0.5760000000000001],[-0.006,-0.5820000000000001],[0.036000000000000004,0.5760000000000001],[0.012,0.5820000000000001],[-0.05399999999999999,-0.5760000000000001],[-0.22199999999999998,0.282],[0.024,0.5880000000000001],[-0.006,0.5940000000000001],[-0.006,-0.5940000000000001],[0.012,0.5940000000000001],[-0.018000000000000002,0.5940000000000001],[-0.036000000000000004,0.5940000000000001],[-0.234,-0.252],[-0.096,0.558],[-0.14400000000000002,-0.498],[-0.078,0.5760000000000001],[0.03,0.6060000000000001],[-0.006,0.612],[-0.036000000000000004,0.6060000000000001],[0.07200000000000001,-0.5880000000000001],[0.192,-0.41400000000000003],[-0.078,0.5880000000000001],[-0.006,-0.618],[0.15000000000000002,0.504],[0.036000000000000004,-0.624],[-0.036000000000000004,0.624],[-0.006,-0.63],[0.10200000000000001,-0.5820000000000001],[-0.252,-0.21599999999999997],[-0.084,0.6000000000000001],[0.06,0.618],[0.192,0.43799999999999994],[0.006,-0.636],[0.20400000000000001,0.40800000000000003],[-0.10200000000000001,-0.5880000000000001],[-0.024,0.636],[0.11399999999999999,0.5760000000000001],[-0.048,-0.63],[0.036000000000000004,-0.636]],"nseeds":254,"executions":520,"nfe":52500,"gps":[[0,-0.006]],"lps":[],