{"avgHealth":1.3078785443735212,"seeds":[[0,-0.006],[-0.018000000000000002,0],[-0.018000000000000002,0.018000000000000002],[-0.018000000000000002,0.03],[-0.03,-0.012],[-0.018000000000000002,0.048],[0.036000000000000004,0.018000000000000002],[-0.018000000000000002,0.06],[0.042,-0.018000000000000002],[-0.042,0.018000000000000002],[-0.042,-0.018000000000000002],[-0.018000000000000002,-0.066],[-0.036000000000000004,0.048],[0.048,0],[0.048,0.018000000000000002],[-0.012,-0.084],[-0.05399999999999999,-0.006],[-0.05399999999999999,0.012],[-0.05399999999999999,-0.018000000000000002],[0.048,0.048],[-0.05399999999999999,0.036000000000000004],[0.06,-0.006],[-0.018000000000000002,0.10200000000000001],[0.06,-0.042],[0.048,-0.078],[0.048,0.078],[-0.036000000000000004,0.096],[-0.06,0.048],[-0.05399999999999999,0.066],[-0.05399999999999999,-0.07200000000000001],[0.066,0.03],[-0.024,-0.11399999999999999],[0.066,0.042],[-0.018000000000000002,0.12],[0.06,-0.066],[-0.05399999999999999,-0.084],[0.05399999999999999,-0.096],[-0.018000000000000002,0.138],[0.048,-0.11399999999999999],[-0.06,0.096],[-0.018000000000000002,-0.14400000000000002],[-0.03,0.138],[0.048,0.126],[0.078,-0.066],[0.084,0.042],[-0.042,0.138],[0.06,-0.11399999999999999],[-0.036000000000000004,-0.14400000000000002],[-0.09,0.012],[-0.09,-0.012],[0.048,-0.14400000000000002],[0.084,-0.096],[0.09,0.078],[-0.096,-0.05399999999999999],[-0.06,0.15000000000000002],[-0.06,-0.15000000000000002],[-0.09,0.10200000000000001],[-0.10799999999999998,0.018000000000000002],[-0.024,0.20400000000000001],[0.048,-0.192],[0.05399999999999999,0.192],[-0.05399999999999999,-0.198],[-0.048,0.20400000000000001],[-0.10200000000000001,0.126],[-0.018000000000000002,-0.234],[-0.036000000000000004,-0.22799999999999998],[0.06,-0.22199999999999998],[-0.05399999999999999,-0.234],[0.05399999999999999,-0.234],[-0.132,0.018000000000000002],[-0.03,0.252],[-0.132,0.048],[-0.036000000000000004,-0.258],[0.138,-0.012],[0.06,-0.246],[-0.12,0.138],[0.06,-0.258],[-0.14400000000000002,0.012],[-0.132,-0.11399999999999999],[-0.138,-0.084],[-0.06,-0.264],[-0.138,-0.10200000000000001],[-0.15000000000000002,-0.018000000000000002],[0.078,-0.264],[-0.024,-0.306],[-0.036000000000000004,-0.306],[-0.096,-0.246],[-0.156,0.012],[-0.14400000000000002,0.12],[0.042,-0.306],[0.156,0.03],[-0.156,0.036000000000000004],[-0.156,0.06],[0.156,-0.066],[0.06,-0.306],[0.156,0.096],[-0.03,0.33],[-0.05399999999999999,-0.318],[0.156,0.10799999999999998],[-0.15000000000000002,-0.14400000000000002],[0.168,0.012],[0.156,0.126],[-0.11399999999999999,-0.252],[0.138,-0.198],[-0.05399999999999999,0.336],[0.156,0.14400000000000002],[-0.11399999999999999,-0.264],[-0.14400000000000002,0.192],[0.168,0.078],[-0.14400000000000002,-0.198],[-0.132,-0.234],[-0.14400000000000002,0.20400000000000001],[-0.096,-0.312],[0.168,0.138],[-0.132,-0.258],[0.05399999999999999,-0.366],[-0.18,-0.07200000000000001],[0.156,-0.20400000000000001],[-0.06,0.372],[0.03,-0.39],[-0.15000000000000002,-0.24],[0.048,0.39],[-0.06,-0.384],[0.192,-0.006],[-0.192,-0.006],[-0.10799999999999998,0.336],[0.192,0.036000000000000004],[-0.192,-0.036000000000000004],[-0.18,0.14400000000000002],[0.03,-0.40800000000000003],[-0.192,-0.05399999999999999],[-0.186,-0.11399999999999999],[-0.192,0.06],[0.168,0.20400000000000001],[-0.192,-0.066],[0.192,-0.07200000000000001],[-0.132,-0.318],[0.192,-0.11399999999999999],[0.084,-0.39],[-0.198,0.07200000000000001],[0.156,0.27],[0.05399999999999999,0.42000000000000004],[0.05399999999999999,-0.42000000000000004],[0.198,-0.084],[0.198,0.096],[0.17400000000000002,-0.22199999999999998],[0.168,0.252],[-0.10799999999999998,0.378],[0.17400000000000002,-0.234],[0.186,-0.198],[0,0.45599999999999996],[0.10799999999999998,-0.39],[-0.21000000000000002,-0.006],[0.198,-0.15000000000000002],[-0.21000000000000002,0.042],[-0.042,0.45599999999999996],[0.05399999999999999,-0.44999999999999996],[0.048,0.45599999999999996],[-0.06,0.44999999999999996],[0,-0.474],[-0.036000000000000004,0.468],[0.10799999999999998,-0.40800000000000003],[-0.012,-0.48],[0.05399999999999999,-0.468],[-0.21000000000000002,-0.14400000000000002],[0.192,-0.234],[-0.192,-0.234],[-0.096,-0.43799999999999994],[0.168,-0.312],[-0.18,-0.282],[0.078,-0.46199999999999997],[-0.198,0.22199999999999998],[0.006,-0.498],[-0.192,-0.252],[-0.096,-0.44999999999999996],[0.05399999999999999,-0.486],[0.036000000000000004,-0.498],[0.09,0.46199999999999997],[-0.096,0.45599999999999996],[0.078,-0.474],[0.168,0.336],[0.05399999999999999,-0.498],[-0.06,-0.498],[-0.024,-0.516],[-0.096,-0.474],[0.042,-0.516],[-0.042,-0.516],[-0.006,0.528],[0.234,0.018000000000000002],[0.234,0.036000000000000004],[-0.192,-0.30000000000000004],[0.048,0.522],[0.168,0.372],[-0.096,0.492],[-0.096,-0.498],[0.168,0.384],[0.05399999999999999,0.534],[0.10200000000000001,-0.498],[-0.03,0.552],[-0.192,0.336],[-0.10799999999999998,-0.498],[0.05399999999999999,-0.546],[-0.15000000000000002,-0.43799999999999994],[-0.06,-0.546],[-0.024,-0.564],[-0.14400000000000002,0.45599999999999996],[0.084,0.534],[-0.198,0.34800000000000003],[0.048,0.5700000000000001],[-0.06,-0.564],[-0.06,0.5700000000000001],[0.162,-0.44999999999999996],[-0.024,-0.5940000000000001],[-0.14400000000000002,0.492],[-0.05399999999999999,-0.5940000000000001],[0.024,0.6060000000000001],[-0.09,-0.5700000000000001],[-0.03,0.6060000000000001],[-0.06,0.5940000000000001],[-0.15000000000000002,-0.498],[-0.024,-0.612],[0.09,0.5760000000000001],[0.246,0.21599999999999997],[0.17400000000000002,0.45599999999999996],[-0.22799999999999998,-0.306],[-0.042,0.612],[0.258,0.138],[0.048,0.612],[-0.06,0.6060000000000001],[-0.06,-0.6060000000000001],[0.264,0.078],[-0.018000000000000002,-0.624],[0.17400000000000002,0.468],[-0.03,-0.624],[-0.03,0.624],[-0.18,-0.46199999999999997],[-0.06,-0.618],[-0.018000000000000002,0.636],[0.258,0.192],[-0.03,0.636],[-0.06,0.624],[0.05399999999999999,-0.63],[0.048,0.636],[-0.048,0.636],[-0.18,-0.48],[0.162,-0.516],[0.252,-0.252],[-0.06,0.636],[0.05399999999999999,-0.642],[0.066,0.636],[0.252,-0.264],[-0.048,-0.648]],"nseeds":252,"executions":582,"nfe":58700,"gps":[[0,-0.006]],"lps":[],