{"avgHealth":1.2911139076596643,"seeds":[[0.018000000000000002,0],[0.018000000000000002,0.012],[-0.024,-0.006],[-0.024,0.012],[0.018000000000000002,0.03],[0.018000000000000002,-0.03],[0.03,0.018000000000000002],[-0.036000000000000004,-0.006],[0.036000000000000004,-0.006],[0.018000000000000002,0.05399999999999999],[0.048,0.006],[0.05399999999999999,-0.018000000000000002],[0.05399999999999999,0.018000000000000002],[0.018000000000000002,-0.10200000000000001],[0.03,0.10200000000000001],[-0.066,0.018000000000000002],[0.024,0.126],[0.018000000000000002,-0.138],[-0.024,-0.138],[0.018000000000000002,0.14400000000000002],[0.084,0],[0.084,-0.018000000000000002],[0.036000000000000004,-0.138],[-0.084,0.03],[0.03,0.162],[0.036000000000000004,-0.162],[0.018000000000000002,0.17400000000000002],[0.018000000000000002,-0.17400000000000002],[0.048,0.156],[0.018000000000000002,-0.186],[-0.10200000000000001,0.006],[-0.10200000000000001,-0.012],[-0.10200000000000001,0.018000000000000002],[-0.084,0.10799999999999998],[-0.10200000000000001,-0.024],[0.036000000000000004,-0.186],[0.10799999999999998,0.018000000000000002],[-0.10799999999999998,0.036000000000000004],[-0.084,0.132],[0.036000000000000004,-0.20400000000000001],[-0.084,0.14400000000000002],[-0.11399999999999999,-0.006],[0.11399999999999999,-0.03],[-0.09,-0.138],[0.05399999999999999,-0.198],[-0.084,0.162],[0.12,0],[0.12,0.018000000000000002],[0.12,0.03],[-0.07200000000000001,-0.186],[0.12,-0.07200000000000001],[0.10799999999999998,0.126],[-0.018000000000000002,0.246],[0.10799999999999998,0.138],[-0.132,-0.006],[0.132,-0.006],[0.132,0.012],[-0.132,-0.024],[0.132,0.03],[0.10200000000000001,-0.168],[-0.11399999999999999,-0.156],[0.11399999999999999,-0.17400000000000002],[0.10799999999999998,0.198],[-0.11399999999999999,-0.186],[-0.12,0.17400000000000002],[0.024,0.30000000000000004],[0.10799999999999998,-0.21000000000000002],[-0.07200000000000001,-0.282],[-0.11399999999999999,-0.22199999999999998],[0.03,0.318],[0.05399999999999999,-0.306],[0.006,-0.33],[-0.078,0.28800000000000003],[-0.162,-0.006],[0.162,0.018000000000000002],[0.10799999999999998,0.246],[0.03,-0.33],[0.132,-0.198],[0.07200000000000001,0.306],[-0.078,0.30000000000000004],[0.05399999999999999,-0.324],[0.10799999999999998,0.27],[0.03,0.34800000000000003],[-0.12,0.258],[-0.168,0.09],[-0.11399999999999999,0.27],[0.17400000000000002,-0.006],[-0.17400000000000002,0.012],[0.10799999999999998,0.282],[-0.17400000000000002,-0.024],[-0.17400000000000002,0.03],[0.066,0.336],[0.162,-0.138],[-0.17400000000000002,-0.07200000000000001],[0.006,-0.372],[-0.11399999999999999,-0.282],[-0.168,0.12],[-0.18,-0.006],[-0.09,-0.33],[0.03,-0.378],[-0.168,0.14400000000000002],[0.05399999999999999,-0.366],[-0.168,0.156],[-0.132,0.276],[-0.168,0.17400000000000002],[0.10799999999999998,0.324],[-0.162,-0.21000000000000002],[-0.10200000000000001,-0.342],[-0.192,0.018000000000000002],[-0.11399999999999999,-0.33],[0.10799999999999998,0.34800000000000003],[0.018000000000000002,-0.42000000000000004],[-0.12,0.336],[0.198,0.036000000000000004],[0.12,0.342],[0.17400000000000002,-0.21000000000000002],[0.132,-0.324],[-0.21000000000000002,-0.006],[0.21000000000000002,0.018000000000000002],[-0.168,0.27],[0.21000000000000002,-0.05399999999999999],[-0.12,0.384],[0.132,-0.366],[0.03,0.468],[0,-0.474],[-0.21599999999999997,-0.03],[-0.21599999999999997,-0.042],[-0.17400000000000002,-0.282],[0.018000000000000002,-0.486],[0.018000000000000002,0.486],[0.198,-0.21000000000000002],[0.21599999999999997,0.10200000000000001],[-0.162,-0.33],[0.22199999999999998,-0.006],[0.21599999999999997,0.12],[-0.21000000000000002,0.162],[0.048,-0.486],[0.048,0.486],[0.15000000000000002,-0.366],[0.162,0.342],[0.21599999999999997,0.138],[-0.21599999999999997,0.14400000000000002],[-0.024,0.504],[-0.17400000000000002,-0.318],[0.066,0.486],[0.15000000000000002,-0.378],[0.036000000000000004,0.504],[0.22799999999999998,-0.018000000000000002],[0.06,-0.492],[-0.07200000000000001,-0.486],[-0.22199999999999998,-0.126],[-0.17400000000000002,-0.33],[-0.22199999999999998,-0.138],[0.018000000000000002,0.522],[-0.22199999999999998,-0.15000000000000002],[-0.18,0.324],[0.078,-0.492],[-0.07200000000000001,-0.498],[0.234,0.006],[-0.234,-0.018000000000000002],[-0.22199999999999998,-0.162],[0.22799999999999998,-0.138],[-0.22199999999999998,-0.18],[0.234,0.084],[0.20400000000000001,0.27],[-0.10200000000000001,0.486],[-0.11399999999999999,-0.474],[-0.12,0.468],[0.018000000000000002,-0.546],[0.21599999999999997,0.24],[0.096,0.504],[-0.234,-0.138],[0.126,0.468],[0.21000000000000002,-0.27],[-0.21000000000000002,0.276],[-0.11399999999999999,-0.492],[0.21599999999999997,0.258],[-0.21599999999999997,-0.258],[0.21000000000000002,-0.282],[-0.12,0.486],[-0.246,-0.018000000000000002],[-0.246,0.03],[-0.012,-0.564],[0.018000000000000002,-0.564],[0.234,0.17400000000000002],[0.03,-0.564],[0.21000000000000002,-0.30000000000000004],[0.138,-0.474],[0.21599999999999997,0.282],[0.252,-0.006],[-0.252,-0.006],[-0.21000000000000002,0.312],[0.252,-0.024],[0.03,-0.5940000000000001],[0.084,-0.564],[0.252,-0.132],[0.018000000000000002,0.6000000000000001],[-0.018000000000000002,-0.6000000000000001],[-0.252,-0.138],[0.12,-0.534],[0.05399999999999999,-0.5940000000000001],[0.246,-0.198],[0.252,-0.156],[0.048,0.6000000000000001],[0.252,0.162],[0.10200000000000001,-0.564],[-0.11399999999999999,-0.552],[-0.168,0.468],[0.12,-0.546],[0.258,0.132],[0.252,-0.186],[-0.11399999999999999,-0.564],[0.21000000000000002,-0.384],[0.048,-0.624],[-0.07200000000000001,0.612],[-0.168,-0.492],[-0.264,-0.138],[-0.192,0.44399999999999995],[0.234,0.318],[-0.084,0.612],[0.10799999999999998,-0.5940000000000001],[-0.11399999999999999,-0.5880000000000001],[-0.27,0.12],[-0.258,-0.22199999999999998],[0.21000000000000002,-0.41400000000000003],[-0.20400000000000001,-0.43199999999999994],[-0.084,0.624],[0.048,-0.648],[0.252,0.27],[-0.11399999999999999,-0.6000000000000001],[0.042,0.654],[0.168,0.522],[0.126,-0.5880000000000001],[-0.264,-0.21000000000000002],[0.258,0.252],[0.12,0.6000000000000001],[0.126,-0.6000000000000001],[0.252,0.30000000000000004],[0.12,0.612],[0.252,0.318],[0.20400000000000001,-0.474],[0.096,0.654],[0.12,0.63],[-0.12,0.63],[0.20400000000000001,-0.486],[0.03,0.6960000000000001],[-0.246,-0.366],[-0.18,0.552],[0.018000000000000002,0.708],[-0.246,-0.378],[0.258,0.336],[0.03,0.714],[-0.246,-0.39],[0.36,0.012],[0.41400000000000003,0.126]],"nseeds":255,"executions":514,"nfe":51900,"gps":[],"lps":[],