{"avgHealth":1.9589784266815211,"seeds":[[-172.8,-4.7999999999999545],[-172.8,4.7999999999999545],[172.80000000000007,4.7999999999999545],[172.80000000000007,-4.7999999999999545],[600,4.7999999999999545],[600,-4.7999999999999545],[411.5999999999999,4.7999999999999545],[411.5999999999999,-4.7999999999999545],[361.20000000000005,-4.7999999999999545],[361.20000000000005,4.7999999999999545],[-543.6,-4.7999999999999545],[-15.600000000000023,-4.7999999999999545],[-15.600000000000023,4.7999999999999545],[600,-13.200000000000045],[411.5999999999999,-13.200000000000045],[361.20000000000005,-13.200000000000045],[-15.600000000000023,-13.200000000000045],[417.6,-4.7999999999999545],[-34.80000000000007,4.7999999999999545],[-34.80000000000007,-13.200000000000045],[-50.39999999999998,-8.399999999999977],[-590.4,-8.399999999999977],[-590.4,-18],[537.5999999999999,-13.200000000000045],[-19.200000000000045,-8.399999999999977],[-19.200000000000045,-18],[289.20000000000005,26.399999999999977],[172.80000000000007,-21.600000000000023]],"nseeds":28,"executions":611,"nfe":61600,"gps":[],"lps":[],"fps":[[-172.8,-4.7999999999999545],[-172.8,4.7999999999999545],[172.80000000000007,4.7999999999999545],[172.80000000000007,-4.7999999999999545],[600,4.7999999999999545],[600,-4.7999999999999545],[411.5999999999999,4.7999999999999545],[411.5999999999999,-4.7999999999999545],[361.20000000000005,-4.7999999999999545],[361.20000000000005,4.7999999999999545],[-543.6,-4.7999999999999545],[-15.600000000000023,-4.7999999999999545],[-15.600000000000023,4.7999999999999545],[600,-13.200000000000045],[411.5999999999999,-13.200000000000045],[361.20000000000005,-13.200000000000045],[-15.600000000000023,-13.200000000000045],[417.6,-4.7999999999999545],[-34.80000000000007,4.7999999999999545],[-34.80000000000007,-13.200000000000045],[-50.39999999999998,-8.399999999999977],[-590.4,-8.399999999999977],[-590.4,-18],[537.5999999999999,-13.200000000000045],[-19.200000000000045,-8.399999999999977],[-19.200000000000045,-18],[289.20000000000005,26.399999999999977],[172.80000000000007,-21.600000000000023]],"np":0,"gp":0,"pr":0,"gpr":0,"fpr":1,"reason":"statistic"}