{"avgHealth":1.9949702497364283,"seeds":[[0,0],[-106.80000000000001,0],[-345.6,0],[213.60000000000002,0],[25.200000000000045,0],[-25.200000000000045,0],[-81.60000000000002,0],[-370.79999999999995,0],[50.40000000000009,0],[-376.8,0],[31.200000000000045,0],[207.60000000000002,0],[-351.6,0],[-304.8,-4.7999999999999545],[-361.2,-4.7999999999999545],[-304.8,-13.200000000000045],[-361.2,-13.200000000000045],[-326.4,0],[-122.39999999999998,-13.200000000000045]],"nseeds":19,"executions":643,"nfe":64800,"gps":[],"lps":[],"fps":[[0,0],[-106.80000000000001,0],[-345.6,0],[213.60000000000002,0],[25.200000000000045,0],[-25.200000000000045,0],[-81.60000000000002,0],[-370.79999999999995,0],[50.40000000000009,0],[-376.8,0],[31.200000000000045,0],[207.60000000000002,0],[-351.6,0],[-304.8,-4.7999999999999545],[-361.2,-4.7999999999999545],[-304.8,-13.200000000000045],[-361.2,-13.200000000000045],[-326.4,0],[-122.39999999999998,-13.200000000000045]],"np":0,"gp":0,"pr":0,"gpr":0,"fpr":1,"reason":"statistic"}