{"avgHealth":1.981517796823107,"seeds":[[56.40000000000009,0],[163.20000000000005,0],[386.4,4.7999999999999545],[386.4,-4.7999999999999545],[-411.6,4.7999999999999545]],"nseeds":5,"executions":711,"nfe":71600,"gps":[],"lps":[],"fps":[[56.40000000000009,0],[163.20000000000005,0],[386.4,4.7999999999999545],[386.4,-4.7999999999999545],[-411.6,4.7999999999999545]],"np":0,"gp":0,"pr":0,"gpr":0,"fpr":1,"reason":"statistic"}