{"avgHealth":1.9813335251044706,"seeds":[[-213.59999999999997,0],[-477.6,0],[477.60000000000014,0],[295.20000000000005,0],[-273.59999999999997,4.7999999999999545],[-213.59999999999997,-8.399999999999977],[-477.6,-8.399999999999977],[477.60000000000014,-8.399999999999977],[295.20000000000005,-8.399999999999977],[188.4000000000001,18],[396,18],[-100.80000000000001,-8.399999999999977],[-138,18],[-342,4.7999999999999545],[-213.59999999999997,26.399999999999977],[295.20000000000005,26.399999999999977],[386.4,21.600000000000023],[-336,21.600000000000023],[292.79999999999995,4.7999999999999545],[248.39999999999998,21.600000000000023],[-512.4,21.600000000000023]],"nseeds":21,"executions":754,"nfe":75900,"gps":[],"lps":[],"fps":[[-213.59999999999997,0],[-477.6,0],[477.60000000000014,0],[295.20000000000005,0],[-273.59999999999997,4.7999999999999545],[-213.59999999999997,-8.399999999999977],[-477.6,-8.399999999999977],[477.60000000000014,-8.399999999999977],[295.20000000000005,-8.399999999999977],[188.4000000000001,18],[396,18],[-100.80000000000001,-8.399999999999977],[-138,18],[-342,4.7999999999999545],[-213.59999999999997,26.399999999999977],[295.20000000000005,26.399999999999977],[386.4,21.600000000000023],[-336,21.600000000000023],[292.79999999999995,4.7999999999999545],[248.39999999999998,21.600000000000023],[-512.4,21.600000000000023]],"np":0,"gp":0,"pr":0,"gpr":0,"fpr":1,"reason":"statistic"}