{"avgHealth":1.9963265579889258,"seeds":[[427.20000000000005,0],[25.200000000000045,0],[-508.8,0],[31.200000000000045,0],[-508.8,9.600000000000023],[427.20000000000005,-26.399999999999977]],"nseeds":6,"executions":615,"nfe":62000,"gps":[],"lps":[],"fps":[[427.20000000000005,0],[25.200000000000045,0],[-508.8,0],[31.200000000000045,0],[-508.8,9.600000000000023],[427.20000000000005,-26.399999999999977]],"np":0,"gp":0,"pr":0,"gpr":0,"fpr":1,"reason":"statistic"}