{"avgHealth":1.9604728246657992,"seeds":[[493.20000000000005,-4.7999999999999545],[493.20000000000005,4.7999999999999545],[-198,4.7999999999999545],[-543.6,4.7999999999999545],[-543.6,-4.7999999999999545],[122.39999999999998,-4.7999999999999545],[122.39999999999998,4.7999999999999545],[330,-4.7999999999999545],[345.6,-8.399999999999977]],"nseeds":9,"executions":723,"nfe":72800,"gps":[],"lps":[],"fps":[[493.20000000000005,-4.7999999999999545],[493.20000000000005,4.7999999999999545],[-198,4.7999999999999545],[-543.6,4.7999999999999545],[-543.6,-4.7999999999999545],[122.39999999999998,-4.7999999999999545],[122.39999999999998,4.7999999999999545],[330,-4.7999999999999545],[345.6,-8.399999999999977]],"np":0,"gp":0,"pr":0,"gpr":0,"fpr":1,"reason":"statistic"}