{"avgHealth":1.994084371737923,"seeds":[[559.2,0],[-106.80000000000001,0],[106.79999999999995,0],[213.60000000000002,0],[-508.8,0],[-31.200000000000045,0],[40.80000000000007,13.200000000000045],[600,13.200000000000045],[594,13.200000000000045],[559.2,-18],[-106.80000000000001,-18],[106.79999999999995,-18],[213.60000000000002,-18],[-46.799999999999955,13.200000000000045],[421.19999999999993,8.399999999999977],[-508.8,-18],[260.4,13.200000000000045]],"nseeds":17,"executions":745,"nfe":75000,"gps":[],"lps":[],"fps":[[559.2,0],[-106.80000000000001,0],[106.79999999999995,0],[213.60000000000002,0],[-508.8,0],[-31.200000000000045,0],[40.80000000000007,13.200000000000045],[600,13.200000000000045],[594,13.200000000000045],[559.2,-18],[-106.80000000000001,-18],[106.79999999999995,-18],[213.60000000000002,-18],[-46.799999999999955,13.200000000000045],[421.19999999999993,8.399999999999977],[-508.8,-18],[260.4,13.200000000000045]],"np":0,"gp":0,"pr":0,"gpr":0,"fpr":1,"reason":"statistic"}