{"avgHealth":1.9587097221127636,"seeds":[[-386.4,4.7999999999999545],[-66,4.7999999999999545],[493.20000000000005,4.7999999999999545],[518.4000000000001,4.7999999999999545],[-40.799999999999955,4.7999999999999545],[600,4.7999999999999545],[600,-4.7999999999999545],[-361.2,4.7999999999999545],[-91.19999999999999,4.7999999999999545],[-386.4,-13.200000000000045],[518.4000000000001,-13.200000000000045],[-336,-4.7999999999999545],[-40.799999999999955,-13.200000000000045],[600,-13.200000000000045],[-361.2,13.200000000000045],[-91.19999999999999,-13.200000000000045],[-97.20000000000005,4.7999999999999545],[-336,-13.200000000000045],[-392.4,-13.200000000000045],[192,4.7999999999999545],[-85.20000000000005,4.7999999999999545],[367.20000000000005,-13.200000000000045],[-85.20000000000005,13.200000000000045],[-85.20000000000005,-13.200000000000045],[-374.4,-13.200000000000045],[-339.6,16.800000000000068]],"nseeds":26,"executions":508,"nfe":51300,"gps":[],"lps":[],"fps":[[-386.4,4.7999999999999545],[-66,4.7999999999999545],[493.20000000000005,4.7999999999999545],[518.4000000000001,4.7999999999999545],[-40.799999999999955,4.7999999999999545],[600,4.7999999999999545],[600,-4.7999999999999545],[-361.2,4.7999999999999545],[-91.19999999999999,4.7999999999999545],[-386.4,-13.200000000000045],[518.4000000000001,-13.200000000000045],[-336,-4.7999999999999545],[-40.799999999999955,-13.200000000000045],[600,-13.200000000000045],[-361.2,13.200000000000045],[-91.19999999999999,-13.200000000000045],[-97.20000000000005,4.7999999999999545],[-336,-13.200000000000045],[-392.4,-13.200000000000045],[192,4.7999999999999545],[-85.20000000000005,4.7999999999999545],[367.20000000000005,-13.200000000000045],[-85.20000000000005,13.200000000000045],[-85.20000000000005,-13.200000000000045],[-374.4,-13.200000000000045],[-339.6,16.800000000000068]],"np":0,"gp":0,"pr":0,"gpr":0,"fpr":1,"reason":"statistic"}