{"avgHealth":1.9911240226622016,"seeds":[[-452.4,0],[-106.80000000000001,0],[238.79999999999995,0],[-427.20000000000005,0],[534,0],[-81.60000000000002,0],[-263.99999999999994,0],[-376.8,0],[-75.60000000000002,0],[-493.2,4.7999999999999545],[553.2,0],[198,4.7999999999999545],[386.4,13.200000000000045],[-493.2,13.200000000000045],[-493.2,-13.200000000000045],[198,-13.200000000000045],[198,13.200000000000045],[-427.20000000000005,18]],"nseeds":18,"executions":719,"nfe":72400,"gps":[],"lps":[],"fps":[[-452.4,0],[-106.80000000000001,0],[238.79999999999995,0],[-427.20000000000005,0],[534,0],[-81.60000000000002,0],[-263.99999999999994,0],[-376.8,0],[-75.60000000000002,0],[-493.2,4.7999999999999545],[553.2,0],[198,4.7999999999999545],[386.4,13.200000000000045],[-493.2,13.200000000000045],[-493.2,-13.200000000000045],[198,-13.200000000000045],[198,13.200000000000045],[-427.20000000000005,18]],"np":0,"gp":0,"pr":0,"gpr":0,"fpr":1,"reason":"statistic"}