{"avgHealth":1.9616276060271525,"seeds":[[386.4,-4.7999999999999545],[386.4,4.7999999999999545],[493.20000000000005,4.7999999999999545],[493.20000000000005,-4.7999999999999545],[147.60000000000002,4.7999999999999545],[442.79999999999995,-4.7999999999999545],[442.79999999999995,4.7999999999999545],[-417.6,4.7999999999999545],[-417.6,-4.7999999999999545],[-433.2,-8.399999999999977],[135.60000000000002,4.7999999999999545]],"nseeds":11,"executions":823,"nfe":82800,"gps":[],"lps":[],"fps":[[386.4,-4.7999999999999545],[386.4,4.7999999999999545],[493.20000000000005,4.7999999999999545],[493.20000000000005,-4.7999999999999545],[147.60000000000002,4.7999999999999545],[442.79999999999995,-4.7999999999999545],[442.79999999999995,4.7999999999999545],[-417.6,4.7999999999999545],[-417.6,-4.7999999999999545],[-433.2,-8.399999999999977],[135.60000000000002,4.7999999999999545]],"np":0,"gp":0,"pr":0,"gpr":0,"fpr":1,"reason":"statistic"}