{"avgHealth":338.96798893688936,"seeds":[[0.247],[0.682],[0.932],[0.449],[0.082],[0.943],[0.672],[0.46],[0.237],[0.92],[0.072],[0.695],[0.438],[0.258],[0.953],[0.662],[0.908],[0.095],[0.963],[0.225],[0.651],[0.898],[0.415],[0.639],[0.887],[0.111],[0.991],[0.736],[0.875],[0.865],[0.198],[0.511],[0.615],[0.001],[0.75],[0.387],[0.855],[0.188],[0.129],[0.763],[0.527],[0.845],[0.773],[0.371],[0.32],[0.591],[0.177],[0.833],[0.14],[0.787],[0.577],[0.819],[0.014],[0.353],[0.151],[0.163],[0.799]],"nseeds":57,"executions":16,"nfe":2100,"gps":[[0.247],[0.682],[0.932],[0.449],[0.082]],"lps":[],"fps":[[0.943],[0.672],[0.46],[0.237],[0.92],[0.072],[0.695],[0.438],[0.258],[0.953],[0.662],[0.908],[0.095],[0.963],[0.225],[0.651],[0.898],[0.415],[0.639],[0.887],[0.111],[0.991],[0.736],[0.875],[0.865],[0.198],[0.511],[0.615],[0.001],[0.75],[0.387],[0.855],[0.188],[0.129],[0.763],[0.527],[0.845],[0.773],[0.371],[0.32],[0.591],[0.177],[0.833],[0.14],[0.787],[0.577],[0.819],[0.014],[0.353],[0.151],[0.163],[0.799]],"np":5,"gp":5,"pr":0.08771929824561403,"gpr":1,"fpr":0.9122807017543859,"reason":"statistic"}