{"avgHealth":171.6270269467351,"seeds":[[0.934],[0.451],[0.681],[0.08],[0.248],[0.924],[0.671],[0.238],[0.44],[0.694],[0.463],[0.949],[0.259],[0.914],[0.069],[0.661],[0.704],[0.43],[0.959],[0.094],[0.227],[0.475],[0.9],[0.272],[0.714],[0.648],[0.972],[0.059],[0.487],[0.414],[0.215],[0.105],[0.889],[0.638],[0.982],[0.283],[0.729],[0.497],[0.878],[0.403],[0.628],[0.205],[0.994],[0.739],[0.293],[0.116],[0.749],[0.862],[0.615],[0.391],[0.001],[0.514],[0.194],[0.041],[0.307],[0.76],[0.128],[0.849],[0.603],[0.525],[0.377],[0.183],[0.77],[0.317],[0.838],[0.535],[0.591],[0.031],[0.366],[0.78],[0.142],[0.173],[0.824],[0.012],[0.331],[0.578],[0.79],[0.55],[0.353],[0.812],[0.153],[0.341],[0.801],[0.56]],"nseeds":84,"executions":9,"nfe":1400,"gps":[[0.934],[0.451],[0.681],[0.08],[0.248]],"lps":[],"fps":[[0.924],[0.671],[0.238],[0.44],[0.694],[0.463],[0.949],[0.259],[0.914],[0.069],[0.661],[0.704],[0.43],[0.959],[0.094],[0.227],[0.475],[0.9],[0.272],[0.714],[0.648],[0.972],[0.059],[0.487],[0.414],[0.215],[0.105],[0.889],[0.638],[0.982],[0.283],[0.729],[0.497],[0.878],[0.403],[0.628],[0.205],[0.994],[0.739],[0.293],[0.116],[0.749],[0.862],[0.615],[0.391],[0.001],[0.514],[0.194],[0.041],[0.307],[0.76],[0.128],[0.849],[0.603],[0.525],[0.377],[0.183],[0.77],[0.317],[0.838],[0.535],[0.591],[0.031],[0.366],[0.78],[0.142],[0.173],[0.824],[0.012],[0.331],[0.578],[0.79],[0.55],[0.353],[0.812],[0.153],[0.341],[0.801],[0.56]],"np":5,"gp":5,"pr":0.05952380952380952,"gpr":1,"fpr":0.9404761904761905,"reason":"statistic"}