{"avgHealth":244.390077113525,"seeds":[[0.08],[0.246],[0.935],[0.683],[0.453],[0.925],[0.673],[0.442],[0.946],[0.256],[0.695],[0.463],[0.235],[0.914],[0.069],[0.091],[0.661],[0.957],[0.43],[0.708],[0.475],[0.268],[0.904],[0.651],[0.223],[0.97],[0.42],[0.101],[0.059],[0.49],[0.725],[0.981],[0.211],[0.284],[0.633],[0.405],[0.991],[0.877],[0.5],[0.113],[0.621],[0.046],[0.197],[0.748],[0.299],[0.001],[0.86],[0.125],[0.85],[0.525],[0.598],[0.034],[0.18],[0.141],[0.541],[0.364],[0.828],[0.787],[0.014],[0.816],[0.555],[0.339],[0.161],[0.8]],"nseeds":64,"executions":16,"nfe":2100,"gps":[[0.08],[0.246],[0.935],[0.683],[0.453]],"lps":[],"fps":[[0.925],[0.673],[0.442],[0.946],[0.256],[0.695],[0.463],[0.235],[0.914],[0.069],[0.091],[0.661],[0.957],[0.43],[0.708],[0.475],[0.268],[0.904],[0.651],[0.223],[0.97],[0.42],[0.101],[0.059],[0.49],[0.725],[0.981],[0.211],[0.284],[0.633],[0.405],[0.991],[0.877],[0.5],[0.113],[0.621],[0.046],[0.197],[0.748],[0.299],[0.001],[0.86],[0.125],[0.85],[0.525],[0.598],[0.034],[0.18],[0.141],[0.541],[0.364],[0.828],[0.787],[0.014],[0.816],[0.555],[0.339],[0.161],[0.8]],"np":5,"gp":5,"pr":0.078125,"gpr":1,"fpr":0.921875,"reason":"statistic"}