{"avgHealth":0.8835242944314939,"seeds":[[0.934],[0.451],[0.681],[0.247],[0.081],[0.436],[0.092],[0.263],[0.47],[0.23],[0.067],[0.905],[0.964],[0.71],[0.422],[0.649],[0.22],[0.281],[0.113],[0.501],[1.017],[0.297],[0.392],[0.855],[0.188],[0.604],[0.311],[0.377],[0.84],[0.321],[0.776],[0.175],[0.584],[0.822],[0.548],[0.337],[0.568],[0.348]],"nseeds":38,"executions":381,"nfe":38600,"gps":[[0.934],[0.451],[0.681],[0.247],[0.081]],"lps":[],"fps":[[0.436],[0.092],[0.263],[0.47],[0.23],[0.067],[0.905],[0.964],[0.71],[0.422],[0.649],[0.22],[0.281],[0.113],[0.501],[1.017],[0.297],[0.392],[0.855],[0.188],[0.604],[0.311],[0.377],[0.84],[0.321],[0.776],[0.175],[0.584],[0.822],[0.548],[0.337],[0.568],[0.348]],"np":5,"gp":5,"pr":0.13157894736842105,"gpr":1,"fpr":0.868421052631579,"reason":"statistic"}