{"avgHealth":0.9346420419843153,"seeds":[[0.934],[0.451],[0.681],[0.247],[0.08],[0.26],[0.233],[0.091],[0.47],[0.067],[0.905],[0.425],[0.27],[0.65],[0.894],[0.217],[0.883],[0.285],[0.998],[0.87],[1.013],[0.119],[0.759],[0.375],[0.592],[0.137],[0.178],[0.321],[0.008],[0.776],[0.543],[0.149],[0.351]],"nseeds":33,"executions":305,"nfe":31000,"gps":[[0.934],[0.451],[0.681],[0.247],[0.08]],"lps":[],"fps":[[0.26],[0.233],[0.091],[0.47],[0.067],[0.905],[0.425],[0.27],[0.65],[0.894],[0.217],[0.883],[0.285],[0.998],[0.87],[1.013],[0.119],[0.759],[0.375],[0.592],[0.137],[0.178],[0.321],[0.008],[0.776],[0.543],[0.149],[0.351]],"np":5,"gp":5,"pr":0.15151515151515152,"gpr":1,"fpr":0.8484848484848485,"reason":"statistic"}