{"avgHealth":0.9080993921382702,"seeds":[[0.934],[0.451],[0.681],[0.247],[0.08],[0.945],[0.669],[0.919],[0.262],[0.092],[0.705],[0.962],[0.475],[0.226],[0.425],[0.061],[0.278],[0.889],[0.49],[0.106],[0.411],[0.874],[1.011],[0.394],[0.196],[0.382],[0.312],[0.769],[0.531],[0.136],[0.323],[0.175],[0.828],[0.148],[0.573],[0.348],[0.158]],"nseeds":37,"executions":159,"nfe":16400,"gps":[[0.934],[0.451],[0.681],[0.247],[0.08]],"lps":[],"fps":[[0.945],[0.669],[0.919],[0.262],[0.092],[0.705],[0.962],[0.475],[0.226],[0.425],[0.061],[0.278],[0.889],[0.49],[0.106],[0.411],[0.874],[1.011],[0.394],[0.196],[0.382],[0.312],[0.769],[0.531],[0.136],[0.323],[0.175],[0.828],[0.148],[0.573],[0.348],[0.158]],"np":5,"gp":5,"pr":0.13513513513513514,"gpr":1,"fpr":0.8648648648648649,"reason":"statistic"}