{"avgHealth":0.8827152983174019,"seeds":[[0.934],[0.451],[0.681],[0.247],[0.947],[0.259],[0.465],[0.433],[0.067],[0.229],[0.708],[0.963],[0.476],[0.644],[0.217],[0.487],[0.978],[0.052],[0.629],[0.206],[0.739],[0.503],[0.998],[0.294],[0.119],[0.75],[0.516],[0.385],[0.766],[0.843],[0.595],[0.32],[0.776],[0.139],[0.029],[0.828],[0.547],[0.579],[0.817],[0.567],[0.348],[0.803]],"nseeds":42,"executions":458,"nfe":46300,"gps":[[0.934],[0.451],[0.681],[0.247]],"lps":[],"fps":[[0.947],[0.259],[0.465],[0.433],[0.067],[0.229],[0.708],[0.963],[0.476],[0.644],[0.217],[0.487],[0.978],[0.052],[0.629],[0.206],[0.739],[0.503],[0.998],[0.294],[0.119],[0.75],[0.516],[0.385],[0.766],[0.843],[0.595],[0.32],[0.776],[0.139],[0.029],[0.828],[0.547],[0.579],[0.817],[0.567],[0.348],[0.803]],"np":4,"gp":4,"pr":0.09523809523809523,"gpr":0.8,"fpr":0.9047619047619048,"reason":"statistic"}