{"avgHealth":160.70405247017376,"seeds":[[0.934],[0.451],[0.68],[0.248],[0.078],[0.691],[0.461],[0.919],[0.438],[0.089],[0.951],[0.259],[0.664],[0.701],[0.23],[0.067],[0.473],[0.905],[0.654],[0.269],[0.965],[0.711],[0.423],[0.101],[0.219],[0.894],[0.643],[0.977],[0.722],[0.488],[0.279],[0.411],[0.053],[0.987],[0.209],[0.632],[0.733],[0.5],[0.113],[0.29],[0.875],[0.4],[0.743],[0.51],[0.616],[0.043],[0.195],[0.86],[0.124],[0.386],[0.305],[0.758],[0.85],[0.524],[0.768],[0.375],[0.597],[0.182],[0.134],[0.317],[0.84],[0.534],[0.031],[0.778],[0.365],[0.829],[0.328],[0.145],[0.547],[0.579],[0.012],[0.169],[0.789],[0.817],[0.352],[0.569],[0.558],[0.802],[0.159]],"nseeds":79,"executions":9,"nfe":1400,"gps":[[0.934],[0.451],[0.68],[0.248],[0.078]],"lps":[],"fps":[[0.691],[0.461],[0.919],[0.438],[0.089],[0.951],[0.259],[0.664],[0.701],[0.23],[0.067],[0.473],[0.905],[0.654],[0.269],[0.965],[0.711],[0.423],[0.101],[0.219],[0.894],[0.643],[0.977],[0.722],[0.488],[0.279],[0.411],[0.053],[0.987],[0.209],[0.632],[0.733],[0.5],[0.113],[0.29],[0.875],[0.4],[0.743],[0.51],[0.616],[0.043],[0.195],[0.86],[0.124],[0.386],[0.305],[0.758],[0.85],[0.524],[0.768],[0.375],[0.597],[0.182],[0.134],[0.317],[0.84],[0.534],[0.031],[0.778],[0.365],[0.829],[0.328],[0.145],[0.547],[0.579],[0.012],[0.169],[0.789],[0.817],[0.352],[0.569],[0.558],[0.802],[0.159]],"np":5,"gp":5,"pr":0.06329113924050633,"gpr":1,"fpr":0.9367088607594937,"reason":"statistic"}