{"avgHealth":156.53124785303746,"seeds":[[0.451],[0.08],[0.246],[0.932],[0.679],[0.943],[0.69],[0.461],[0.669],[0.92],[0.438],[0.234],[0.7],[0.262],[0.959],[0.658],[0.094],[0.428],[0.905],[0.476],[0.063],[0.224],[0.272],[0.969],[0.716],[0.646],[0.895],[0.418],[0.981],[0.885],[0.635],[0.284],[0.494],[0.053],[0.21],[0.407],[0.11],[0.733],[0.993],[0.874],[0.623],[0.294],[0.743],[0.507],[0.395],[0.864],[0.196],[0.123],[0.612],[0.755],[0.305],[0.519],[0.038],[0.848],[0.185],[0.378],[0.6],[0.766],[0.005],[0.529],[0.315],[0.837],[0.139],[0.366],[0.54],[0.325],[0.173],[0.783],[0.827],[0.027],[0.582],[0.55],[0.356],[0.335],[0.793],[0.572],[0.814],[0.016],[0.154],[0.56],[0.803]],"nseeds":81,"executions":9,"nfe":1400,"gps":[[0.451],[0.08],[0.246],[0.932],[0.679]],"lps":[],"fps":[[0.943],[0.69],[0.461],[0.669],[0.92],[0.438],[0.234],[0.7],[0.262],[0.959],[0.658],[0.094],[0.428],[0.905],[0.476],[0.063],[0.224],[0.272],[0.969],[0.716],[0.646],[0.895],[0.418],[0.981],[0.885],[0.635],[0.284],[0.494],[0.053],[0.21],[0.407],[0.11],[0.733],[0.993],[0.874],[0.623],[0.294],[0.743],[0.507],[0.395],[0.864],[0.196],[0.123],[0.612],[0.755],[0.305],[0.519],[0.038],[0.848],[0.185],[0.378],[0.6],[0.766],[0.005],[0.529],[0.315],[0.837],[0.139],[0.366],[0.54],[0.325],[0.173],[0.783],[0.827],[0.027],[0.582],[0.55],[0.356],[0.335],[0.793],[0.572],[0.814],[0.016],[0.154],[0.56],[0.803]],"np":5,"gp":5,"pr":0.06172839506172839,"gpr":1,"fpr":0.9382716049382716,"reason":"statistic"}