{"avgHealth":0.8748625896164876,"seeds":[[0.934],[0.451],[0.247],[0.08],[0.678],[0.668],[0.235],[0.262],[0.092],[0.431],[0.473],[0.707],[0.966],[0.651],[0.222],[0.42],[0.06],[0.276],[0.486],[0.979],[0.887],[0.729],[0.631],[0.873],[1.02],[0.392],[0.195],[0.859],[0.61],[0.038],[0.381],[0.183],[0.316],[0.136],[0.592],[0.369],[0.776],[0.326],[0.546],[0.359],[0.169],[0.572],[0.337],[0.348]],"nseeds":44,"executions":372,"nfe":37700,"gps":[[0.934],[0.451],[0.247],[0.08],[0.678]],"lps":[],"fps":[[0.668],[0.235],[0.262],[0.092],[0.431],[0.473],[0.707],[0.966],[0.651],[0.222],[0.42],[0.06],[0.276],[0.486],[0.979],[0.887],[0.729],[0.631],[0.873],[1.02],[0.392],[0.195],[0.859],[0.61],[0.038],[0.381],[0.183],[0.316],[0.136],[0.592],[0.369],[0.776],[0.326],[0.546],[0.359],[0.169],[0.572],[0.337],[0.348]],"np":5,"gp":5,"pr":0.11363636363636363,"gpr":1,"fpr":0.8863636363636364,"reason":"statistic"}