{"avgHealth":0.8883502552860375,"seeds":[[0.934],[0.451],[0.681],[0.247],[0.08],[0.692],[0.439],[0.258],[0.464],[0.091],[0.231],[0.706],[0.962],[0.903],[0.478],[0.422],[0.219],[0.719],[0.889],[0.635],[0.73],[0.285],[0.879],[0.625],[0.298],[0.393],[0.748],[0.615],[0.128],[0.188],[0.848],[0.311],[0.601],[0.529],[0.836],[0.176],[0.326],[0.786],[0.547],[0.165],[0.336],[0.353],[0.571],[0.798],[0.016]],"nseeds":45,"executions":122,"nfe":12700,"gps":[[0.934],[0.451],[0.681],[0.247],[0.08]],"lps":[],"fps":[[0.692],[0.439],[0.258],[0.464],[0.091],[0.231],[0.706],[0.962],[0.903],[0.478],[0.422],[0.219],[0.719],[0.889],[0.635],[0.73],[0.285],[0.879],[0.625],[0.298],[0.393],[0.748],[0.615],[0.128],[0.188],[0.848],[0.311],[0.601],[0.529],[0.836],[0.176],[0.326],[0.786],[0.547],[0.165],[0.336],[0.353],[0.571],[0.798],[0.016]],"np":5,"gp":5,"pr":0.1111111111111111,"gpr":1,"fpr":0.8888888888888888,"reason":"statistic"}