{"avgHealth":0.9055156092591484,"seeds":[[0.934],[0.451],[0.681],[0.247],[0.08],[0.257],[0.438],[0.233],[0.7],[0.662],[0.472],[0.428],[0.095],[0.905],[0.648],[0.219],[0.277],[0.888],[0.982],[0.729],[0.11],[0.208],[0.874],[0.503],[0.863],[0.39],[0.61],[0.757],[0.129],[0.375],[0.777],[0.009],[0.328],[0.582],[0.026],[0.167],[0.572],[0.341]],"nseeds":38,"executions":303,"nfe":30800,"gps":[[0.934],[0.451],[0.681],[0.247],[0.08]],"lps":[],"fps":[[0.257],[0.438],[0.233],[0.7],[0.662],[0.472],[0.428],[0.095],[0.905],[0.648],[0.219],[0.277],[0.888],[0.982],[0.729],[0.11],[0.208],[0.874],[0.503],[0.863],[0.39],[0.61],[0.757],[0.129],[0.375],[0.777],[0.009],[0.328],[0.582],[0.026],[0.167],[0.572],[0.341]],"np":5,"gp":5,"pr":0.13157894736842105,"gpr":1,"fpr":0.868421052631579,"reason":"statistic"}