{"avgHealth":0.8604704624664964,"seeds":[[0.934],[0.451],[0.681],[0.247],[0.08],[0.441],[0.921],[0.463],[0.953],[0.261],[0.091],[0.068],[0.23],[0.431],[0.705],[0.968],[0.649],[0.481],[0.897],[0.22],[0.104],[0.728],[0.21],[0.405],[0.876],[0.628],[0.993],[1.004],[1.014],[0.117],[0.198],[0.748],[0.862],[0.613],[0.385],[0.519],[0.759],[0.308],[0.186],[0.374],[0.77],[0.838],[0.591],[0.323],[0.141],[0.358],[0.167],[0.334],[0.347]],"nseeds":49,"executions":117,"nfe":12200,"gps":[[0.934],[0.451],[0.681],[0.247],[0.08]],"lps":[],"fps":[[0.441],[0.921],[0.463],[0.953],[0.261],[0.091],[0.068],[0.23],[0.431],[0.705],[0.968],[0.649],[0.481],[0.897],[0.22],[0.104],[0.728],[0.21],[0.405],[0.876],[0.628],[0.993],[1.004],[1.014],[0.117],[0.198],[0.748],[0.862],[0.613],[0.385],[0.519],[0.759],[0.308],[0.186],[0.374],[0.77],[0.838],[0.591],[0.323],[0.141],[0.358],[0.167],[0.334],[0.347]],"np":5,"gp":5,"pr":0.10204081632653061,"gpr":1,"fpr":0.8979591836734694,"reason":"statistic"}