{"avgHealth":0.8425393357050012,"seeds":[[0.934],[0.451],[0.681],[0.247],[0.08],[0.441],[0.668],[0.952],[0.091],[0.47],[0.703],[0.23],[0.908],[0.962],[0.064],[0.481],[0.897],[0.716],[0.219],[0.276],[0.416],[0.979],[0.726],[0.884],[0.736],[0.993],[0.205],[0.115],[0.293],[0.867],[0.618],[0.75],[0.39],[0.041],[0.857],[0.304],[0.518],[0.191],[0.608],[0.377],[0.314],[0.773],[0.54],[0.141],[0.83],[0.58],[0.818],[0.8]],"nseeds":48,"executions":125,"nfe":13000,"gps":[[0.934],[0.451],[0.681],[0.247],[0.08]],"lps":[],"fps":[[0.441],[0.668],[0.952],[0.091],[0.47],[0.703],[0.23],[0.908],[0.962],[0.064],[0.481],[0.897],[0.716],[0.219],[0.276],[0.416],[0.979],[0.726],[0.884],[0.736],[0.993],[0.205],[0.115],[0.293],[0.867],[0.618],[0.75],[0.39],[0.041],[0.857],[0.304],[0.518],[0.191],[0.608],[0.377],[0.314],[0.773],[0.54],[0.141],[0.83],[0.58],[0.818],[0.8]],"np":5,"gp":5,"pr":0.10416666666666667,"gpr":1,"fpr":0.8958333333333334,"reason":"statistic"}