{"avgHealth":0.9125041580043862,"seeds":[[0.934],[0.451],[0.681],[0.247],[0.08],[0.67],[0.693],[0.463],[0.262],[0.231],[0.956],[0.909],[0.429],[0.707],[0.474],[0.65],[0.216],[0.725],[0.495],[0.116],[0.2],[0.75],[0.301],[0.851],[0.761],[0.183],[0.375],[0.316],[0.137],[0.776],[0.009],[0.326],[0.361],[0.549],[0.572],[0.337],[0.348]],"nseeds":37,"executions":355,"nfe":36000,"gps":[[0.934],[0.451],[0.681],[0.247],[0.08]],"lps":[],"fps":[[0.67],[0.693],[0.463],[0.262],[0.231],[0.956],[0.909],[0.429],[0.707],[0.474],[0.65],[0.216],[0.725],[0.495],[0.116],[0.2],[0.75],[0.301],[0.851],[0.761],[0.183],[0.375],[0.316],[0.137],[0.776],[0.009],[0.326],[0.361],[0.549],[0.572],[0.337],[0.348]],"np":5,"gp":5,"pr":0.13513513513513514,"gpr":1,"fpr":0.8648648648648649,"reason":"statistic"}