{"avgHealth":0.8968726991482835,"seeds":[[0.08,0.084],[0.078,0.074],[0.08,0.248],[0.244,0.077],[0.252,0.084],[0.248,0.25],[0.076,0.238],[0.243,0.241],[0.09,0.079],[0.086,0.239],[0.236,0.084],[0.236,0.249],[0.256,0.241],[0.261,0.078],[0.088,0.256],[0.08,0.449],[0.07,0.255],[0.256,0.256],[0.067,0.084],[0.248,0.231],[0.08,0.439],[0.077,0.459],[0.248,0.45],[0.083,0.229],[0.239,0.068],[0.232,0.239],[0.444,0.249],[0.088,0.067],[0.264,0.248],[0.077,0.096],[0.083,0.266],[0.252,0.066],[0.437,0.075],[0.077,0.064],[0.095,0.245],[0.248,0.461],[0.077,0.113],[0.211,0.449],[0.248,0.192]],"nseeds":39,"executions":690,"nfe":69500,"gps":[],"lps":[[0.08,0.248],[0.243,0.241],[0.08,0.449]],"fps":[[0.08,0.084],[0.078,0.074],[0.244,0.077],[0.252,0.084],[0.248,0.25],[0.076,0.238],[0.09,0.079],[0.086,0.239],[0.236,0.084],[0.236,0.249],[0.256,0.241],[0.261,0.078],[0.088,0.256],[0.07,0.255],[0.256,0.256],[0.067,0.084],[0.248,0.231],[0.08,0.439],[0.077,0.459],[0.248,0.45],[0.083,0.229],[0.239,0.068],[0.232,0.239],[0.444,0.249],[0.088,0.067],[0.264,0.248],[0.077,0.096],[0.083,0.266],[0.252,0.066],[0.437,0.075],[0.077,0.064],[0.095,0.245],[0.248,0.461],[0.077,0.113],[0.211,0.449],[0.248,0.192]],"np":3,"gp":0,"pr":0.07692307692307693,"gpr":0,"lp":3,"lpr":0.75,"fpr":0.9230769230769231,"reason":"statistic"}