{"avgHealth":0.8790406049388478,"seeds":[[0.08,0.08],[0.078,0.247],[0.249,0.077],[0.245,0.247],[0.238,0.084],[0.074,0.072],[0.084,0.255],[0.087,0.072],[0.238,0.073],[0.259,0.077],[0.074,0.257],[0.257,0.247],[0.249,0.257],[0.078,0.092],[0.239,0.255],[0.078,0.231],[0.448,0.08],[0.079,0.446],[0.257,0.089],[0.092,0.242],[0.458,0.08],[0.094,0.084],[0.448,0.247],[0.238,0.233],[0.25,0.452],[0.23,0.249],[0.249,0.066],[0.458,0.247],[0.227,0.082],[0.064,0.079],[0.083,0.464],[0.241,0.44],[0.453,0.089],[0.085,0.266],[0.433,0.077],[0.453,0.257],[0.442,0.256],[0.448,0.235],[0.048,0.445],[0.448,0.31],[0.004,0.095]],"nseeds":41,"executions":637,"nfe":64200,"gps":[[0.08,0.08]],"lps":[[0.078,0.247],[0.249,0.077],[0.245,0.247],[0.453,0.089]],"fps":[[0.238,0.084],[0.074,0.072],[0.084,0.255],[0.087,0.072],[0.238,0.073],[0.259,0.077],[0.074,0.257],[0.257,0.247],[0.249,0.257],[0.078,0.092],[0.239,0.255],[0.078,0.231],[0.448,0.08],[0.079,0.446],[0.257,0.089],[0.092,0.242],[0.458,0.08],[0.094,0.084],[0.448,0.247],[0.238,0.233],[0.25,0.452],[0.23,0.249],[0.249,0.066],[0.458,0.247],[0.227,0.082],[0.064,0.079],[0.083,0.464],[0.241,0.44],[0.085,0.266],[0.433,0.077],[0.453,0.257],[0.442,0.256],[0.448,0.235],[0.048,0.445],[0.448,0.31],[0.004,0.095]],"np":5,"gp":1,"pr":0.12195121951219512,"gpr":1,"lp":4,"lpr":1,"fpr":0.8780487804878049,"reason":"statistic"}