{"avgHealth":0.8365531545681708,"seeds":[[0.079,0.078],[0.08,0.246],[0.241,0.078],[0.252,0.078],[0.087,0.085],[0.242,0.245],[0.252,0.244],[0.077,0.236],[0.089,0.075],[0.244,0.255],[0.243,0.09],[0.08,0.449],[0.451,0.078],[0.232,0.085],[0.261,0.086],[0.242,0.232],[0.091,0.255],[0.249,0.067],[0.086,0.231],[0.08,0.439],[0.449,0.249],[0.249,0.45],[0.231,0.241],[0.065,0.076],[0.072,0.093],[0.253,0.231],[0.463,0.078],[0.239,0.449],[0.458,0.242],[0.247,0.439],[0.259,0.069],[0.228,0.074],[0.065,0.247],[0.248,0.462],[0.228,0.251],[0.259,0.26],[0.449,0.236],[0.096,0.246],[0.07,0.453],[0.452,0.09],[0.459,0.255],[0.259,0.451],[0.095,0.236],[0.43,0.075],[0.468,0.244],[0.252,0.268],[0.259,0.439],[0.448,0.449],[0.231,0.23],[0.428,0.245],[0.231,0.442],[0.067,0.441],[0.092,0.265],[0.246,0.472],[0.082,0.475],[0.08,0.677],[0.245,0.1],[0.452,0.459],[0.455,0.441],[0.272,0.246],[0.12,0.227],[0.135,0.456],[0.009,0.229]],"nseeds":63,"executions":663,"nfe":66800,"gps":[],"lps":[[0.08,0.246],[0.08,0.449],[0.451,0.078],[0.449,0.249],[0.249,0.45],[0.08,0.677]],"fps":[[0.079,0.078],[0.241,0.078],[0.252,0.078],[0.087,0.085],[0.242,0.245],[0.252,0.244],[0.077,0.236],[0.089,0.075],[0.244,0.255],[0.243,0.09],[0.232,0.085],[0.261,0.086],[0.242,0.232],[0.091,0.255],[0.249,0.067],[0.086,0.231],[0.08,0.439],[0.231,0.241],[0.065,0.076],[0.072,0.093],[0.253,0.231],[0.463,0.078],[0.239,0.449],[0.458,0.242],[0.247,0.439],[0.259,0.069],[0.228,0.074],[0.065,0.247],[0.248,0.462],[0.228,0.251],[0.259,0.26],[0.449,0.236],[0.096,0.246],[0.07,0.453],[0.452,0.09],[0.459,0.255],[0.259,0.451],[0.095,0.236],[0.43,0.075],[0.468,0.244],[0.252,0.268],[0.259,0.439],[0.448,0.449],[0.231,0.23],[0.428,0.245],[0.231,0.442],[0.067,0.441],[0.092,0.265],[0.246,0.472],[0.082,0.475],[0.245,0.1],[0.452,0.459],[0.455,0.441],[0.272,0.246],[0.12,0.227],[0.135,0.456],[0.009,0.229]],"np":6,"gp":0,"pr":0.09523809523809523,"gpr":0,"lp":6,"lpr":1.5,"fpr":0.9047619047619048,"reason":"statistic"}