{"avgHealth":0.9400996276553267,"seeds":[[0.079,0.08],[0.08,0.247],[0.245,0.08],[0.245,0.247],[0.074,0.239],[0.254,0.074],[0.077,0.07],[0.077,0.09],[0.069,0.081],[0.084,0.257],[0.234,0.081],[0.253,0.24],[0.254,0.087],[0.254,0.252],[0.073,0.255],[0.086,0.236],[0.243,0.09],[0.092,0.082],[0.242,0.257],[0.205,0.071],[0.126,0.209]],"nseeds":21,"executions":813,"nfe":81800,"gps":[],"lps":[[0.08,0.247],[0.245,0.08],[0.245,0.247]],"fps":[[0.079,0.08],[0.074,0.239],[0.254,0.074],[0.077,0.07],[0.077,0.09],[0.069,0.081],[0.084,0.257],[0.234,0.081],[0.253,0.24],[0.254,0.087],[0.254,0.252],[0.073,0.255],[0.086,0.236],[0.243,0.09],[0.092,0.082],[0.242,0.257],[0.205,0.071],[0.126,0.209]],"np":3,"gp":0,"pr":0.14285714285714285,"gpr":0,"lp":3,"lpr":0.75,"fpr":0.8571428571428571,"reason":"statistic"}