{"avgHealth":0.8827602473607019,"seeds":[[0.085,0.081],[0.247,0.083],[0.083,0.243],[0.25,0.245],[0.078,0.256],[0.076,0.071],[0.236,0.081],[0.07,0.081],[0.072,0.245],[0.245,0.072],[0.079,0.09],[0.239,0.245],[0.243,0.255],[0.259,0.081],[0.08,0.233],[0.244,0.236],[0.254,0.255],[0.09,0.072],[0.081,0.45],[0.255,0.236],[0.081,0.44],[0.245,0.093],[0.246,0.449],[0.451,0.247],[0.44,0.076],[0.09,0.258],[0.09,0.234],[0.245,0.439],[0.458,0.087],[0.071,0.449],[0.25,0.015],[0.016,0.09]],"nseeds":32,"executions":755,"nfe":76000,"gps":[],"lps":[[0.247,0.083],[0.243,0.255],[0.451,0.247]],"fps":[[0.085,0.081],[0.083,0.243],[0.25,0.245],[0.078,0.256],[0.076,0.071],[0.236,0.081],[0.07,0.081],[0.072,0.245],[0.245,0.072],[0.079,0.09],[0.239,0.245],[0.259,0.081],[0.08,0.233],[0.244,0.236],[0.254,0.255],[0.09,0.072],[0.081,0.45],[0.255,0.236],[0.081,0.44],[0.245,0.093],[0.246,0.449],[0.44,0.076],[0.09,0.258],[0.09,0.234],[0.245,0.439],[0.458,0.087],[0.071,0.449],[0.25,0.015],[0.016,0.09]],"np":3,"gp":0,"pr":0.09375,"gpr":0,"lp":3,"lpr":0.75,"fpr":0.90625,"reason":"statistic"}