{"avgHealth":0.941768704930863,"seeds":[[0.08,0.08],[0.247,0.08],[0.079,0.246],[0.246,0.246],[0.078,0.236],[0.071,0.085],[0.084,0.256],[0.255,0.074],[0.09,0.083],[0.241,0.072],[0.234,0.081],[0.089,0.245],[0.254,0.24],[0.244,0.236],[0.084,0.069],[0.073,0.256],[0.241,0.089],[0.243,0.168],[0.234,0.005]],"nseeds":19,"executions":856,"nfe":86100,"gps":[[0.08,0.08]],"lps":[[0.247,0.08]],"fps":[[0.079,0.246],[0.246,0.246],[0.078,0.236],[0.071,0.085],[0.084,0.256],[0.255,0.074],[0.09,0.083],[0.241,0.072],[0.234,0.081],[0.089,0.245],[0.254,0.24],[0.244,0.236],[0.084,0.069],[0.073,0.256],[0.241,0.089],[0.243,0.168],[0.234,0.005]],"np":2,"gp":1,"pr":0.10526315789473684,"gpr":1,"lp":1,"lpr":0.25,"fpr":0.8947368421052632,"reason":"statistic"}