{"avgHealth":0.893803441963295,"seeds":[[0.079,0.083],[0.246,0.08],[0.08,0.248],[0.08,0.073],[0.246,0.247],[0.084,0.238],[0.236,0.08],[0.258,0.08],[0.07,0.076],[0.082,0.258],[0.091,0.082],[0.254,0.253],[0.073,0.236],[0.09,0.251],[0.239,0.256],[0.234,0.244],[0.08,0.449],[0.45,0.08],[0.068,0.248],[0.253,0.069],[0.09,0.071],[0.239,0.069],[0.075,0.093],[0.248,0.261],[0.246,0.452],[0.452,0.248],[0.438,0.08],[0.239,0.232],[0.263,0.248],[0.462,0.081],[0.442,0.248],[0.086,0.094],[0.253,0.231],[0.069,0.258],[0.452,0.238],[0.12,0.26],[0.116,0.064]],"nseeds":37,"executions":748,"nfe":75300,"gps":[],"lps":[[0.08,0.248],[0.08,0.449]],"fps":[[0.079,0.083],[0.246,0.08],[0.08,0.073],[0.246,0.247],[0.084,0.238],[0.236,0.08],[0.258,0.08],[0.07,0.076],[0.082,0.258],[0.091,0.082],[0.254,0.253],[0.073,0.236],[0.09,0.251],[0.239,0.256],[0.234,0.244],[0.45,0.08],[0.068,0.248],[0.253,0.069],[0.09,0.071],[0.239,0.069],[0.075,0.093],[0.248,0.261],[0.246,0.452],[0.452,0.248],[0.438,0.08],[0.239,0.232],[0.263,0.248],[0.462,0.081],[0.442,0.248],[0.086,0.094],[0.253,0.231],[0.069,0.258],[0.452,0.238],[0.12,0.26],[0.116,0.064]],"np":2,"gp":0,"pr":0.05405405405405406,"gpr":0,"lp":2,"lpr":0.5,"fpr":0.9459459459459459,"reason":"statistic"}