{"avgHealth":0.9261410757108538,"seeds":[[0.081,0.081],[0.247,0.081],[0.078,0.244],[0.073,0.075],[0.248,0.243],[0.076,0.254],[0.237,0.08],[0.072,0.086],[0.088,0.245],[0.251,0.253],[0.256,0.075],[0.24,0.253],[0.237,0.243],[0.087,0.071],[0.255,0.088],[0.076,0.233],[0.258,0.245],[0.093,0.079],[0.45,0.079],[0.082,0.448],[0.238,0.07],[0.244,0.233],[0.293,0.079],[0.295,0.25]],"nseeds":24,"executions":774,"nfe":77900,"gps":[],"lps":[[0.247,0.081],[0.078,0.244],[0.251,0.253],[0.082,0.448]],"fps":[[0.081,0.081],[0.073,0.075],[0.248,0.243],[0.076,0.254],[0.237,0.08],[0.072,0.086],[0.088,0.245],[0.256,0.075],[0.24,0.253],[0.237,0.243],[0.087,0.071],[0.255,0.088],[0.076,0.233],[0.258,0.245],[0.093,0.079],[0.45,0.079],[0.238,0.07],[0.244,0.233],[0.293,0.079],[0.295,0.25]],"np":4,"gp":0,"pr":0.16666666666666666,"gpr":0,"lp":4,"lpr":1,"fpr":0.8333333333333334,"reason":"statistic"}