{"avgHealth":0.8940084115904419,"seeds":[[0.096,0.101],[0.105,0.096],[0.3,0.098],[0.097,0.297],[0.093,0.09],[0.11,0.107],[0.095,0.113],[0.29,0.098],[0.102,0.309],[0.085,0.099],[0.303,0.11],[0.301,0.298],[0.111,0.299],[0.102,0.288],[0.104,0.084],[0.302,0.088],[0.088,0.303],[0.301,0.309],[0.118,0.096],[0.289,0.298],[0.288,0.11],[0.093,0.314],[0.086,0.291],[0.291,0.085],[0.289,0.308],[0.113,0.288],[0.093,0.283],[0.318,0.102],[0.494,0.099],[0.296,0.118],[0.108,0.12],[0.29,0.288],[0.097,0.504],[0.505,0.096],[0.109,0.317],[0.066,0.288],[0.025,0.097]],"nseeds":37,"executions":704,"nfe":70900,"gps":[[0.096,0.101]],"lps":[[0.3,0.098],[0.494,0.099]],"fps":[[0.105,0.096],[0.097,0.297],[0.093,0.09],[0.11,0.107],[0.095,0.113],[0.29,0.098],[0.102,0.309],[0.085,0.099],[0.303,0.11],[0.301,0.298],[0.111,0.299],[0.102,0.288],[0.104,0.084],[0.302,0.088],[0.088,0.303],[0.301,0.309],[0.118,0.096],[0.289,0.298],[0.288,0.11],[0.093,0.314],[0.086,0.291],[0.291,0.085],[0.289,0.308],[0.113,0.288],[0.093,0.283],[0.318,0.102],[0.296,0.118],[0.108,0.12],[0.29,0.288],[0.097,0.504],[0.505,0.096],[0.109,0.317],[0.066,0.288],[0.025,0.097]],"np":3,"gp":1,"pr":0.08108108108108109,"gpr":1,"lp":2,"lpr":0.5,"fpr":0.918918918918919,"reason":"statistic"}