{"avgHealth":0.9336473453089172,"seeds":[[0.1,0.1],[0.099,0.11],[0.092,0.094],[0.102,0.09],[0.1,0.3],[0.301,0.1],[0.111,0.105],[0.088,0.104],[0.291,0.1],[0.1,0.29],[0.299,0.11],[0.109,0.305],[0.299,0.298],[0.295,0.09],[0.1,0.311],[0.089,0.298],[0.116,0.096],[0.112,0.295],[0.108,0.115],[0.123,0.302],[0.113,0.416]],"nseeds":21,"executions":804,"nfe":80900,"gps":[[0.1,0.1]],"lps":[[0.1,0.3]],"fps":[[0.099,0.11],[0.092,0.094],[0.102,0.09],[0.301,0.1],[0.111,0.105],[0.088,0.104],[0.291,0.1],[0.1,0.29],[0.299,0.11],[0.109,0.305],[0.299,0.298],[0.295,0.09],[0.1,0.311],[0.089,0.298],[0.116,0.096],[0.112,0.295],[0.108,0.115],[0.123,0.302],[0.113,0.416]],"np":2,"gp":1,"pr":0.09523809523809523,"gpr":1,"lp":1,"lpr":0.25,"fpr":0.9047619047619048,"reason":"statistic"}