{"avgHealth":0.8757641317831772,"seeds":[[0.103,0.099],[0.096,0.091],[0.096,0.109],[0.099,0.297],[0.296,0.098],[0.111,0.106],[0.111,0.093],[0.097,0.307],[0.307,0.095],[0.111,0.3],[0.296,0.295],[0.097,0.287],[0.084,0.106],[0.108,0.31],[0.311,0.107],[0.288,0.091],[0.111,0.29],[0.308,0.304],[0.287,0.109],[0.106,0.082],[0.294,0.309],[0.296,0.084],[0.282,0.1],[0.098,0.318],[0.308,0.288],[0.098,0.503],[0.122,0.099],[0.294,0.285],[0.105,0.495],[0.492,0.098],[0.079,0.093],[0.32,0.1],[0.088,0.315],[0.309,0.082],[0.104,0.124],[0.097,0.487],[0.301,0.499],[0.511,0.095],[0.097,0.075],[0.503,0.089],[0.12,0.308],[0.281,0.305],[0.107,0.511],[0.311,0.315],[0.32,0.09],[0.083,0.285],[0.117,0.082],[0.123,0.297],[0.32,0.298],[0.113,0.503],[0.111,0.32],[0.509,0.303],[0.294,0.32],[0.481,0.099],[0.097,0.274],[0.111,0.487],[0.324,0.274],[0.111,0.345],[0.324,0.054]],"nseeds":59,"executions":668,"nfe":67300,"gps":[],"lps":[[0.296,0.098],[0.098,0.503]],"fps":[[0.103,0.099],[0.096,0.091],[0.096,0.109],[0.099,0.297],[0.111,0.106],[0.111,0.093],[0.097,0.307],[0.307,0.095],[0.111,0.3],[0.296,0.295],[0.097,0.287],[0.084,0.106],[0.108,0.31],[0.311,0.107],[0.288,0.091],[0.111,0.29],[0.308,0.304],[0.287,0.109],[0.106,0.082],[0.294,0.309],[0.296,0.084],[0.282,0.1],[0.098,0.318],[0.308,0.288],[0.122,0.099],[0.294,0.285],[0.105,0.495],[0.492,0.098],[0.079,0.093],[0.32,0.1],[0.088,0.315],[0.309,0.082],[0.104,0.124],[0.097,0.487],[0.301,0.499],[0.511,0.095],[0.097,0.075],[0.503,0.089],[0.12,0.308],[0.281,0.305],[0.107,0.511],[0.311,0.315],[0.32,0.09],[0.083,0.285],[0.117,0.082],[0.123,0.297],[0.32,0.298],[0.113,0.503],[0.111,0.32],[0.509,0.303],[0.294,0.32],[0.481,0.099],[0.097,0.274],[0.111,0.487],[0.324,0.274],[0.111,0.345],[0.324,0.054]],"np":2,"gp":0,"pr":0.03389830508474576,"gpr":0,"lp":2,"lpr":0.5,"fpr":0.9661016949152542,"reason":"statistic"}