{"avgHealth":0.9271180763098946,"seeds":[[0.099,0.1],[0.1,0.09],[0.11,0.102],[0.299,0.1],[0.1,0.299],[0.101,0.111],[0.089,0.101],[0.11,0.091],[0.309,0.1],[0.094,0.307],[0.289,0.101],[0.098,0.289],[0.104,0.31],[0.298,0.298],[0.299,0.111],[0.299,0.089],[0.111,0.298],[0.091,0.085],[0.308,0.298],[0.296,0.308],[0.089,0.114],[0.288,0.091],[0.088,0.291],[0.31,0.111],[0.288,0.299],[0.297,0.049],[0.094,0.367]],"nseeds":27,"executions":779,"nfe":78400,"gps":[],"lps":[[0.1,0.299],[0.298,0.298]],"fps":[[0.099,0.1],[0.1,0.09],[0.11,0.102],[0.299,0.1],[0.101,0.111],[0.089,0.101],[0.11,0.091],[0.309,0.1],[0.094,0.307],[0.289,0.101],[0.098,0.289],[0.104,0.31],[0.299,0.111],[0.299,0.089],[0.111,0.298],[0.091,0.085],[0.308,0.298],[0.296,0.308],[0.089,0.114],[0.288,0.091],[0.088,0.291],[0.31,0.111],[0.288,0.299],[0.297,0.049],[0.094,0.367]],"np":2,"gp":0,"pr":0.07407407407407407,"gpr":0,"lp":2,"lpr":0.5,"fpr":0.9259259259259259,"reason":"statistic"}