{"avgHealth":337.60461262195827,"seeds":[[0.096,0.101],[0.096,0.31],[0.108,0.314],[0.493,0.093],[0.498,0.109],[0.29,0.284],[0.094,0.125],[0.111,0.126],[0.093,0.518],[0.13,0.106],[0.521,0.113],[0.494,0.077],[0.705,0.279],[0.689,0.696]],"nseeds":14,"executions":27,"nfe":3200,"gps":[[0.096,0.101]],"lps":[],"fps":[[0.096,0.31],[0.108,0.314],[0.493,0.093],[0.498,0.109],[0.29,0.284],[0.094,0.125],[0.111,0.126],[0.093,0.518],[0.13,0.106],[0.521,0.113],[0.494,0.077],[0.705,0.279],[0.689,0.696]],"np":1,"gp":1,"pr":0.07142857142857142,"gpr":1,"lp":0,"lpr":0,"fpr":0.9285714285714286,"reason":"statistic"}