{"avgHealth":0.8885403280900707,"seeds":[[0.099,0.097],[0.097,0.107],[0.107,0.105],[0.301,0.1],[0.098,0.299],[0.088,0.1],[0.112,0.096],[0.104,0.308],[0.108,0.294],[0.296,0.109],[0.095,0.086],[0.301,0.3],[0.297,0.089],[0.311,0.098],[0.308,0.108],[0.089,0.294],[0.287,0.096],[0.088,0.304],[0.088,0.112],[0.298,0.29],[0.112,0.086],[0.115,0.302],[0.11,0.116],[0.296,0.311],[0.094,0.315],[0.308,0.308],[0.286,0.299],[0.107,0.283],[0.499,0.1],[0.314,0.295],[0.122,0.104],[0.107,0.497],[0.118,0.292],[0.111,0.316],[0.296,0.12],[0.091,0.496],[0.089,0.282],[0.102,0.51],[0.492,0.108],[0.51,0.104],[0.301,0.079],[0.285,0.289],[0.395,0.108],[0.393,0.313]],"nseeds":44,"executions":744,"nfe":74900,"gps":[],"lps":[[0.098,0.299]],"fps":[[0.099,0.097],[0.097,0.107],[0.107,0.105],[0.301,0.1],[0.088,0.1],[0.112,0.096],[0.104,0.308],[0.108,0.294],[0.296,0.109],[0.095,0.086],[0.301,0.3],[0.297,0.089],[0.311,0.098],[0.308,0.108],[0.089,0.294],[0.287,0.096],[0.088,0.304],[0.088,0.112],[0.298,0.29],[0.112,0.086],[0.115,0.302],[0.11,0.116],[0.296,0.311],[0.094,0.315],[0.308,0.308],[0.286,0.299],[0.107,0.283],[0.499,0.1],[0.314,0.295],[0.122,0.104],[0.107,0.497],[0.118,0.292],[0.111,0.316],[0.296,0.12],[0.091,0.496],[0.089,0.282],[0.102,0.51],[0.492,0.108],[0.51,0.104],[0.301,0.079],[0.285,0.289],[0.395,0.108],[0.393,0.313]],"np":1,"gp":0,"pr":0.022727272727272728,"gpr":0,"lp":1,"lpr":0.25,"fpr":0.9772727272727273,"reason":"statistic"}