{"avgHealth":0.9385618013517547,"seeds":[[0.099,0.1],[0.11,0.1],[0.101,0.11],[0.299,0.099],[0.1,0.301],[0.091,0.094],[0.105,0.09],[0.09,0.108],[0.098,0.291],[0.297,0.109],[0.309,0.096],[0.308,0.106],[0.299,0.3],[0.3,0.089],[0.091,0.306],[0.104,0.311],[0.112,0.112],[0.112,0.305],[0.082,0.1],[0.116,0.092],[0.112,0.292],[0.14,0.103],[0.226,0.305]],"nseeds":23,"executions":706,"nfe":71100,"gps":[],"lps":[[0.1,0.301]],"fps":[[0.099,0.1],[0.11,0.1],[0.101,0.11],[0.299,0.099],[0.091,0.094],[0.105,0.09],[0.09,0.108],[0.098,0.291],[0.297,0.109],[0.309,0.096],[0.308,0.106],[0.299,0.3],[0.3,0.089],[0.091,0.306],[0.104,0.311],[0.112,0.112],[0.112,0.305],[0.082,0.1],[0.116,0.092],[0.112,0.292],[0.14,0.103],[0.226,0.305]],"np":1,"gp":0,"pr":0.043478260869565216,"gpr":0,"lp":1,"lpr":0.25,"fpr":0.9565217391304348,"reason":"statistic"}