{"avgHealth":0.9167870844167543,"seeds":[[0.098,0.1],[0.109,0.1],[0.301,0.1],[0.102,0.299],[0.098,0.089],[0.11,0.11],[0.099,0.289],[0.097,0.31],[0.3,0.298],[0.309,0.093],[0.109,0.307],[0.302,0.112],[0.11,0.292],[0.109,0.086],[0.286,0.1],[0.301,0.086],[0.313,0.106],[0.086,0.303],[0.289,0.299],[0.081,0.1],[0.102,0.12],[0.12,0.102],[0.309,0.307],[0.298,0.287],[0.297,0.312],[0.117,0.3],[0.401,0.098],[0.408,0.312]],"nseeds":28,"executions":778,"nfe":78300,"gps":[[0.098,0.1]],"lps":[[0.102,0.299],[0.3,0.298]],"fps":[[0.109,0.1],[0.301,0.1],[0.098,0.089],[0.11,0.11],[0.099,0.289],[0.097,0.31],[0.309,0.093],[0.109,0.307],[0.302,0.112],[0.11,0.292],[0.109,0.086],[0.286,0.1],[0.301,0.086],[0.313,0.106],[0.086,0.303],[0.289,0.299],[0.081,0.1],[0.102,0.12],[0.12,0.102],[0.309,0.307],[0.298,0.287],[0.297,0.312],[0.117,0.3],[0.401,0.098],[0.408,0.312]],"np":3,"gp":1,"pr":0.10714285714285714,"gpr":1,"lp":2,"lpr":0.5,"fpr":0.8928571428571429,"reason":"statistic"}