{"avgHealth":310.2513789233901,"seeds":[[0.317,0.106],[0.121,0.108],[0.51,0.098],[0.094,0.321],[0.313,0.498],[0.503,0.083],[0.307,0.275],[0.094,0.525],[0.303,0.693],[0.104,0.137],[0.287,0.271],[0.491,0.484],[0.529,0.298],[0.308,0.715],[0.104,0.899],[0.299,0.531],[0.897,0.284],[0.131,0.129]],"nseeds":18,"executions":34,"nfe":3900,"gps":[],"lps":[[0.104,0.899]],"fps":[[0.317,0.106],[0.121,0.108],[0.51,0.098],[0.094,0.321],[0.313,0.498],[0.503,0.083],[0.307,0.275],[0.094,0.525],[0.303,0.693],[0.104,0.137],[0.287,0.271],[0.491,0.484],[0.529,0.298],[0.308,0.715],[0.299,0.531],[0.897,0.284],[0.131,0.129]],"np":1,"gp":0,"pr":0.05555555555555555,"gpr":0,"lp":1,"lpr":0.25,"fpr":0.9444444444444444,"reason":"statistic"}