{"avgHealth":287.16205070878897,"seeds":[[0.103,0.315],[0.097,0.075],[0.12,0.308],[0.509,0.291],[0.289,0.279],[0.695,0.098],[0.282,0.32],[0.102,0.471],[0.266,0.101],[0.306,0.069],[0.716,0.092],[0.274,0.495],[0.671,0.093],[0.694,0.081],[0.103,0.257],[0.084,0.714],[0.08,0.693],[0.317,0.695],[0.055,0.095],[0.7,0.503],[0.293,0.896],[0.112,0.246],[0.881,0.682]],"nseeds":23,"executions":25,"nfe":3000,"gps":[],"lps":[[0.7,0.503]],"fps":[[0.103,0.315],[0.097,0.075],[0.12,0.308],[0.509,0.291],[0.289,0.279],[0.695,0.098],[0.282,0.32],[0.102,0.471],[0.266,0.101],[0.306,0.069],[0.716,0.092],[0.274,0.495],[0.671,0.093],[0.694,0.081],[0.103,0.257],[0.084,0.714],[0.08,0.693],[0.317,0.695],[0.055,0.095],[0.293,0.896],[0.112,0.246],[0.881,0.682]],"np":1,"gp":0,"pr":0.043478260869565216,"gpr":0,"lp":1,"lpr":0.25,"fpr":0.9565217391304348,"reason":"statistic"}