{"avgHealth":-0.16494999166746954,"seeds":[[0,0],[-0.01,-0.01],[0.02,0],[0,0.02],[0.02,0.02],[-0.031,0],[-0.051,-0.031],[0,0.993],[0.993,0]],"nseeds":9,"executions":1050,"nfe":105500,"gps":[[0,0]],"lps":[],"fps":[[-0.01,-0.01],[0.02,0],[0,0.02],[0.02,0.02],[-0.031,0],[-0.051,-0.031],[0,0.993],[0.993,0]],"np":1,"gp":1,"pr":0.1111111111111111,"gpr":1,"lp":0,"lpr":0,"fpr":0.8888888888888888,"reason":"statistic"}