{"avgHealth":-0.1707132160644529,"seeds":[[0,0],[0.019999999999999574,0],[0,0.019999999999999574],[0,-0.019999999999999574],[-0.019999999999999574,0],[0.019999999999999574,0.019999999999999574],[0.019999999999999574,-0.019999999999999574],[-0.019999999999999574,-0.019999999999999574],[-0.019999999999999574,0.019999999999999574],[0,-0.03999999999999915],[0.03999999999999915,0],[-0.03999999999999915,0],[0.03999999999999915,-0.019999999999999574],[-0.03999999999999915,0.019999999999999574],[-0.019999999999999574,-0.03999999999999915],[0.03999999999999915,0.019999999999999574],[0.019999999999999574,-0.03999999999999915],[0.03999999999999915,-0.03999999999999915],[0.0600000000000005,0],[-0.0600000000000005,0],[0.0600000000000005,-0.019999999999999574],[-0.0600000000000005,-0.03999999999999915],[0,0.08000000000000007],[-0.08000000000000007,0],[-0.08000000000000007,-0.019999999999999574],[-0.09999999999999964,0],[-0.09999999999999964,-0.03999999999999915],[0.0600000000000005,-0.09999999999999964],[0,1.9399999999999995],[1.9399999999999995,0]],"nseeds":30,"executions":851,"nfe":85600,"gps":[[0,0]],"lps":[],"fps":[[0.019999999999999574,0],[0,0.019999999999999574],[0,-0.019999999999999574],[-0.019999999999999574,0],[0.019999999999999574,0.019999999999999574],[0.019999999999999574,-0.019999999999999574],[-0.019999999999999574,-0.019999999999999574],[-0.019999999999999574,0.019999999999999574],[0,-0.03999999999999915],[0.03999999999999915,0],[-0.03999999999999915,0],[0.03999999999999915,-0.019999999999999574],[-0.03999999999999915,0.019999999999999574],[-0.019999999999999574,-0.03999999999999915],[0.03999999999999915,0.019999999999999574],[0.019999999999999574,-0.03999999999999915],[0.03999999999999915,-0.03999999999999915],[0.0600000000000005,0],[-0.0600000000000005,0],[0.0600000000000005,-0.019999999999999574],[-0.0600000000000005,-0.03999999999999915],[0,0.08000000000000007],[-0.08000000000000007,0],[-0.08000000000000007,-0.019999999999999574],[-0.09999999999999964,0],[-0.09999999999999964,-0.03999999999999915],[0.0600000000000005,-0.09999999999999964],[0,1.9399999999999995],[1.9399999999999995,0]],"np":1,"gp":1,"pr":0.03333333333333333,"gpr":1,"lp":0,"lpr":0,"fpr":0.9666666666666667,"reason":"statistic"}