{"avgHealth":-0.18170811699167067,"seeds":[[0,0],[-0.01,0.01],[0.02,0],[0,-0.02],[0,0.02],[0.02,0.02],[0.02,-0.02],[0,-0.031],[-0.031,0.02],[0,0.041],[0,-0.041],[0.041,-0.02],[0.041,0.041],[0,0.993],[0.993,0]],"nseeds":15,"executions":858,"nfe":86300,"gps":[[0,0]],"lps":[],"fps":[[-0.01,0.01],[0.02,0],[0,-0.02],[0,0.02],[0.02,0.02],[0.02,-0.02],[0,-0.031],[-0.031,0.02],[0,0.041],[0,-0.041],[0.041,-0.02],[0.041,0.041],[0,0.993],[0.993,0]],"np":1,"gp":1,"pr":0.06666666666666667,"gpr":1,"lp":0,"lpr":0,"fpr":0.9333333333333333,"reason":"statistic"}