{"avgHealth":-0.19061075485373313,"seeds":[[0,0],[0.019999999999999574,0],[-0.019999999999999574,0],[0,0.019999999999999574],[0.03999999999999915,0.019999999999999574],[-0.019999999999999574,0.0600000000000005],[0.019999999999999574,-0.0600000000000005],[0,0.08000000000000007],[-0.08000000000000007,0],[0,-0.09999999999999964],[0.019999999999999574,0.09999999999999964],[0,-0.120000000000001],[0,1.9399999999999995],[1.9399999999999995,0]],"nseeds":14,"executions":813,"nfe":81800,"gps":[[0,0]],"lps":[],"fps":[[0.019999999999999574,0],[-0.019999999999999574,0],[0,0.019999999999999574],[0.03999999999999915,0.019999999999999574],[-0.019999999999999574,0.0600000000000005],[0.019999999999999574,-0.0600000000000005],[0,0.08000000000000007],[-0.08000000000000007,0],[0,-0.09999999999999964],[0.019999999999999574,0.09999999999999964],[0,-0.120000000000001],[0,1.9399999999999995],[1.9399999999999995,0]],"np":1,"gp":1,"pr":0.07142857142857142,"gpr":1,"lp":0,"lpr":0,"fpr":0.9285714285714286,"reason":"statistic"}