{"avgHealth":-0.1703715583472034,"seeds":[[0,0],[0.019999999999999574,0],[-0.019999999999999574,0],[0,-0.019999999999999574],[0,0.019999999999999574],[-0.019999999999999574,0.019999999999999574],[0.03999999999999915,-0.019999999999999574],[-0.0600000000000005,0],[0.0600000000000005,0],[0.08000000000000007,0],[0.019999999999999574,0.08000000000000007],[0.08000000000000007,0.019999999999999574],[1.9399999999999995,0],[0,1.9399999999999995]],"nseeds":14,"executions":1015,"nfe":102000,"gps":[[0,0]],"lps":[],"fps":[[0.019999999999999574,0],[-0.019999999999999574,0],[0,-0.019999999999999574],[0,0.019999999999999574],[-0.019999999999999574,0.019999999999999574],[0.03999999999999915,-0.019999999999999574],[-0.0600000000000005,0],[0.0600000000000005,0],[0.08000000000000007,0],[0.019999999999999574,0.08000000000000007],[0.08000000000000007,0.019999999999999574],[1.9399999999999995,0],[0,1.9399999999999995]],"np":1,"gp":1,"pr":0.07142857142857142,"gpr":1,"lp":0,"lpr":0,"fpr":0.9285714285714286,"reason":"statistic"}