{"avgHealth":-0.15672752979932764,"seeds":[[0,0],[-0.01,0.01],[0.01,0.01],[0.02,0],[0,0.02],[0,-0.02],[0.02,0.02],[0.02,-0.02],[0,-0.031],[0,0.041],[0.993,0],[0,0.993]],"nseeds":12,"executions":876,"nfe":88100,"gps":[[0,0]],"lps":[],"fps":[[-0.01,0.01],[0.01,0.01],[0.02,0],[0,0.02],[0,-0.02],[0.02,0.02],[0.02,-0.02],[0,-0.031],[0,0.041],[0.993,0],[0,0.993]],"np":1,"gp":1,"pr":0.08333333333333333,"gpr":1,"lp":0,"lpr":0,"fpr":0.9166666666666666,"reason":"statistic"}