{"avgHealth":-0.2018238179474508,"seeds":[[0,0],[0.019999999999999574,0],[0,0.019999999999999574],[0,-0.019999999999999574],[-0.019999999999999574,0],[0.019999999999999574,0.019999999999999574],[-0.019999999999999574,-0.019999999999999574],[0.03999999999999915,0],[-0.019999999999999574,0.03999999999999915],[-0.03999999999999915,-0.019999999999999574],[0.03999999999999915,-0.019999999999999574],[0.03999999999999915,0.019999999999999574],[0,-0.0600000000000005],[0.019999999999999574,-0.0600000000000005],[0.03999999999999915,-0.0600000000000005],[0.09999999999999964,-0.0600000000000005],[1.9399999999999995,0],[0,1.9399999999999995]],"nseeds":18,"executions":792,"nfe":79700,"gps":[[0,0]],"lps":[],"fps":[[0.019999999999999574,0],[0,0.019999999999999574],[0,-0.019999999999999574],[-0.019999999999999574,0],[0.019999999999999574,0.019999999999999574],[-0.019999999999999574,-0.019999999999999574],[0.03999999999999915,0],[-0.019999999999999574,0.03999999999999915],[-0.03999999999999915,-0.019999999999999574],[0.03999999999999915,-0.019999999999999574],[0.03999999999999915,0.019999999999999574],[0,-0.0600000000000005],[0.019999999999999574,-0.0600000000000005],[0.03999999999999915,-0.0600000000000005],[0.09999999999999964,-0.0600000000000005],[1.9399999999999995,0],[0,1.9399999999999995]],"np":1,"gp":1,"pr":0.05555555555555555,"gpr":1,"lp":0,"lpr":0,"fpr":0.9444444444444444,"reason":"statistic"}