{"avgHealth":-0.20900562484362495,"seeds":[[0,0],[0.01,0.01],[-0.01,0.01],[-0.01,-0.01],[0,-0.02],[0,0.02],[0.01,-0.031],[-0.01,-0.041],[0.051,0],[-0.061,0.01],[0,0.993],[0.993,0]],"nseeds":12,"executions":714,"nfe":71900,"gps":[[0,0]],"lps":[],"fps":[[0.01,0.01],[-0.01,0.01],[-0.01,-0.01],[0,-0.02],[0,0.02],[0.01,-0.031],[-0.01,-0.041],[0.051,0],[-0.061,0.01],[0,0.993],[0.993,0]],"np":1,"gp":1,"pr":0.08333333333333333,"gpr":1,"lp":0,"lpr":0,"fpr":0.9166666666666666,"reason":"statistic"}