{"avgHealth":0.998632162999003,"seeds":[[3.141592653589793,3.141592653589793,3.141592653589793],[3.141592653589793,3.1541590242041515,3.141592653589793],[3.1290262829754347,3.141592653589793,3.141592653589793],[3.1541590242041515,3.141592653589793,3.141592653589793],[3.141592653589793,3.141592653589793,3.1541590242041515],[3.141592653589793,3.1290262829754347,3.141592653589793],[3.141592653589793,3.141592653589793,3.1290262829754347],[3.1290262829754347,3.141592653589793,3.1541590242041515],[3.1290262829754347,3.1541590242041515,3.141592653589793],[3.1290262829754347,3.1290262829754347,3.141592653589793],[3.1541590242041515,3.141592653589793,3.1541590242041515],[3.141592653589793,3.1541590242041515,3.1290262829754347],[3.1290262829754347,3.141592653589793,3.1290262829754347],[3.1541590242041515,3.1290262829754347,3.141592653589793],[3.1541590242041515,3.141592653589793,3.1290262829754347],[3.1541590242041515,3.1541590242041515,3.141592653589793],[3.1290262829754347,3.1541590242041515,3.1541590242041515],[3.1290262829754347,3.1290262829754347,3.1541590242041515],[3.1541590242041515,3.1541590242041515,3.1541590242041515],[3.1541590242041515,3.1290262829754347,3.1541590242041515],[3.1290262829754347,3.1541590242041515,3.1290262829754347],[3.141592653589793,3.141592653589793,3.1667253948185117],[3.1164599123610746,3.141592653589793,3.141592653589793],[3.141592653589793,3.141592653589793,3.1164599123610746],[3.1164599123610746,3.141592653589793,3.1541590242041515],[3.1290262829754347,3.141592653589793,3.1667253948185117],[3.141592653589793,3.1541590242041515,3.1164599123610746],[3.1164599123610746,3.1290262829754347,3.141592653589793],[3.1290262829754347,3.141592653589793,3.1164599123610746],[3.141592653589793,3.1541590242041515,3.1667253948185117],[3.1164599123610746,3.1541590242041515,3.141592653589793],[3.1541590242041515,3.141592653589793,3.1164599123610746],[3.1290262829754347,3.1290262829754347,3.1164599123610746],[3.1164599123610746,3.1541590242041515,3.1290262829754347],[3.1290262829754347,3.1541590242041515,3.1164599123610746],[3.1290262829754347,3.1541590242041515,3.1667253948185117],[3.1290262829754347,3.1290262829754347,3.1667253948185117],[3.1541590242041515,3.1541590242041515,3.1667253948185117],[3.1541590242041515,3.1541590242041515,3.1164599123610746],[3.1164599123610746,3.1164599123610746,3.141592653589793],[3.1164599123610746,3.141592653589793,3.1164599123610746],[3.141592653589793,3.1164599123610746,3.1164599123610746],[3.1164599123610746,3.141592653589793,3.1667253948185117],[3.1164599123610746,3.1290262829754347,3.1164599123610746],[3.1290262829754347,3.1164599123610746,3.1164599123610746],[3.1541590242041515,3.1164599123610746,3.1164599123610746],[3.1164599123610746,3.1541590242041515,3.1164599123610746],[3.1164599123610746,3.1541590242041515,3.1667253948185117],[3.141592653589793,3.141592653589793,3.17929176543287],[3.103893541746716,3.141592653589793,3.141592653589793],[3.141592653589793,3.103893541746716,3.141592653589793],[3.1290262829754347,3.141592653589793,3.17929176543287],[3.1541590242041515,3.141592653589793,3.17929176543287],[3.103893541746716,3.141592653589793,3.1541590242041515],[3.141592653589793,3.1541590242041515,3.17929176543287],[3.1290262829754347,3.103893541746716,3.141592653589793],[3.103893541746716,3.141592653589793,3.1290262829754347],[3.141592653589793,3.1290262829754347,3.17929176543287],[3.103893541746716,3.1541590242041515,3.141592653589793],[3.103893541746716,3.1290262829754347,3.141592653589793],[3.141592653589793,3.103893541746716,3.1541590242041515],[3.1290262829754347,3.1541590242041515,3.17929176543287],[3.1290262829754347,3.1290262829754347,3.17929176543287],[3.103893541746716,3.1541590242041515,3.1541590242041515],[3.1290262829754347,3.103893541746716,3.1541590242041515],[3.1541590242041515,3.1290262829754347,3.17929176543287],[3.103893541746716,3.103893541746716,3.1164599123610746],[3.1290262829754347,3.0787608005179976,3.1164599123610746]],"nseeds":68,"executions":1628,"nfe":163300,"gps":[],"lps":[],"fps":[[3.141592653589793,3.141592653589793,3.141592653589793],[3.141592653589793,3.1541590242041515,3.141592653589793],[3.1290262829754347,3.141592653589793,3.141592653589793],[3.1541590242041515,3.141592653589793,3.141592653589793],[3.141592653589793,3.141592653589793,3.1541590242041515],[3.141592653589793,3.1290262829754347,3.141592653589793],[3.141592653589793,3.141592653589793,3.1290262829754347],[3.1290262829754347,3.141592653589793,3.1541590242041515],[3.1290262829754347,3.1541590242041515,3.141592653589793],[3.1290262829754347,3.1290262829754347,3.141592653589793],[3.1541590242041515,3.141592653589793,3.1541590242041515],[3.141592653589793,3.1541590242041515,3.1290262829754347],[3.1290262829754347,3.141592653589793,3.1290262829754347],[3.1541590242041515,3.1290262829754347,3.141592653589793],[3.1541590242041515,3.141592653589793,3.1290262829754347],[3.1541590242041515,3.1541590242041515,3.141592653589793],[3.1290262829754347,3.1541590242041515,3.1541590242041515],[3.1290262829754347,3.1290262829754347,3.1541590242041515],[3.1541590242041515,3.1541590242041515,3.1541590242041515],[3.1541590242041515,3.1290262829754347,3.1541590242041515],[3.1290262829754347,3.1541590242041515,3.1290262829754347],[3.141592653589793,3.141592653589793,3.1667253948185117],[3.1164599123610746,3.141592653589793,3.141592653589793],[3.141592653589793,3.141592653589793,3.1164599123610746],[3.1164599123610746,3.141592653589793,3.1541590242041515],[3.1290262829754347,3.141592653589793,3.1667253948185117],[3.141592653589793,3.1541590242041515,3.1164599123610746],[3.1164599123610746,3.1290262829754347,3.141592653589793],[3.1290262829754347,3.141592653589793,3.1164599123610746],[3.141592653589793,3.1541590242041515,3.1667253948185117],[3.1164599123610746,3.1541590242041515,3.141592653589793],[3.1541590242041515,3.141592653589793,3.1164599123610746],[3.1290262829754347,3.1290262829754347,3.1164599123610746],[3.1164599123610746,3.1541590242041515,3.1290262829754347],[3.1290262829754347,3.1541590242041515,3.1164599123610746],[3.1290262829754347,3.1541590242041515,3.1667253948185117],[3.1290262829754347,3.1290262829754347,3.1667253948185117],[3.1541590242041515,3.1541590242041515,3.1667253948185117],[3.1541590242041515,3.1541590242041515,3.1164599123610746],[3.1164599123610746,3.1164599123610746,3.141592653589793],[3.1164599123610746,3.141592653589793,3.1164599123610746],[3.141592653589793,3.1164599123610746,3.1164599123610746],[3.1164599123610746,3.141592653589793,3.1667253948185117],[3.1164599123610746,3.1290262829754347,3.1164599123610746],[3.1290262829754347,3.1164599123610746,3.1164599123610746],[3.1541590242041515,3.1164599123610746,3.1164599123610746],[3.1164599123610746,3.1541590242041515,3.1164599123610746],[3.1164599123610746,3.1541590242041515,3.1667253948185117],[3.141592653589793,3.141592653589793,3.17929176543287],[3.103893541746716,3.141592653589793,3.141592653589793],[3.141592653589793,3.103893541746716,3.141592653589793],[3.1290262829754347,3.141592653589793,3.17929176543287],[3.1541590242041515,3.141592653589793,3.17929176543287],[3.103893541746716,3.141592653589793,3.1541590242041515],[3.141592653589793,3.1541590242041515,3.17929176543287],[3.1290262829754347,3.103893541746716,3.141592653589793],[3.103893541746716,3.141592653589793,3.1290262829754347],[3.141592653589793,3.1290262829754347,3.17929176543287],[3.103893541746716,3.1541590242041515,3.141592653589793],[3.103893541746716,3.1290262829754347,3.141592653589793],[3.141592653589793,3.103893541746716,3.1541590242041515],[3.1290262829754347,3.1541590242041515,3.17929176543287],[3.1290262829754347,3.1290262829754347,3.17929176543287],[3.103893541746716,3.1541590242041515,3.1541590242041515],[3.1290262829754347,3.103893541746716,3.1541590242041515],[3.1541590242041515,3.1290262829754347,3.17929176543287],[3.103893541746716,3.103893541746716,3.1164599123610746],[3.1290262829754347,3.0787608005179976,3.1164599123610746]],"np":0,"gp":0,"pr":0,"gpr":0,"fpr":1,