{"avgHealth":0.9945164293881553,"seeds":[[3.1290262829754347,3.141592653589793,3.1667253948185117],[3.1290262829754347,3.141592653589793,3.1164599123610746],[3.1541590242041515,3.141592653589793,3.1667253948185117],[3.1541590242041515,3.1667253948185117,3.1667253948185117],[3.1290262829754347,3.1667253948185117,3.1667253948185117],[3.1541590242041515,3.141592653589793,3.17929176543287],[3.1541590242041515,3.103893541746716,3.141592653589793],[3.1290262829754347,3.1290262829754347,3.17929176543287],[3.141592653589793,3.103893541746716,3.1667253948185117],[3.141592653589793,3.1667253948185117,3.17929176543287],[3.1667253948185117,3.141592653589793,3.17929176543287],[3.1667253948185117,3.17929176543287,3.141592653589793],[3.141592653589793,3.17929176543287,3.1667253948185117],[3.1164599123610746,3.103893541746716,3.1541590242041515],[3.17929176543287,3.1667253948185117,3.1290262829754347],[3.1290262829754347,3.103893541746716,3.1667253948185117],[3.1290262829754347,3.103893541746716,3.1164599123610746],[3.1541590242041515,3.103893541746716,3.1164599123610746],[3.1541590242041515,3.17929176543287,3.1667253948185117],[3.1541590242041515,3.103893541746716,3.1667253948185117],[3.1667253948185117,3.1290262829754347,3.17929176543287],[3.1290262829754347,3.17929176543287,3.1667253948185117],[3.1541590242041515,3.17929176543287,3.1164599123610746],[3.1164599123610746,3.1290262829754347,3.17929176543287],[3.141592653589793,3.141592653589793,3.1918581360472302],[3.1164599123610746,3.103893541746716,3.1164599123610746],[3.1164599123610746,3.103893541746716,3.1667253948185117],[3.1667253948185117,3.17929176543287,3.1164599123610746],[3.1667253948185117,3.103893541746716,3.1667253948185117],[3.1667253948185117,3.17929176543287,3.1667253948185117],[3.1164599123610746,3.17929176543287,3.1667253948185117],[3.1667253948185117,3.103893541746716,3.1164599123610746],[3.17929176543287,3.1667253948185117,3.1667253948185117],[3.1541590242041515,3.141592653589793,3.1918581360472302],[3.1290262829754347,3.141592653589793,3.1918581360472302],[3.141592653589793,3.091327171132356,3.1290262829754347],[3.141592653589793,3.103893541746716,3.17929176543287],[3.1290262829754347,3.091327171132356,3.1290262829754347],[3.1290262829754347,3.1290262829754347,3.1918581360472302],[3.1290262829754347,3.091327171132356,3.1541590242041515],[3.1541590242041515,3.1541590242041515,3.1918581360472302],[3.1541590242041515,3.103893541746716,3.17929176543287],[3.1290262829754347,3.103893541746716,3.17929176543287],[3.1541590242041515,3.17929176543287,3.17929176543287],[3.1290262829754347,3.17929176543287,3.17929176543287],[3.141592653589793,3.091327171132356,3.1164599123610746],[3.141592653589793,3.1667253948185117,3.1918581360472302],[3.1164599123610746,3.141592653589793,3.1918581360472302],[3.1667253948185117,3.141592653589793,3.1918581360472302],[3.1918581360472302,3.141592653589793,3.1667253948185117],[3.1541590242041515,3.091327171132356,3.1667253948185117],[3.1290262829754347,3.091327171132356,3.1667253948185117],[3.1667253948185117,3.091327171132356,3.1541590242041515],[3.1541590242041515,3.091327171132356,3.1164599123610746],[3.1290262829754347,3.1918581360472302,3.1667253948185117],[3.1667253948185117,3.091327171132356,3.1290262829754347],[3.1164599123610746,3.091327171132356,3.1290262829754347],[3.1918581360472302,3.1667253948185117,3.1290262829754347],[3.1290262829754347,3.091327171132356,3.1164599123610746],[3.1164599123610746,3.103893541746716,3.17929176543287],[3.1667253948185117,3.17929176543287,3.17929176543287],[3.1164599123610746,3.17929176543287,3.17929176543287],[3.1667253948185117,3.103893541746716,3.17929176543287],[3.17929176543287,3.17929176543287,3.1667253948185117],[3.17929176543287,3.103893541746716,3.1667253948185117],[3.1667253948185117,3.091327171132356,3.1164599123610746],[3.1667253948185117,3.1918581360472302,3.1667253948185117],[3.1918581360472302,3.1667253948185117,3.1667253948185117],[3.1667253948185117,3.091327171132356,3.1667253948185117],[3.1164599123610746,3.091327171132356,3.1667253948185117],[3.1667253948185117,3.1918581360472302,3.1164599123610746],[3.1164599123610746,3.091327171132356,3.1164599123610746],[3.1164599123610746,3.1918581360472302,3.1667253948185117],[3.1918581360472302,3.141592653589793,3.17929176543287],[3.1918581360472302,3.103893541746716,3.141592653589793],[3.141592653589793,3.091327171132356,3.17929176543287],[3.141592653589793,3.1918581360472302,3.17929176543287],[3.141592653589793,3.0787608005179976,3.141592653589793],[3.1918581360472302,3.103893541746716,3.1541590242041515],[3.1290262829754347,3.103893541746716,3.1918581360472302],[3.1290262829754347,3.091327171132356,3.17929176543287],[3.1541590242041515,3.091327171132356,3.17929176543287],[3.1541590242041515,3.103893541746716,3.1918581360472302],[3.1290262829754347,3.1918581360472302,3.17929176543287],[3.1541590242041515,3.1918581360472302,3.17929176543287],[3.1290262829754347,3.17929176543287,3.1918581360472302],[3.1541590242041515,3.17929176543287,3.1918581360472302],[3.141592653589793,3.0787608005179976,3.1290262829754347],[3.17929176543287,3.103893541746716,3.17929176543287],[3.1541590242041515,3.0787608005179976,3.1290262829754347],[3.1290262829754347,3.0787608005179976,3.1290262829754347],[3.1164599123610746,3.091327171132356,3.17929176543287],[3.1667253948185117,3.091327171132356,3.17929176543287],[3.1918581360472302,3.103893541746716,3.1164599123610746],[3.1164599123610746,3.1918581360472302,3.17929176543287],[3.1667253948185117,3.103893541746716,3.1918581360472302],[3.1164599123610746,3.17929176543287,3.1918581360472302],[3.1667253948185117,3.1918581360472302,3.17929176543287],[3.1918581360472302,3.1667253948185117,3.17929176543287],[3.1164599123610746,3.103893541746716,3.1918581360472302],[3.1667253948185117,3.17929176543287,3.1918581360472302],[3.17929176543287,3.091327171132356,3.1667253948185117],[3.17929176543287,3.091327171132356,3.1164599123610746],[3.17929176543287,3.1667253948185117,3.1918581360472302],[3.141592653589793,3.0787608005179976,3.1164599123610746],[3.141592653589793,3.0787608005179976,3.1667253948185117],[3.1667253948185117,3.2044245066615886,3.141592653589793],[3.1164599123610746,3.2044245066615886,3.1541590242041515],[3.1667253948185117,3.2044245066615886,3.1541590242041515],[3.1667253948185117,3.0787608005179976,3.1290262829754347],[3.1164599123610746,3.2044245066615886,3.1290262829754347],[3.1164599123610746,3.0787608005179976,3.1290262829754347],[3.1918581360472302,3.216990877275949,3.1918581360472302],[3.1918581360472302,3.229557247890307,3.1667253948185117]],"nseeds":114,"executions":1447,"nfe":145200,"gps":[],"lps":[],