{"avgHealth":0.9983831994859759,"seeds":[[3.1290262829754347,3.141592653589793,3.141592653589793],[3.1541590242041515,3.141592653589793,3.141592653589793],[3.1290262829754347,3.141592653589793,3.1541590242041515],[3.1290262829754347,3.1290262829754347,3.141592653589793],[3.1290262829754347,3.1541590242041515,3.141592653589793],[3.1541590242041515,3.141592653589793,3.1541590242041515],[3.1290262829754347,3.1541590242041515,3.1290262829754347],[3.1290262829754347,3.1290262829754347,3.1541590242041515],[3.1290262829754347,3.1541590242041515,3.1541590242041515],[3.141592653589793,3.141592653589793,3.1164599123610746],[3.1164599123610746,3.141592653589793,3.141592653589793],[3.1667253948185117,3.141592653589793,3.141592653589793],[3.141592653589793,3.1164599123610746,3.141592653589793],[3.1290262829754347,3.1667253948185117,3.141592653589793],[3.1290262829754347,3.1164599123610746,3.141592653589793],[3.1667253948185117,3.1541590242041515,3.141592653589793],[3.1290262829754347,3.141592653589793,3.1164599123610746],[3.1290262829754347,3.141592653589793,3.1667253948185117],[3.1164599123610746,3.141592653589793,3.1541590242041515],[3.1667253948185117,3.141592653589793,3.1541590242041515],[3.1541590242041515,3.141592653589793,3.1667253948185117],[3.1164599123610746,3.1290262829754347,3.141592653589793],[3.1541590242041515,3.1164599123610746,3.141592653589793],[3.1164599123610746,3.1541590242041515,3.141592653589793],[3.1541590242041515,3.141592653589793,3.1164599123610746],[3.1290262829754347,3.1667253948185117,3.1541590242041515],[3.1667253948185117,3.1541590242041515,3.1290262829754347],[3.1290262829754347,3.1541590242041515,3.1164599123610746],[3.1541590242041515,3.1164599123610746,3.1541590242041515],[3.1290262829754347,3.1541590242041515,3.1667253948185117],[3.1541590242041515,3.1541590242041515,3.1164599123610746],[3.1290262829754347,3.1164599123610746,3.1290262829754347],[3.1290262829754347,3.1290262829754347,3.1164599123610746],[3.1667253948185117,3.1290262829754347,3.1541590242041515],[3.1290262829754347,3.1164599123610746,3.1541590242041515],[3.1164599123610746,3.141592653589793,3.1164599123610746],[3.1667253948185117,3.1164599123610746,3.141592653589793],[3.1164599123610746,3.1164599123610746,3.141592653589793],[3.1164599123610746,3.141592653589793,3.1667253948185117],[3.1667253948185117,3.141592653589793,3.1164599123610746],[3.1667253948185117,3.141592653589793,3.1667253948185117],[3.1164599123610746,3.1667253948185117,3.141592653589793],[3.141592653589793,3.1164599123610746,3.1164599123610746],[3.1290262829754347,3.1164599123610746,3.1667253948185117],[3.1667253948185117,3.1541590242041515,3.1164599123610746],[3.1290262829754347,3.1164599123610746,3.1164599123610746],[3.1290262829754347,3.1667253948185117,3.1164599123610746],[3.1667253948185117,3.1164599123610746,3.1290262829754347],[3.1164599123610746,3.1667253948185117,3.1541590242041515],[3.1290262829754347,3.1667253948185117,3.1667253948185117],[3.1541590242041515,3.1164599123610746,3.1164599123610746],[3.1541590242041515,3.1164599123610746,3.1667253948185117],[3.1164599123610746,3.1164599123610746,3.1290262829754347],[3.1164599123610746,3.1541590242041515,3.1164599123610746],[3.17929176543287,3.141592653589793,3.141592653589793],[3.103893541746716,3.141592653589793,3.141592653589793],[3.141592653589793,3.141592653589793,3.103893541746716],[3.103893541746716,3.141592653589793,3.1541590242041515],[3.17929176543287,3.141592653589793,3.1541590242041515],[3.1290262829754347,3.141592653589793,3.17929176543287],[3.1290262829754347,3.141592653589793,3.103893541746716],[3.103893541746716,3.1541590242041515,3.141592653589793],[3.103893541746716,3.141592653589793,3.1290262829754347],[3.103893541746716,3.1290262829754347,3.141592653589793],[3.17929176543287,3.1290262829754347,3.141592653589793],[3.1290262829754347,3.17929176543287,3.141592653589793],[3.17929176543287,3.1541590242041515,3.141592653589793],[3.1541590242041515,3.141592653589793,3.103893541746716],[3.1290262829754347,3.103893541746716,3.141592653589793],[3.1290262829754347,3.1290262829754347,3.103893541746716],[3.1290262829754347,3.1541590242041515,3.17929176543287],[3.103893541746716,3.1290262829754347,3.1541590242041515],[3.103893541746716,3.1541590242041515,3.1290262829754347],[3.17929176543287,3.1290262829754347,3.1541590242041515],[3.1290262829754347,3.103893541746716,3.1290262829754347],[3.17929176543287,3.103893541746716,3.1290262829754347]],"nseeds":76,"executions":1725,"nfe":173000,"gps":[],"lps":[],