{"avgHealth":0.9979544904897579,"seeds":[[3.141592653589793,3.1541590242041515,3.141592653589793],[3.141592653589793,3.141592653589793,3.1290262829754347],[3.141592653589793,3.1290262829754347,3.141592653589793],[3.141592653589793,3.141592653589793,3.1541590242041515],[3.141592653589793,3.1541590242041515,3.1541590242041515],[3.141592653589793,3.1290262829754347,3.1541590242041515],[3.1290262829754347,3.1290262829754347,3.141592653589793],[3.141592653589793,3.1541590242041515,3.1290262829754347],[3.141592653589793,3.1290262829754347,3.1290262829754347],[3.1290262829754347,3.141592653589793,3.1541590242041515],[3.1541590242041515,3.1541590242041515,3.141592653589793],[3.1290262829754347,3.1541590242041515,3.141592653589793],[3.1290262829754347,3.1290262829754347,3.1541590242041515],[3.1290262829754347,3.1541590242041515,3.1541590242041515],[3.1541590242041515,3.1541590242041515,3.1541590242041515],[3.141592653589793,3.141592653589793,3.1667253948185117],[3.141592653589793,3.1667253948185117,3.141592653589793],[3.141592653589793,3.141592653589793,3.1164599123610746],[3.141592653589793,3.1164599123610746,3.141592653589793],[3.141592653589793,3.1667253948185117,3.1541590242041515],[3.141592653589793,3.1541590242041515,3.1667253948185117],[3.1290262829754347,3.141592653589793,3.1164599123610746],[3.141592653589793,3.1290262829754347,3.1667253948185117],[3.141592653589793,3.1541590242041515,3.1164599123610746],[3.141592653589793,3.1290262829754347,3.1164599123610746],[3.1290262829754347,3.141592653589793,3.1667253948185117],[3.1290262829754347,3.1164599123610746,3.141592653589793],[3.141592653589793,3.1164599123610746,3.1541590242041515],[3.141592653589793,3.1667253948185117,3.1290262829754347],[3.1290262829754347,3.1667253948185117,3.141592653589793],[3.1164599123610746,3.141592653589793,3.1541590242041515],[3.1541590242041515,3.1667253948185117,3.141592653589793],[3.1290262829754347,3.1667253948185117,3.1541590242041515],[3.1290262829754347,3.1290262829754347,3.1667253948185117],[3.1290262829754347,3.1164599123610746,3.1541590242041515],[3.1164599123610746,3.1290262829754347,3.1541590242041515],[3.1290262829754347,3.1541590242041515,3.1667253948185117],[3.1541590242041515,3.1541590242041515,3.1164599123610746],[3.1541590242041515,3.1667253948185117,3.1541590242041515],[3.1164599123610746,3.1541590242041515,3.1541590242041515],[3.1541590242041515,3.1164599123610746,3.1541590242041515],[3.1164599123610746,3.1290262829754347,3.1290262829754347],[3.1164599123610746,3.1667253948185117,3.141592653589793],[3.141592653589793,3.1667253948185117,3.1667253948185117],[3.1164599123610746,3.1164599123610746,3.141592653589793],[3.141592653589793,3.1667253948185117,3.1164599123610746],[3.141592653589793,3.1164599123610746,3.1667253948185117],[3.1164599123610746,3.141592653589793,3.1667253948185117],[3.1541590242041515,3.1667253948185117,3.1667253948185117],[3.1164599123610746,3.1541590242041515,3.1164599123610746],[3.1164599123610746,3.1290262829754347,3.1667253948185117],[3.1164599123610746,3.1667253948185117,3.1290262829754347],[3.1164599123610746,3.1667253948185117,3.1541590242041515],[3.1667253948185117,3.1290262829754347,3.1667253948185117],[3.1164599123610746,3.1541590242041515,3.1667253948185117],[3.1290262829754347,3.1667253948185117,3.1667253948185117],[3.1290262829754347,3.1164599123610746,3.1667253948185117],[3.141592653589793,3.141592653589793,3.103893541746716],[3.141592653589793,3.103893541746716,3.141592653589793],[3.17929176543287,3.141592653589793,3.1541590242041515],[3.141592653589793,3.1290262829754347,3.17929176543287],[3.141592653589793,3.103893541746716,3.1541590242041515],[3.141592653589793,3.1541590242041515,3.17929176543287],[3.141592653589793,3.103893541746716,3.1290262829754347],[3.141592653589793,3.1290262829754347,3.103893541746716],[3.1541590242041515,3.141592653589793,3.103893541746716],[3.17929176543287,3.141592653589793,3.1290262829754347],[3.103893541746716,3.1541590242041515,3.141592653589793],[3.1290262829754347,3.103893541746716,3.141592653589793],[3.1541590242041515,3.103893541746716,3.141592653589793],[3.1290262829754347,3.103893541746716,3.1541590242041515],[3.1290262829754347,3.1290262829754347,3.17929176543287],[3.1541590242041515,3.103893541746716,3.1541590242041515],[3.103893541746716,3.1541590242041515,3.1290262829754347],[3.17929176543287,3.1541590242041515,3.1541590242041515],[3.103893541746716,3.1541590242041515,3.1541590242041515],[3.103893541746716,3.1290262829754347,3.1541590242041515],[3.1541590242041515,3.103893541746716,3.1290262829754347],[3.17929176543287,3.1290262829754347,3.1541590242041515],[3.1290262829754347,3.1290262829754347,3.103893541746716],[3.1290262829754347,3.1541590242041515,3.17929176543287],[3.1164599123610746,3.1667253948185117,3.1667253948185117],[3.1164599123610746,3.1667253948185117,3.1164599123610746],[3.1164599123610746,3.1164599123610746,3.1667253948185117],[3.141592653589793,3.103893541746716,3.1667253948185117],[3.1164599123610746,3.141592653589793,3.103893541746716],[3.141592653589793,3.17929176543287,3.1667253948185117],[3.17929176543287,3.1667253948185117,3.141592653589793],[3.141592653589793,3.103893541746716,3.1164599123610746],[3.1164599123610746,3.103893541746716,3.141592653589793],[3.17929176543287,3.141592653589793,3.1667253948185117],[3.103893541746716,3.141592653589793,3.1667253948185117],[3.17929176543287,3.141592653589793,3.1164599123610746],[3.141592653589793,3.17929176543287,3.1164599123610746],[3.141592653589793,3.1667253948185117,3.17929176543287],[3.141592653589793,3.1667253948185117,3.103893541746716],[3.17929176543287,3.1667253948185117,3.1541590242041515],[3.1164599123610746,3.103893541746716,3.1541590242041515],[3.103893541746716,3.1667253948185117,3.1541590242041515],[3.1164599123610746,3.103893541746716,3.1290262829754347],[3.17929176543287,3.1667253948185117,3.1290262829754347],[3.103893541746716,3.1667253948185117,3.1290262829754347],[3.17929176543287,3.1667253948185117,3.0661944299036374]],"nseeds":103,"executions":1707,"nfe":171200,"gps":[],"lps":[],