{"avgHealth":0.9872464612776986,"seeds":[[3.053628059289279,3.141592653589793,3.141592653589793],[3.053628059289279,3.1541590242041515,3.141592653589793],[3.053628059289279,3.1290262829754347,3.141592653589793],[3.053628059289279,3.141592653589793,3.1290262829754347],[3.053628059289279,3.141592653589793,3.1541590242041515],[3.053628059289279,3.1290262829754347,3.1541590242041515],[3.053628059289279,3.1541590242041515,3.1541590242041515],[3.053628059289279,3.1290262829754347,3.1290262829754347],[3.053628059289279,3.1541590242041515,3.1290262829754347],[3.053628059289279,3.1667253948185117,3.141592653589793],[3.053628059289279,3.141592653589793,3.1667253948185117],[3.053628059289279,3.1164599123610746,3.141592653589793],[3.053628059289279,3.141592653589793,3.1164599123610746],[3.053628059289279,3.1290262829754347,3.1667253948185117],[3.053628059289279,3.1667253948185117,3.1290262829754347],[3.053628059289279,3.1541590242041515,3.1667253948185117],[3.053628059289279,3.1290262829754347,3.1164599123610746],[3.053628059289279,3.1667253948185117,3.1541590242041515],[3.053628059289279,3.1164599123610746,3.1541590242041515],[3.053628059289279,3.1541590242041515,3.1164599123610746],[3.053628059289279,3.1164599123610746,3.1290262829754347],[3.053628059289279,3.1667253948185117,3.1667253948185117],[3.053628059289279,3.1667253948185117,3.1164599123610746],[3.053628059289279,3.1164599123610746,3.1667253948185117],[3.053628059289279,3.141592653589793,3.17929176543287],[3.053628059289279,3.17929176543287,3.141592653589793],[3.053628059289279,3.141592653589793,3.103893541746716],[3.053628059289279,3.17929176543287,3.1290262829754347],[3.053628059289279,3.1541590242041515,3.103893541746716],[3.053628059289279,3.1290262829754347,3.103893541746716],[3.053628059289279,3.1541590242041515,3.17929176543287],[3.053628059289279,3.1290262829754347,3.17929176543287],[3.053628059289279,3.17929176543287,3.1541590242041515],[3.053628059289279,3.1290262829754347,3.2044245066615886]],"nseeds":34,"executions":2641,"nfe":264600,"gps":[],"lps":[],"fps":[[3.053628059289279,3.141592653589793,3.141592653589793],[3.053628059289279,3.1541590242041515,3.141592653589793],[3.053628059289279,3.1290262829754347,3.141592653589793],[3.053628059289279,3.141592653589793,3.1290262829754347],[3.053628059289279,3.141592653589793,3.1541590242041515],[3.053628059289279,3.1290262829754347,3.1541590242041515],[3.053628059289279,3.1541590242041515,3.1541590242041515],[3.053628059289279,3.1290262829754347,3.1290262829754347],[3.053628059289279,3.1541590242041515,3.1290262829754347],[3.053628059289279,3.1667253948185117,3.141592653589793],[3.053628059289279,3.141592653589793,3.1667253948185117],[3.053628059289279,3.1164599123610746,3.141592653589793],[3.053628059289279,3.141592653589793,3.1164599123610746],[3.053628059289279,3.1290262829754347,3.1667253948185117],[3.053628059289279,3.1667253948185117,3.1290262829754347],[3.053628059289279,3.1541590242041515,3.1667253948185117],[3.053628059289279,3.1290262829754347,3.1164599123610746],[3.053628059289279,3.1667253948185117,3.1541590242041515],[3.053628059289279,3.1164599123610746,3.1541590242041515],[3.053628059289279,3.1541590242041515,3.1164599123610746],[3.053628059289279,3.1164599123610746,3.1290262829754347],[3.053628059289279,3.1667253948185117,3.1667253948185117],[3.053628059289279,3.1667253948185117,3.1164599123610746],[3.053628059289279,3.1164599123610746,3.1667253948185117],[3.053628059289279,3.141592653589793,3.17929176543287],[3.053628059289279,3.17929176543287,3.141592653589793],[3.053628059289279,3.141592653589793,3.103893541746716],[3.053628059289279,3.17929176543287,3.1290262829754347],[3.053628059289279,3.1541590242041515,3.103893541746716],[3.053628059289279,3.1290262829754347,3.103893541746716],[3.053628059289279,3.1541590242041515,3.17929176543287],[3.053628059289279,3.1290262829754347,3.17929176543287],[3.053628059289279,3.17929176543287,3.1541590242041515],[3.053628059289279,3.1290262829754347,3.2044245066615886]],"np":0,"gp":0,"pr":0,"gpr":0,"fpr":1,"reason":"statistic"}