{"avgHealth":0.9988032207325341,"seeds":[[3.141592653589793,3.141592653589793,3.141592653589793],[3.141592653589793,3.1541590242041515,3.141592653589793],[3.141592653589793,3.141592653589793,3.1290262829754347],[3.141592653589793,3.1290262829754347,3.141592653589793],[3.141592653589793,3.141592653589793,3.1541590242041515],[3.141592653589793,3.1541590242041515,3.1290262829754347],[3.1541590242041515,3.1290262829754347,3.141592653589793],[3.141592653589793,3.1541590242041515,3.1541590242041515],[3.141592653589793,3.1290262829754347,3.1290262829754347],[3.1541590242041515,3.1541590242041515,3.141592653589793],[3.141592653589793,3.1290262829754347,3.1541590242041515],[3.1541590242041515,3.1290262829754347,3.1290262829754347],[3.1541590242041515,3.1290262829754347,3.1541590242041515],[3.1541590242041515,3.1541590242041515,3.1290262829754347],[3.1541590242041515,3.1541590242041515,3.1541590242041515],[3.141592653589793,3.1667253948185117,3.141592653589793],[3.1667253948185117,3.141592653589793,3.141592653589793],[3.141592653589793,3.141592653589793,3.1164599123610746],[3.141592653589793,3.1164599123610746,3.141592653589793],[3.1667253948185117,3.1541590242041515,3.141592653589793],[3.1667253948185117,3.1290262829754347,3.141592653589793],[3.141592653589793,3.1541590242041515,3.1164599123610746],[3.141592653589793,3.1164599123610746,3.1541590242041515],[3.141592653589793,3.1667253948185117,3.1541590242041515],[3.141592653589793,3.1667253948185117,3.1290262829754347],[3.141592653589793,3.1290262829754347,3.1164599123610746],[3.141592653589793,3.1164599123610746,3.1290262829754347],[3.1667253948185117,3.141592653589793,3.1541590242041515],[3.1541590242041515,3.141592653589793,3.1164599123610746],[3.1667253948185117,3.141592653589793,3.1290262829754347],[3.1541590242041515,3.1164599123610746,3.141592653589793],[3.1667253948185117,3.1541590242041515,3.1290262829754347],[3.1667253948185117,3.1290262829754347,3.1290262829754347],[3.1541590242041515,3.1667253948185117,3.1541590242041515],[3.1541590242041515,3.1667253948185117,3.1290262829754347],[3.1667253948185117,3.1290262829754347,3.1541590242041515],[3.1541590242041515,3.1290262829754347,3.1164599123610746],[3.1667253948185117,3.1541590242041515,3.1541590242041515],[3.1541590242041515,3.1164599123610746,3.1290262829754347],[3.1541590242041515,3.1541590242041515,3.1164599123610746],[3.1541590242041515,3.1164599123610746,3.1541590242041515],[3.141592653589793,3.1667253948185117,3.1164599123610746],[3.1667253948185117,3.141592653589793,3.1164599123610746],[3.1667253948185117,3.1667253948185117,3.141592653589793],[3.1667253948185117,3.1164599123610746,3.141592653589793],[3.1667253948185117,3.1541590242041515,3.1164599123610746],[3.1667253948185117,3.1667253948185117,3.1290262829754347],[3.1667253948185117,3.1290262829754347,3.1164599123610746],[3.1541590242041515,3.1667253948185117,3.1164599123610746],[3.1541590242041515,3.1164599123610746,3.1164599123610746],[3.1667253948185117,3.1164599123610746,3.1541590242041515],[3.1667253948185117,3.1667253948185117,3.1541590242041515],[3.17929176543287,3.1667253948185117,3.1164599123610746]],"nseeds":53,"executions":1518,"nfe":152300,"gps":[],"lps":[],"fps":[[3.141592653589793,3.141592653589793,3.141592653589793],[3.141592653589793,3.1541590242041515,3.141592653589793],[3.141592653589793,3.141592653589793,3.1290262829754347],[3.141592653589793,3.1290262829754347,3.141592653589793],[3.141592653589793,3.141592653589793,3.1541590242041515],[3.141592653589793,3.1541590242041515,3.1290262829754347],[3.1541590242041515,3.1290262829754347,3.141592653589793],[3.141592653589793,3.1541590242041515,3.1541590242041515],[3.141592653589793,3.1290262829754347,3.1290262829754347],[3.1541590242041515,3.1541590242041515,3.141592653589793],[3.141592653589793,3.1290262829754347,3.1541590242041515],[3.1541590242041515,3.1290262829754347,3.1290262829754347],[3.1541590242041515,3.1290262829754347,3.1541590242041515],[3.1541590242041515,3.1541590242041515,3.1290262829754347],[3.1541590242041515,3.1541590242041515,3.1541590242041515],[3.141592653589793,3.1667253948185117,3.141592653589793],[3.1667253948185117,3.141592653589793,3.141592653589793],[3.141592653589793,3.141592653589793,3.1164599123610746],[3.141592653589793,3.1164599123610746,3.141592653589793],[3.1667253948185117,3.1541590242041515,3.141592653589793],[3.1667253948185117,3.1290262829754347,3.141592653589793],[3.141592653589793,3.1541590242041515,3.1164599123610746],[3.141592653589793,3.1164599123610746,3.1541590242041515],[3.141592653589793,3.1667253948185117,3.1541590242041515],[3.141592653589793,3.1667253948185117,3.1290262829754347],[3.141592653589793,3.1290262829754347,3.1164599123610746],[3.141592653589793,3.1164599123610746,3.1290262829754347],[3.1667253948185117,3.141592653589793,3.1541590242041515],[3.1541590242041515,3.141592653589793,3.1164599123610746],[3.1667253948185117,3.141592653589793,3.1290262829754347],[3.1541590242041515,3.1164599123610746,3.141592653589793],[3.1667253948185117,3.1541590242041515,3.1290262829754347],[3.1667253948185117,3.1290262829754347,3.1290262829754347],[3.1541590242041515,3.1667253948185117,3.1541590242041515],[3.1541590242041515,3.1667253948185117,3.1290262829754347],[3.1667253948185117,3.1290262829754347,3.1541590242041515],[3.1541590242041515,3.1290262829754347,3.1164599123610746],[3.1667253948185117,3.1541590242041515,3.1541590242041515],[3.1541590242041515,3.1164599123610746,3.1290262829754347],[3.1541590242041515,3.1541590242041515,3.1164599123610746],[3.1541590242041515,3.1164599123610746,3.1541590242041515],[3.141592653589793,3.1667253948185117,3.1164599123610746],[3.1667253948185117,3.141592653589793,3.1164599123610746],[3.1667253948185117,3.1667253948185117,3.141592653589793],[3.1667253948185117,3.1164599123610746,3.141592653589793],[3.1667253948185117,3.1541590242041515,3.1164599123610746],[3.1667253948185117,3.1667253948185117,3.1290262829754347],[3.1667253948185117,3.1290262829754347,3.1164599123610746],[3.1541590242041515,3.1667253948185117,3.1164599123610746],[3.1541590242041515,3.1164599123610746,3.1164599123610746],[3.1667253948185117,3.1164599123610746,3.1541590242041515],[3.1667253948185117,3.1667253948185117,3.1541590242041515],[3.17929176543287,3.1667253948185117,3.1164599123610746]],"np":0,"gp":0,"pr":0,"gpr":0,"fpr":1,"reason":"statistic"}