{"avgHealth":0.9987540061767612,"seeds":[[3.141592653589793,3.1290262829754347,3.141592653589793],[3.141592653589793,3.1541590242041515,3.141592653589793],[3.1541590242041515,3.141592653589793,3.141592653589793],[3.1290262829754347,3.1541590242041515,3.141592653589793],[3.1541590242041515,3.1290262829754347,3.141592653589793],[3.1541590242041515,3.1541590242041515,3.141592653589793],[3.1290262829754347,3.1290262829754347,3.141592653589793],[3.141592653589793,3.1541590242041515,3.1290262829754347],[3.141592653589793,3.1541590242041515,3.1541590242041515],[3.1541590242041515,3.1541590242041515,3.1541590242041515],[3.1541590242041515,3.1290262829754347,3.1541590242041515],[3.1541590242041515,3.1290262829754347,3.1290262829754347],[3.1290262829754347,3.1290262829754347,3.1541590242041515],[3.1290262829754347,3.1290262829754347,3.1290262829754347],[3.1290262829754347,3.1541590242041515,3.1541590242041515],[3.1290262829754347,3.1541590242041515,3.1290262829754347],[3.1541590242041515,3.1541590242041515,3.1290262829754347],[3.141592653589793,3.1667253948185117,3.141592653589793],[3.1667253948185117,3.141592653589793,3.1290262829754347],[3.1667253948185117,3.1290262829754347,3.141592653589793],[3.1541590242041515,3.1164599123610746,3.141592653589793],[3.1541590242041515,3.1667253948185117,3.141592653589793],[3.1164599123610746,3.1541590242041515,3.141592653589793],[3.1290262829754347,3.141592653589793,3.1164599123610746],[3.1290262829754347,3.1164599123610746,3.141592653589793],[3.141592653589793,3.1541590242041515,3.1667253948185117],[3.1667253948185117,3.1541590242041515,3.141592653589793],[3.141592653589793,3.1290262829754347,3.1667253948185117],[3.141592653589793,3.1290262829754347,3.1164599123610746],[3.141592653589793,3.1164599123610746,3.1290262829754347],[3.1164599123610746,3.1290262829754347,3.141592653589793],[3.141592653589793,3.1667253948185117,3.1541590242041515],[3.1541590242041515,3.141592653589793,3.1164599123610746],[3.1541590242041515,3.141592653589793,3.1667253948185117],[3.1290262829754347,3.1667253948185117,3.141592653589793],[3.141592653589793,3.1541590242041515,3.1164599123610746],[3.1290262829754347,3.1541590242041515,3.1164599123610746],[3.1541590242041515,3.1290262829754347,3.1164599123610746],[3.1290262829754347,3.1290262829754347,3.1164599123610746],[3.1541590242041515,3.1164599123610746,3.1541590242041515],[3.1667253948185117,3.1290262829754347,3.1541590242041515],[3.1541590242041515,3.1290262829754347,3.1667253948185117],[3.1541590242041515,3.1541590242041515,3.1667253948185117],[3.1290262829754347,3.1290262829754347,3.1667253948185117],[3.1541590242041515,3.1541590242041515,3.1164599123610746],[3.1667253948185117,3.1541590242041515,3.1541590242041515],[3.1164599123610746,3.1290262829754347,3.1290262829754347],[3.1290262829754347,3.1541590242041515,3.1667253948185117],[3.1164599123610746,3.1541590242041515,3.1290262829754347],[3.1667253948185117,3.1290262829754347,3.1290262829754347],[3.1290262829754347,3.1667253948185117,3.1541590242041515],[3.1290262829754347,3.1164599123610746,3.1541590242041515],[3.1541590242041515,3.1164599123610746,3.1290262829754347],[3.1541590242041515,3.1667253948185117,3.1541590242041515],[3.1164599123610746,3.141592653589793,3.1164599123610746],[3.1164599123610746,3.1667253948185117,3.141592653589793],[3.1164599123610746,3.141592653589793,3.1667253948185117],[3.1667253948185117,3.1164599123610746,3.141592653589793],[3.141592653589793,3.1667253948185117,3.1164599123610746],[3.1667253948185117,3.1290262829754347,3.1667253948185117],[3.1541590242041515,3.1164599123610746,3.1667253948185117],[3.1164599123610746,3.1290262829754347,3.1667253948185117],[3.1667253948185117,3.1541590242041515,3.1667253948185117],[3.1290262829754347,3.1164599123610746,3.1164599123610746],[3.1541590242041515,3.1164599123610746,3.1164599123610746],[3.1164599123610746,3.1290262829754347,3.1164599123610746],[3.1667253948185117,3.1290262829754347,3.1164599123610746],[3.1164599123610746,3.1541590242041515,3.1667253948185117],[3.1290262829754347,3.1667253948185117,3.1164599123610746],[3.1164599123610746,3.1541590242041515,3.1164599123610746],[3.1290262829754347,3.1667253948185117,3.1667253948185117],[3.1667253948185117,3.1541590242041515,3.1164599123610746],[3.1541590242041515,3.1667253948185117,3.1164599123610746],[3.1667253948185117,3.1164599123610746,3.1290262829754347]],"nseeds":74,"executions":1512,"nfe":151700,"gps":[],"lps":[],