{"avgHealth":122.3880912619876,"seeds":[[-0.7999999999999989,4.859999999999999],[4.859999999999999,-0.7999999999999989],[4.859999999999999,-7.0600000000000005],[-7.0600000000000005,4.859999999999999],[4.82,5.48],[-0.7799999999999994,-1.3800000000000008],[-0.7999999999999989,4.800000000000001],[4.800000000000001,5.5],[4.859999999999999,5.42],[4.779999999999999,-0.7999999999999989],[-7.08,4.779999999999999],[4.779999999999999,5.5],[4.779999999999999,-7.0600000000000005],[4.800000000000001,-0.7400000000000002],[-0.7999999999999989,4.960000000000001],[-7.640000000000001,-7],[4.960000000000001,5.440000000000001],[-7.199999999999999,4.859999999999999],[4.98,-7.0600000000000005],[5.02,-0.7999999999999989],[5.02,5.52],[-0.16000000000000014,-0.7999999999999989],[5.02,-0.7400000000000002],[-6.9,-1.42],[-0.14000000000000057,-7.0600000000000005],[-0.7999999999999989,-0.2599999999999998],[-0.2599999999999998,5.48],[-0.14000000000000057,5.440000000000001],[-7.0600000000000005,-0.2599999999999998],[-0.7400000000000002,-0.2599999999999998],[-0.28000000000000114,-7.08],[4.34,-1.42],[4.859999999999999,-1.9399999999999995],[4.779999999999999,-1.9399999999999995],[-7.199999999999999,5.08],[-0.7999999999999989,5.1],[5.1,-0.7999999999999989],[5.1,5.5],[-5.3999999999999995,-7.12],[4.859999999999999,-5.92],[-5.38,-0.7999999999999989],[4.32,-0.2599999999999998],[5.58,3.740000000000002],[0.7200000000000006,-0.8200000000000003],[-0.8200000000000003,8.080000000000002],[5.440000000000001,-4.539999999999999],[7.66,4.859999999999999],[5.58,-4.5],[-4.3999999999999995,5.48],[-7.0600000000000005,-4.3999999999999995],[4.859999999999999,6.5],[8.620000000000001,4.98],[5.58,3.6400000000000006],[-3.040000000000001,6.120000000000001],[-6.96,-4.3999999999999995],[-0.6600000000000001,-4.3999999999999995],[1.259999999999998,-0.2599999999999998],[4.32,9.98],[-4.3999999999999995,-0.5600000000000005],[4.32,-4.3999999999999995],[2.5999999999999996,-7.08],[0.9200000000000017,6.68],[-5.38,-5.02],[9.879999999999999,-8.26],[10,-3.1399999999999997],[8.060000000000002,9.46],[-8.120000000000001,-3.58],[4.859999999999999,-4.74],[6.120000000000001,3.040000000000001],[8.560000000000002,-9.94],[-1.3599999999999994,8.82],[2.1400000000000006,8.96],[6.200000000000003,-5.18],[2.24,2.0199999999999996],[7.84,-6.26],[-3,2.5199999999999996],[2.1799999999999997,-6.12],[-9.94,7.16],[-2.66,-4.3999999999999995],[4.16,3.08],[-0.2599999999999998,0.09999999999999964],[6.699999999999999,4.059999999999999],[8.600000000000001,2.24],[2.3000000000000007,2.3599999999999994],[3.1799999999999997,-5.02],[5.1,9.98],[7.420000000000002,5.48],[-2.7,4.84],[-2.7,-7.72],[-8.98,-1.42],[1.3399999999999999,-1.959999999999999],[6.120000000000001,8.2],[6.080000000000002,-4.56],[4.859999999999999,0.08000000000000007],[-9.36,4.279999999999999],[-6.68,-6.6],[3.120000000000001,5.48],[-4.3999999999999995,4.859999999999999],[3.16,-6.96],[4.459999999999999,-0.7999999999999989],[3.16,-7.199999999999999],[4.32,-1.9399999999999995],[7.52,-0.879999999999999],[-0.7999999999999989,2.4000000000000004],[-7.08,3.1400000000000006],[4.279999999999999,-2.0599999999999996],[7.52,-0.7999999999999989],[1.259999999999998,5.42],[4.779999999999999,9.98],[7.539999999999999,5.440000000000001],[1.259999999999998,-7.0600000000000005],[3.16,-7.0600000000000005],[1.259999999999998,-0.7999999999999989],[-0.7999999999999989,1.259999999999998],[3.1799999999999997,-0.7999999999999989],[5.1,-7.62],[6.039999999999999,-0.08000000000000007],[-7.1,5.220000000000001],[4.66,4.68],[-1.9399999999999995,-0.9000000000000004],[-2.0599999999999996,-7],[-1.9399999999999995,-0.7999999999999989],[-0.7999999999999989,-1.9399999999999995],[4.32,5.42],[4.32,-0.7400000000000002],[-0.09999999999999964,4.960000000000001],[-7.08,-7.32],[4.299999999999999,-7.140000000000001],[-7.0600000000000005,-1.959999999999999],[4.32,-7.0600000000000005],[-0.7400000000000002,-0.5600000000000005],[-1.959999999999999,5.48],[4.32,5.5],[4.32,-0.7999999999999989],[-0.7999999999999989,4.239999999999998],[-2,5.52],[-7.0600000000000005,-0.5600000000000005],[-0.5600000000000005,-0.7999999999999989],[-0.7999999999999989,-0.5600000000000005],[-0.120000000000001,-7.72],[-1.42,-0.14000000000000057],[-0.5800000000000001,-0.7999999999999989],[4.779999999999999,4.76],[-0.6600000000000001,-0.9000000000000004],[-6.96,-0.9000000000000004],[-7.640000000000001,-7.699999999999999],[-0.6600000000000001,-0.7400000000000002],[-7.72,-7.699999999999999],[-6.96,-7.0600000000000005],[-0.7999999999999989,5.359999999999999],[-7.08,-6.96],[-6.96,5.48],[-7.12,5.600000000000001],[-0.7400000000000002,-0.9000000000000004],[-0.9000000000000004,-7.0600000000000005],[-6.98,-0.7999999999999989],[-0.9000000000000004,5.5],[-0.7400000000000002,-0.7400000000000002],[-0.879999999999999,5.48],[-0.7999999999999989,-0.879999999999999],[-7.0600000000000005,-0.7400000000000002],[-7.12,-0.7999999999999989],[-7.0600000000000005,-0.7999999999999989],[-0.7999999999999989,-0.7999999999999989]],"nseeds":164,"executions":2072,"nfe":207700,"gps":[[-0.7999999999999989,4.859999999999999],[4.859999999999999,-0.7999999999999989]],"lps":[],