{"avgHealth":0.994923998676285,"seeds":[[0],[-1.2000000000000455],[3.6000000000000227]],"nseeds":3,"executions":1956,"nfe":196100,"gps":[[0]],"lps":[],"fps":[[-1.2000000000000455],[3.6000000000000227]],"np":1,"gp":1,"pr":0.3333333333333333,"gpr":1,"fpr":0.6666666666666666,"reason":"statistic"}