{"avgHealth":0.998626336082254,"seeds":[[0],[-6],[1.2000000000000455]],"nseeds":3,"executions":1959,"nfe":196400,"gps":[[0]],"lps":[],"fps":[[-6],[1.2000000000000455]],"np":1,"gp":1,"pr":0.3333333333333333,"gpr":1,"fpr":0.6666666666666666,"reason":"statistic"}