{"avgHealth":0.9931261458590984,"seeds":[[0],[8.399999999999977],[3.6000000000000227]],"nseeds":3,"executions":1874,"nfe":187900,"gps":[[0]],"lps":[],"fps":[[8.399999999999977],[3.6000000000000227]],"np":1,"gp":1,"pr":0.3333333333333333,"gpr":1,"fpr":0.6666666666666666,"reason":"statistic"}