{"avgHealth":0.995716498153968,"seeds":[[0],[-4.7999999999999545],[-10.799999999999955]],"nseeds":3,"executions":1852,"nfe":185700,"gps":[[0]],"lps":[],"fps":[[-4.7999999999999545],[-10.799999999999955]],"np":1,"gp":1,"pr":0.3333333333333333,"gpr":1,"fpr":0.6666666666666666,"reason":"statistic"}