{"avgHealth":0.0021781858517829138,"seeds":[[0],[-6],[19.200000000000045],[-19.200000000000045],[25.200000000000045],[-25.200000000000045],[-12],[12],[-13.200000000000045],[13.200000000000045],[-31.200000000000045],[31.200000000000045],[18],[-18],[37.200000000000045],[-37.200000000000045],[-44.39999999999998],[44.40000000000009],[-38.39999999999998],[38.40000000000009],[-1.2000000000000455],[1.2000000000000455],[-50.39999999999998],[-32.39999999999998],[32.39999999999998],[-24],[24],[43.200000000000045],[-43.19999999999993],[56.40000000000009],[-56.39999999999998],[-26.399999999999977],[26.399999999999977],[4.7999999999999545],[-4.7999999999999545],[62.40000000000009],[-62.39999999999998],[30],[-30],[-20.399999999999977],[20.399999999999977],[49.200000000000045],[-49.19999999999993],[10.799999999999955],[-10.799999999999955],[-63.60000000000002],[63.60000000000002],[-14.399999999999977],[69.60000000000002],[-69.60000000000002],[-57.60000000000002],[57.60000000000002],[68.40000000000009],[-68.39999999999998],[-51.60000000000002],[51.60000000000002],[75.59999999999991],[-75.60000000000002],[-36],[36],[16.800000000000068],[-16.800000000000068],[8.399999999999977],[55.200000000000045],[-55.19999999999993],[-45.60000000000002],[-81.60000000000002],[81.59999999999991],[27.600000000000023]],"nseeds":69,"executions":1148,"nfe":115300,"gps":[[0]],"lps":[],"fps":[[-6],[19.200000000000045],[-19.200000000000045],[25.200000000000045],[-25.200000000000045],[-12],[12],[-13.200000000000045],[13.200000000000045],[-31.200000000000045],[31.200000000000045],[18],[-18],[37.200000000000045],[-37.200000000000045],[-44.39999999999998],[44.40000000000009],[-38.39999999999998],[38.40000000000009],[-1.2000000000000455],[1.2000000000000455],[-50.39999999999998],[-32.39999999999998],[32.39999999999998],[-24],[24],[43.200000000000045],[-43.19999999999993],[56.40000000000009],[-56.39999999999998],[-26.399999999999977],[26.399999999999977],[4.7999999999999545],[-4.7999999999999545],[62.40000000000009],[-62.39999999999998],[30],[-30],[-20.399999999999977],[20.399999999999977],[49.200000000000045],[-49.19999999999993],[10.799999999999955],[-10.799999999999955],[-63.60000000000002],[63.60000000000002],[-14.399999999999977],[69.60000000000002],[-69.60000000000002],[-57.60000000000002],[57.60000000000002],[68.40000000000009],[-68.39999999999998],[-51.60000000000002],[51.60000000000002],[75.59999999999991],[-75.60000000000002],[-36],[36],[16.800000000000068],[-16.800000000000068],[8.399999999999977],[55.200000000000045],[-55.19999999999993],[-45.60000000000002],[-81.60000000000002],[81.59999999999991],[27.600000000000023]],"np":1,"gp":1,"pr":0.014492753623188406,"gpr":1,"fpr":0.9855072463768116,"reason":"statistic"}