{"avgHealth":0.9962770156960425,"seeds":[[0],[-1.2000000000000455],[-10.799999999999955]],"nseeds":3,"executions":2012,"nfe":201700,"gps":[[0]],"lps":[],"fps":[[-1.2000000000000455],[-10.799999999999955]],"np":1,"gp":1,"pr":0.3333333333333333,"gpr":1,"fpr":0.6666666666666666,"reason":"statistic"}