{"avgHealth":133.22007500315783,"seeds":[[3,2.0040000000000013],[3.588000000000001,-1.8480000000000008],[3.588000000000001,-1.8360000000000003],[3.5760000000000005,-1.8480000000000008],[3.0120000000000005,2.0040000000000013],[3.5280000000000005,-1.8480000000000008],[3.588000000000001,-1.7160000000000002],[3,1.8600000000000003],[3.0120000000000005,2.1240000000000006],[3.5280000000000005,-1.7279999999999998],[3.1319999999999997,1.8360000000000003],[-2.94,3.2040000000000006],[-2.94,3.0600000000000005],[-2.94,3.048],[-2.94,3.024000000000001],[3.588000000000001,-2.112],[3.42,-1.8480000000000008],[3.4080000000000013,-1.8480000000000008],[-3.012,3.216000000000001],[3.2880000000000003,1.8239999999999998],[3.2880000000000003,1.8600000000000003],[3,1.5120000000000005],[-3.108,3.216000000000001],[3.3000000000000007,-1.8239999999999998],[3.8520000000000003,-1.944],[3.8520000000000003,-1.7759999999999998],[-3.012,3.42],[-2.364,3.1799999999999997],[-2.3280000000000003,3.192],[3.42,2.0040000000000013],[3.588000000000001,-2.4960000000000004],[2.507999999999999,1.8600000000000003],[-2.364,2.76],[-2.364,2.724],[-3.396,-3.48],[3.6000000000000014,-0.26400000000000023],[3,2.7720000000000002],[3.588000000000001,-0.17999999999999972],[3.5760000000000005,2.0040000000000013],[-3.108,3.636000000000001],[3.588000000000001,2.0040000000000013],[3.66,-2.7119999999999997],[3.6000000000000014,2.0280000000000005],[3.5760000000000005,2.1240000000000006],[3,0.46799999999999997],[2.9640000000000004,-1.8480000000000008],[2.952,-1.7279999999999998],[2.8320000000000007,-1.8480000000000008],[2.8200000000000003,-1.8480000000000008],[-2.3280000000000003,3.732000000000001],[-4.308,-3.8280000000000003],[2.8320000000000007,-1.0680000000000005],[2.8320000000000007,-0.19200000000000017],[2.975999999999999,3.0839999999999996],[4.103999999999999,0.41999999999999993],[2.4480000000000004,-1.8480000000000008],[-0.6959999999999997,3.444000000000001],[-1.6560000000000006,4.128],[-0.6719999999999997,3.8279999999999994],[-1.896,0.10800000000000054],[-1.7520000000000007,-3.42],[-1.7520000000000007,0.02400000000000002],[-1.3919999999999995,-3.048],[-4.62,-4.764],[-0.7800000000000002,0.5040000000000004],[-1.2839999999999998,-1.476],[-1.2240000000000002,4.4399999999999995],[-4.9079999999999995,-2.316],[-1.008,0.03599999999999959],[-2.064,4.656000000000001],[-1.1760000000000002,4.475999999999999],[-0.9240000000000004,-3.108],[-4.644,3.2279999999999998],[3.588000000000001,-4.140000000000001],[0.588000000000001,-3.2039999999999997],[-5.0280000000000005,-4.824],[-5.136,-2.292],[1.08,-3.54],[3.1319999999999997,4.343999999999999],[1.9320000000000004,-3.948],[-0.8760000000000003,-3.7800000000000002],[-4.644,-0.16800000000000015],[3,4.416],[-0.04800000000000004,-3.6479999999999997],[3.5760000000000005,4.295999999999999],[3.2880000000000003,4.404],[3.42,4.416],[3.42,4.428000000000001],[-4.932,-0.7560000000000002],[-4.788,4.199999999999999],[3.588000000000001,4.416],[-0.6600000000000001,-4.272],[-5.004,1.38],[-1.1399999999999997,5.136000000000001],[1.1399999999999997,-4.5],[-1.524,-4.884],[-5.364,-0.8040000000000003],[-3.108,5.52],[3.5280000000000005,-4.92],[2.879999999999999,5.004000000000001],[-1.2720000000000002,-4.884],[-5.196,-5.532],[-1.992,-5.148],[-1.4879999999999995,-5.004],[-0.6360000000000001,-4.776],[2.8320000000000007,5.0760000000000005],[2.8439999999999994,5.0760000000000005],[1.6560000000000006,5.1960000000000015],[3,5.0760000000000005],[3.0120000000000005,5.0760000000000005],[3.2880000000000003,5.052],[-5.484,-5.532],[3.42,5.0760000000000005],[2.8320000000000007,5.1960000000000015],[1.9440000000000008,-4.968],[3.0120000000000005,5.1960000000000015],[0.9959999999999996,-4.896],[3.5760000000000005,5.0760000000000005],[3.588000000000001,5.0760000000000005],[0.1200000000000001,-4.944],[3.612,5.112],[6,-1.1399999999999997],[3.540000000000001,5.136000000000001],[1.0679999999999996,-4.968],[-0.9720000000000004,5.628],[3.636000000000001,5.148],[2.363999999999999,5.388],[-0.9000000000000004,-5.196],[-5.832,-0.9480000000000004],[3.5280000000000005,-5.556],[3.5280000000000005,-5.568],[3.5280000000000005,-5.676],[3.588000000000001,-5.676],[3.588000000000001,-5.688],[3.0120000000000005,5.843999999999999],[2.8320000000000007,5.952],[3,5.952]],"nseeds":137,"executions":1379,"nfe":138400,"gps":[],"lps":[],