{"avgHealth":128.59485254945312,"seeds":[[3,2.0040000000000013],[3,1.9920000000000009],[3,2.016],[-3.84,-3.324],[-3.84,-3.276],[-3.84,-3.336],[-3.84,-3.36],[-3.84,-3.372],[-3.84,-3.384],[-3.8760000000000003,-3.324],[-3.8760000000000003,-3.336],[-3.8760000000000003,-3.348],[-3.84,-3.396],[2.9879999999999995,1.7640000000000002],[-3.84,-3.432],[3,1.7279999999999998],[3,1.7160000000000002],[-3.936,-3.348],[-3.936,-3.372],[-3.936,-3.288],[-3.84,-3.468],[-3.936,-3.384],[-3.96,-3.312],[-3.96,-3.276],[2.9640000000000004,2.3520000000000003],[-3.84,-3.516],[-2.772,2.879999999999999],[-3.84,-3.06],[-3.84,-3.024],[-3.96,-3.132],[3.8520000000000003,-1.896],[-3.8760000000000003,-2.976],[-3.84,-2.94],[-3.8760000000000003,-2.952],[-3.84,-3.6719999999999997],[3.3480000000000008,-0.7199999999999998],[3.324,2.507999999999999],[3,0.46799999999999997],[3,0.19200000000000017],[-4.332,-3.384],[2.9879999999999995,0.19200000000000017],[-3.132,-3.324],[-3.084,2.3279999999999994],[2.603999999999999,3.1080000000000005],[1.9080000000000004,1.7880000000000003],[3.048,3.1319999999999997],[3,3.1560000000000006],[-3.144,2.016],[3,3.1679999999999993],[-3.144,2.0040000000000013],[3,3.1799999999999997],[1.476,2.4719999999999995],[-2.772,1.7880000000000003],[-3.792,2.8200000000000003],[2.4239999999999995,-0.5759999999999996],[4.308,-0.7560000000000002],[-3.912,2.904],[-3.8280000000000003,2.363999999999999],[-3.84,-1.7279999999999998],[-3.8520000000000003,2.3279999999999994],[3,-3.276],[4.116,-3.324],[4.116,-3.336],[4.151999999999999,-3.324],[3.071999999999999,-3.336],[-2.4000000000000004,-3.348],[2.9640000000000004,-3.3],[-3.84,-1.5120000000000005],[2.9640000000000004,-3.324],[4.116,-3.396],[3,3.6000000000000014],[-3.864,1.9800000000000004],[-3.012,0.863999999999999],[2.58,-3.168],[3.0120000000000005,3.636000000000001],[3.0120000000000005,3.6479999999999997],[2.6159999999999997,-3.2279999999999998],[-3.2399999999999998,-0.28800000000000026],[4.5,-3.3],[-2.556,-0.7080000000000002],[-2.0279999999999996,-3.396],[2.3039999999999985,-3.3],[2.3039999999999985,-3.336],[-1.1639999999999997,1.0559999999999992],[2.3039999999999985,-3.36],[2.3039999999999985,-3.372],[-3.84,-0.16800000000000015],[2.208,-3.348],[-4.548,-4.704],[-3.84,4.4399999999999995],[-1.6319999999999997,-3.396],[-3.84,-4.8],[0.09600000000000009,0.588000000000001],[-1.3919999999999995,-0.13199999999999967],[-1.2479999999999993,-0.7080000000000002],[-4.464,3.6960000000000015],[-0.8879999999999999,-0.2160000000000002],[-0.7919999999999998,-0.32399999999999984],[-0.5640000000000001,-1.8480000000000008],[4.836,0.984],[4.824,1.1639999999999997],[5.016,-0.3600000000000003],[-4.248,4.3919999999999995],[2.603999999999999,4.356],[3,4.404],[3.0120000000000005,4.404],[3,4.416],[-0.6719999999999997,-3.768],[3,4.428000000000001],[5.34,-1.6560000000000006],[-3.144,5.0760000000000005],[5.327999999999999,-1.032],[-4.464,4.620000000000001],[-3.8520000000000003,5.064],[5.220000000000001,1.0559999999999992],[-4.872,0.3000000000000007],[-0.3360000000000003,-4.116],[-5.688,-3.48],[-3.936,-5.376],[-4.248,5.052],[5.34,1.2119999999999997],[5.34,1.2599999999999998],[5.507999999999999,-0.3360000000000003],[5.507999999999999,-0.0600000000000005],[-0.6719999999999997,5.172000000000001],[-3.84,-5.604],[-3.84,-5.664],[-1.2119999999999997,5.4239999999999995],[2.975999999999999,5.052],[2.9879999999999995,5.052],[3,5.064],[3.0120000000000005,5.064],[3,5.0760000000000005],[3,5.088000000000001],[0.1200000000000001,-4.824],[-3.8760000000000003,-5.82],[-3.84,-5.82],[3.2279999999999998,-5.148],[-0.6959999999999997,-5.064],[1.0919999999999996,-4.98],[0.03599999999999959,-5.004],[-3.84,5.783999999999999],[-3.9000000000000004,5.783999999999999],[-3.84,-5.988],[-3.144,5.9399999999999995],[-2.772,5.964],[-3.8280000000000003,5.928000000000001],[-2.772,5.9879999999999995],[-3.156,6],[-3.8760000000000003,5.952],[-3.84,5.975999999999999],[-3.864,5.975999999999999],[-3.8040000000000003,6],[-4.248,5.952],[3.0120000000000005,5.928000000000001],[3,5.9399999999999995],[3,5.952],[3,5.964],[3,6]],"nseeds":159,"executions":729,"nfe":73400,"gps":[],"lps":[],