{"avgHealth":129.88504027207458,"seeds":[[3.588000000000001,-1.8480000000000008],[3.588000000000001,-1.8600000000000003],[3.5760000000000005,-1.8480000000000008],[-3.768,-3.276],[-3.792,-3.288],[-3.792,-3.276],[-2.832,3.1319999999999997],[-3.768,-3.3],[-2.832,3.120000000000001],[-2.832,3.144],[-3.768,-3.252],[-2.832,3.1080000000000005],[2.975999999999999,2.088000000000001],[-3.768,-3.2279999999999998],[-3.7560000000000002,-3.2159999999999997],[3.588000000000001,-1.7040000000000006],[2.9879999999999995,2.136000000000001],[3.444000000000001,-1.8600000000000003],[2.9879999999999995,1.7400000000000002],[-3.9240000000000004,-3.252],[-3.036,3.1560000000000006],[-2.832,2.8680000000000003],[-3.792,-3.036],[-2.832,2.8439999999999994],[-3.7560000000000002,-3],[-3.96,-3.528],[3.2880000000000003,1.548],[-3.792,-2.976],[-3.792,-2.952],[-3.768,-2.916],[-2.832,2.7479999999999993],[-4.0920000000000005,-3.288],[3.4320000000000004,2.0040000000000013],[-3.96,-3.6959999999999997],[3.4320000000000004,2.040000000000001],[-4.152,-3.264],[3.3480000000000008,0.7440000000000007],[2.315999999999999,2.3759999999999994],[3.588000000000001,-2.6279999999999997],[3.588000000000001,-0.3120000000000003],[3.588000000000001,-0.16800000000000015],[2.975999999999999,-1.8480000000000008],[3.588000000000001,2.1240000000000006],[3.588000000000001,2.136000000000001],[3.4320000000000004,-2.868],[-2.832,2.112],[-2.928,-3.288],[-2.772,2.0040000000000013],[-3.7199999999999998,3.144],[-2.832,1.9560000000000004],[3.1080000000000005,3.1560000000000006],[-3.768,3.1080000000000005],[4.0440000000000005,-3],[-3.8040000000000003,3.1080000000000005],[2.507999999999999,-0.8879999999999999],[3.312000000000001,3.1080000000000005],[2.315999999999999,0.17999999999999972],[3.444000000000001,3.120000000000001],[3.5760000000000005,-3.276],[2.292,-1.2720000000000002],[3.276,-3.264],[-0.6479999999999997,2.6159999999999997],[4.068,-3.264],[4.0440000000000005,-3.288],[4.068,-3.276],[1.6560000000000006,1.1519999999999992],[4.068,-3.288],[4.068,-3.312],[-3.768,2.0040000000000013],[-4.0920000000000005,-1.8480000000000008],[4.0440000000000005,-3.384],[4.199999999999999,2.0040000000000013],[-3.06,4.295999999999999],[-2.928,4.308],[-2.772,4.308],[-4.08,2.8439999999999994],[-2.2560000000000002,-3.288],[2.388,-2.988],[-3.9240000000000004,2.016],[-3.9240000000000004,1.9920000000000009],[-3.9240000000000004,1.9800000000000004],[-2.832,0.5760000000000005],[-2.112,-3.264],[-3.8760000000000003,1.6440000000000001],[-2.0759999999999996,-3.288],[-2.784,0.02400000000000002],[2.3520000000000003,-3.2399999999999998],[2.3759999999999994,-3.276],[2.3520000000000003,-3.288],[-4.128,2.0040000000000013],[-0.17999999999999972,1.428],[-3.7800000000000002,-0.19200000000000017],[-4.248,2.0040000000000013],[-1.3919999999999995,-2.892],[-4.08,-0.17999999999999972],[-0.6719999999999997,0.5520000000000005],[-4.0920000000000005,4.295999999999999],[-1.9319999999999995,4.596],[-0.6120000000000001,0.516],[-4.548,-1.2240000000000002],[0.32399999999999984,-0.7199999999999998],[-4.572,2.8200000000000003],[-3.792,-4.896],[-0.6239999999999997,-1.1760000000000002],[-3.768,-4.92],[-3.792,-4.9559999999999995],[-5.0280000000000005,-2.1959999999999997],[-4.5,1.548],[-4.5600000000000005,1.428],[2.9879999999999995,4.308],[-4.5120000000000005,0.7440000000000007],[-4.788,-0.8879999999999999],[-4.824,2.3759999999999994],[3.588000000000001,4.283999999999999],[3.5760000000000005,4.295999999999999],[3.588000000000001,4.295999999999999],[-2.808,-4.896],[-4.788,1.2959999999999994],[-2.832,5.172000000000001],[-2.832,5.184000000000001],[-3.792,-5.34],[-4.056,5.088000000000001],[-0.6120000000000001,5.232000000000001],[-3.708,-5.568],[-4.368,5.1960000000000015],[-3.7560000000000002,-5.58],[-3.864,-5.64],[3.588000000000001,-4.92],[-3.984,-5.664],[2.507999999999999,5.064],[-3.768,-5.652],[-4.188000000000001,-5.712],[-3.768,-5.664],[-2.832,5.616],[-5.892,-4.98],[3.8039999999999985,4.932],[-5.7,-1.2479999999999993],[-5.952,-5.148],[3.312000000000001,5.1960000000000015],[-4.368,-5.952],[3.4320000000000004,5.208],[-2.928,5.832000000000001],[-4.464,-5.976],[3.588000000000001,5.1960000000000015],[-3.792,-5.94],[3.8279999999999994,-5.268],[3.5760000000000005,5.208],[3.588000000000001,5.208],[-3.792,5.832000000000001],[-3.792,-5.988],[-2.82,5.952],[-3.792,5.952],[-2.82,6],[-3.7560000000000002,5.964],[-3.708,5.975999999999999],[-4.068,6],[3.588000000000001,-5.7],[3.5760000000000005,5.832000000000001],[3.588000000000001,5.832000000000001],[3.5760000000000005,5.964],[3.588000000000001,5.964],[3.588000000000001,5.975999999999999]],"nseeds":162,"executions":984,"nfe":98900,"gps":[],"lps":[],