{"avgHealth":132.28455246130366,"seeds":[[3,2.0040000000000013],[3,1.9920000000000009],[3,2.016],[3.048,1.9920000000000009],[3.048,2.016],[-3.8280000000000003,-3.3],[-3.8280000000000003,-3.288],[-3.8280000000000003,-3.312],[-3.8280000000000003,-3.276],[-3.84,-3.3],[-3.8280000000000003,-3.2399999999999998],[-2.856,3.216000000000001],[-3.864,-3.312],[3.4800000000000004,-1.8000000000000007],[-3.8280000000000003,-3.432],[-3.8280000000000003,-3.096],[3.564,-2.1719999999999997],[3.5040000000000013,-1.3919999999999995],[-2.856,3.372],[3.4800000000000004,-1.2599999999999998],[-3.504,-3.12],[3.5040000000000013,-1.1280000000000001],[3.0120000000000005,1.3319999999999999],[-2.856,3.4800000000000004],[3.888,-1.1280000000000001],[2.292,1.968],[2.2799999999999994,1.9920000000000009],[2.267999999999999,2.0040000000000013],[2.267999999999999,1.9920000000000009],[2.2560000000000002,2.016],[4.103999999999999,-2.0519999999999996],[3,0.46799999999999997],[2.1720000000000006,2.5440000000000005],[3,0.4560000000000004],[3.564,-2.7479999999999998],[-4.308,-3.276],[2.9399999999999995,-1.2599999999999998],[3,2.8919999999999995],[2.7959999999999994,0.5520000000000005],[4.199999999999999,-1.6319999999999997],[2.9160000000000004,3.048],[4.332000000000001,-2.1719999999999997],[-3.144,2.064],[-2.94,-3.396],[-4.32,-4.08],[-1.4160000000000004,2.58],[3.1319999999999997,3.216000000000001],[-1.1760000000000002,3.372],[-3.8520000000000003,3.120000000000001],[2.2560000000000002,0.46799999999999997],[-3.8280000000000003,-4.236000000000001],[-0.9960000000000004,3.312000000000001],[3.9719999999999995,-3.2159999999999997],[4.164,-3.12],[-3.156,-1.6319999999999997],[4.151999999999999,1.968],[4.103999999999999,-3.312],[3.048,-3.288],[4.187999999999999,1.968],[-4.8,-3.324],[4.212,-3.312],[0.08399999999999963,3.4559999999999995],[-2.04,1.1639999999999997],[-3.2279999999999998,0.4920000000000009],[2.5679999999999996,-3.288],[-3.132,0.28800000000000026],[-2.844,0.3000000000000007],[-1.3079999999999998,1.404],[-0.9000000000000004,4.0440000000000005],[1.6680000000000001,-2.4720000000000004],[2.315999999999999,-3.276],[-2.1479999999999997,-0.6360000000000001],[-3.84,0.41999999999999993],[-3.84,0.3000000000000007],[1.6319999999999997,4.02],[0.10800000000000054,4.0440000000000005],[4.5600000000000005,1.9800000000000004],[-3.936,4.356],[-3.996,0.4920000000000009],[-3.54,-4.716],[1.0679999999999996,4.091999999999999],[-0.9720000000000004,-2.4240000000000004],[-1.1399999999999997,4.4399999999999995],[-0.8879999999999999,-2.0759999999999996],[-0.8520000000000003,-2.46],[-0.8760000000000003,-1.7040000000000006],[-3.8280000000000003,-4.884],[-4.26,0.4560000000000004],[-0.16800000000000015,-1.3319999999999999],[-0.16800000000000015,-0.6719999999999997],[4.308,3.276],[0.10800000000000054,4.343999999999999],[-1.3319999999999999,-3.8520000000000003],[-4.548,0.6720000000000006],[-0.3120000000000003,-3.54],[-5.0760000000000005,-1.896],[3.0120000000000005,4.404],[2.9879999999999995,4.416],[3.048,4.404],[3,4.416],[2.9879999999999995,4.428000000000001],[3.048,4.416],[3,4.428000000000001],[3.024000000000001,4.428000000000001],[-4.464,4.536],[-0.9000000000000004,4.824],[-1.1999999999999993,-4.164],[-3.12,5.136000000000001],[-5.1240000000000006,-1.5],[-3.84,5.040000000000001],[5.448,-1.38],[-1.7160000000000002,5.1240000000000006],[-3.84,5.136000000000001],[-0.26400000000000023,-4.248],[-5.1240000000000006,2.232000000000001],[2.783999999999999,-4.632],[-0.7679999999999998,-4.428],[4.968,3.312000000000001],[-0.7919999999999998,-4.476],[4.9559999999999995,3.3840000000000003],[-5.136,1.7160000000000002],[2.7720000000000002,4.859999999999999],[2.9640000000000004,-4.716],[-5.184,2.088000000000001],[-0.492,-4.4879999999999995],[-4.272,5.172000000000001],[1.1999999999999993,5.016],[-5.196,0.0600000000000005],[3.4800000000000004,-4.848],[-0.26400000000000023,-4.584],[-3.8280000000000003,-5.616],[-0.4079999999999995,5.244],[2.9879999999999995,5.064],[3,5.064],[3.024000000000001,5.064],[3,5.0760000000000005],[3.024000000000001,5.100000000000001],[-5.784,-1.9079999999999995],[-3.108,-5.64],[2.9160000000000004,5.184000000000001],[0.16800000000000015,-4.884],[2.7720000000000002,5.244],[-5.58,-0.25200000000000067],[-3.948,-5.916],[-1.1760000000000002,5.651999999999999],[-2.952,5.8919999999999995],[4.140000000000001,5.052],[-3.096,5.928000000000001],[-2.856,5.928000000000001],[4.140000000000001,5.100000000000001],[-3.8280000000000003,5.964],[-3.8040000000000003,6],[-4.308,5.9399999999999995],[3,5.9399999999999995],[3,5.952],[3,5.964]],"nseeds":156,"executions":741,"nfe":74600,"gps":[],"lps":[],