{"avgHealth":134.88391670868666,"seeds":[[3,2.0040000000000013],[3.588000000000001,-1.8480000000000008],[3.588000000000001,-1.8600000000000003],[3.588000000000001,-1.8360000000000003],[3.5760000000000005,-1.8480000000000008],[3.588000000000001,-1.8719999999999999],[3.588000000000001,-1.8239999999999998],[3.588000000000001,-1.8120000000000003],[3.588000000000001,-1.9319999999999995],[3.588000000000001,-2.016],[3.588000000000001,-2.0519999999999996],[2.8439999999999994,2.1240000000000006],[3.096,2.1240000000000006],[-2.6759999999999997,3.24],[3.588000000000001,-2.0999999999999996],[3.4080000000000013,-1.8120000000000003],[-3.984,-3.372],[-3.984,-3.396],[3.3599999999999994,-1.8600000000000003],[-3.984,-3.468],[-3.528,-3.3],[-3.984,-3.516],[-3.984,-3.168],[-3.984,-3.54],[-3.528,-3.012],[-3.528,-2.988],[-3.528,-3.42],[-2.3520000000000003,3.216000000000001],[-2.3520000000000003,3.2279999999999998],[3.372,2.1240000000000006],[-3.984,-3],[3.42,2.0040000000000013],[3.5760000000000005,-2.4720000000000004],[-2.3520000000000003,3.3360000000000003],[-2.3520000000000003,3.3599999999999994],[-2.6759999999999997,3.540000000000001],[-3.984,-2.952],[3.1080000000000005,-1.8480000000000008],[3.4080000000000013,-2.4960000000000004],[3.588000000000001,-2.604],[3.588000000000001,-0.47999999999999954],[3.588000000000001,-2.6160000000000005],[3.564,-0.3719999999999999],[3.516,2.1240000000000006],[3.588000000000001,-0.3120000000000003],[3.5760000000000005,1.9080000000000004],[3.564,-0.08399999999999963],[3.0120000000000005,-1.8480000000000008],[3.5760000000000005,0.7559999999999993],[3.5760000000000005,2.0040000000000013],[3,-1.8480000000000008],[3.588000000000001,2.0040000000000013],[3.5760000000000005,2.1240000000000006],[3,0.46799999999999997],[3.588000000000001,2.1240000000000006],[3.6479999999999997,1.8600000000000003],[3.66,-2.7479999999999998],[3,2.879999999999999],[-1.896,3.024000000000001],[2.9160000000000004,-1.8480000000000008],[3.024000000000001,-0.3360000000000003],[3,2.8919999999999995],[-1.896,2.952],[2.8320000000000007,-1.8120000000000003],[2.8320000000000007,-1.8480000000000008],[2.8320000000000007,-1.896],[2.8320000000000007,-1.9319999999999995],[-3.312,-1.8480000000000008],[-3.984,-4.296],[-4.0920000000000005,-1.8480000000000008],[3.492000000000001,-3.456],[1.5,3.540000000000001],[1.92,0.08399999999999963],[4.187999999999999,2.16],[4.26,-3.288],[1.92,-0.0600000000000005],[-0.9480000000000004,3.792],[-3.984,-4.5120000000000005],[4.283999999999999,-3.384],[-4.5600000000000005,-2.3040000000000003],[1.6080000000000005,0.1200000000000001],[-4.368,-1.8480000000000008],[-3.132,0.2160000000000002],[-3.768,-4.608],[0.8279999999999994,0.7919999999999998],[-3.996,-0.7320000000000002],[1.1039999999999992,-0.3719999999999999],[-1.38,-2.1239999999999997],[-1.3680000000000003,-2.7479999999999998],[-1.0920000000000005,0.636000000000001],[3.66,-3.912],[-3.984,0.20400000000000063],[-1.2240000000000002,-2.0759999999999996],[-4.356,2.0040000000000013],[-0.4319999999999995,4.26],[-0.9960000000000004,-1.7160000000000002],[-4.536,2.8439999999999994],[-1.056,-1.1160000000000005],[-0.9960000000000004,-1.2720000000000002],[-0.6360000000000001,-2.184],[0.04800000000000004,4.308],[0.10800000000000054,-2.508],[1.032,-3.096],[5.0760000000000005,-1.1399999999999997],[-0.7080000000000002,4.4879999999999995],[-4.536,-0.7560000000000002],[-4.476,-0.46799999999999997],[-3.9240000000000004,4.763999999999999],[-1.2119999999999997,-4.008],[3.6000000000000014,4.26],[-5.196,-1.8600000000000003],[-5.388,-4.848],[-4.872,-0.17999999999999972],[3.588000000000001,4.416],[-2.88,5.208],[1.08,-4.0920000000000005],[1.1760000000000002,4.788],[-5.0760000000000005,2.5199999999999996],[4.140000000000001,4.224],[-1.2479999999999993,-4.548],[-5.04,0.9719999999999995],[-3.984,-5.52],[4.140000000000001,4.404],[-5.232,-0.44399999999999995],[-5.16,-5.508],[0.9479999999999995,-4.584],[3,-4.896],[2.8320000000000007,5.0760000000000005],[3.66,-4.992],[3,5.0760000000000005],[-3.948,5.5440000000000005],[-3.528,-5.7],[3.4080000000000013,5.0760000000000005],[-2.0999999999999996,-5.364],[3.1679999999999993,5.148],[-1.2479999999999993,5.591999999999999],[3.0120000000000005,5.208],[3.5760000000000005,5.0760000000000005],[3.588000000000001,5.0760000000000005],[1.1280000000000001,5.4719999999999995],[3.588000000000001,-5.268],[3.588000000000001,5.1960000000000015],[-1.2359999999999998,-5.316],[-4.08,5.795999999999999],[4.187999999999999,5.040000000000001],[3.588000000000001,-5.376],[3.396000000000001,-5.388],[4.187999999999999,5.172000000000001],[3.0120000000000005,5.5440000000000005],[2.8320000000000007,5.651999999999999],[3.372,5.568],[-4.356,6],[2.8320000000000007,5.952],[3.5760000000000005,5.832000000000001],[3,5.952],[3.0120000000000005,5.952],[3.588000000000001,5.952]],"nseeds":157,"executions":2052,"nfe":205700,"gps":[],"lps":[],