{"avgHealth":138.1114010058121,"seeds":[[-2.808,3.1319999999999997],[-2.832,3.2880000000000003],[-2.6160000000000005,3.1319999999999997],[-2.6759999999999997,3.2880000000000003],[-2.808,3.4800000000000004],[-2.76,3.4800000000000004],[-2.34,3.1319999999999997],[-2.3280000000000003,3.1319999999999997],[-2.388,2.904],[-3.2399999999999998,3.1319999999999997],[-3.252,3.1319999999999997],[-2.34,3.4800000000000004],[-2.34,3.516],[-2.832,3.708],[-1.992,3.1319999999999997],[-2.6759999999999997,3.708],[-1.992,3.2880000000000003],[-2.388,3.6720000000000006],[-3.2279999999999998,3.708],[-2.808,2.0760000000000005],[-2.904,-3.012],[-2.34,2.1720000000000006],[-2.364,2.088000000000001],[3.468,2.9399999999999995],[-2.7359999999999998,-2.904],[-2.364,1.9440000000000008],[3.863999999999999,2.363999999999999],[-3.312,-1.944],[2.3759999999999994,0.16800000000000015],[-2.46,1.7520000000000007],[-1.1280000000000001,2.6519999999999992],[-3.288,-1.8480000000000008],[-2.904,-2.088],[-2.7479999999999998,-2.2439999999999998],[-2.556,-2.784],[-3.36,4.055999999999999],[2.628,-2.76],[-2.6279999999999997,-3.348],[-4.704,-3.6239999999999997],[-2.16,4.055999999999999],[-2.976,-1.8600000000000003],[-2.976,-1.8480000000000008],[-2.6279999999999997,-3.396],[2.8200000000000003,3.4559999999999995],[-3.9000000000000004,2.6519999999999992],[-3.312,1.596],[4.308,-3.048],[-2.5920000000000005,1.4160000000000004],[-4.308,-4.332],[-2.6160000000000005,-2.088],[-3.264,1.4640000000000004],[-3.312,-1.4399999999999995],[-2.5680000000000005,-2.0519999999999996],[-2.904,-1.62],[-2.508,-2.0999999999999996],[2.628,-3.012],[-2.964,-1.476],[-2.892,4.283999999999999],[1.0919999999999996,1.6920000000000002],[-2.5920000000000005,-1.8600000000000003],[-2.5680000000000005,-1.8719999999999999],[-2.6519999999999997,-1.7160000000000002],[4.308,-3.2159999999999997],[-1.992,4.164],[-2.5680000000000005,4.295999999999999],[-2.604,-1.7040000000000006],[-2.5680000000000005,-1.7279999999999998],[-2.856,-1.3680000000000003],[-2.6999999999999997,-1.476],[0.9959999999999996,3.5280000000000005],[3.3599999999999994,3.468],[-2.1959999999999997,-3.012],[-3.312,4.295999999999999],[-3.36,4.283999999999999],[-3.276,-0.9480000000000004],[-4.68,-2.604],[-4.008,2.136000000000001],[2.315999999999999,-3.012],[-2.928,-0.7080000000000002],[-3.168,0.4560000000000004],[1.5839999999999996,0.09600000000000009],[-2.388,0.684000000000001],[-3.36,0.40800000000000036],[-2.796,0.1200000000000001],[-1.056,1.476],[-3.288,-0.17999999999999972],[-0.9119999999999999,1.5359999999999996],[-2.7479999999999998,0.1200000000000001],[-2.784,0.0600000000000005],[-0.28800000000000026,1.6440000000000001],[-2.6399999999999997,0.15600000000000058],[-2.5200000000000005,0.26400000000000023],[-2.604,0.1200000000000001],[-2.136,0.6240000000000006],[-1.2599999999999998,1.2479999999999993],[-2.508,-0.54],[-0.8399999999999999,1.3680000000000003],[-3.42,-4.524],[1.08,0.516],[-1.8360000000000003,-3.2159999999999997],[-2.0039999999999996,0.40800000000000036],[-1.8360000000000003,-3.264],[3.984,3.2880000000000003],[2.8919999999999995,-3.6719999999999997],[-1.1280000000000001,4.283999999999999],[-0.4559999999999995,4.151999999999999],[0.9599999999999991,-0.26400000000000023],[-4.032,-0.16800000000000015],[-4.02,0.03599999999999959],[-4.02,0.2160000000000002],[-3.96,-4.884],[-0.9119999999999999,-1.4160000000000004],[3.708,3.888],[1.1159999999999997,4.283999999999999],[-4.632,3.1319999999999997],[-4.656,3.1319999999999997],[3.372,4.103999999999999],[-3.732,-4.968],[2.8320000000000007,-4.140000000000001],[3.3840000000000003,4.283999999999999],[-0.38399999999999945,4.644],[1.2839999999999998,-3.7560000000000002],[-4.62,0.14400000000000013],[3.984,4.055999999999999],[3.588000000000001,4.295999999999999],[-4.884,3.6000000000000014],[5.136000000000001,1.404],[1.0679999999999996,-3.96],[1.0679999999999996,-3.996],[-3.312,-5.16],[-4.032,-5.316],[-2.832,5.208],[-2.5920000000000005,5.208],[-2.904,-5.0760000000000005],[1.1519999999999992,4.788],[-4.776,-5.364],[-5.112,2.8680000000000003],[-3.732,5.267999999999999],[-5.112,0.6000000000000005],[3.5760000000000005,4.704000000000001],[3.3599999999999994,-4.788],[-2.808,5.436],[-2.364,5.436],[5.495999999999999,0.984],[-1.0920000000000005,-4.776],[-5.184,4.247999999999999],[3.564,-4.944],[-5.64,-5.208],[1.0079999999999991,-4.752],[-0.5640000000000001,5.507999999999999],[1.0919999999999996,5.3759999999999994],[-1.8120000000000003,-5.328],[-2.556,-5.556],[-1.056,5.591999999999999],[-4.656,5.436],[3.540000000000001,5.172000000000001],[1.0919999999999996,5.495999999999999],[-0.3719999999999999,5.651999999999999],[-2.3280000000000003,5.928000000000001],[3.120000000000001,5.436],[-2.6759999999999997,5.975999999999999],[-3.048,-5.928],[-2.82,6],[-2.808,6],[-3.3,6],[-2.76,6]],"nseeds":166,"executions":2114,"nfe":211900,"gps":[[-2.808,3.1319999999999997]],"lps":[],