{"avgHealth":0.9968317255211392,"seeds":[[4.111000000000001],[7.61125],[5.11525]],"nseeds":3,"executions":2449,"nfe":245400,"gps":[],"lps":[],"fps":[[4.111000000000001],[7.61125],[5.11525]],"np":0,"gp":0,"pr":0,"gpr":0,"fpr":1,"reason":"statistic"}