{"avgHealth":0.9964844122238183,"seeds":[[4.111000000000001],[3.86725],[5.11525]],"nseeds":3,"executions":2625,"nfe":263000,"gps":[],"lps":[],"fps":[[4.111000000000001],[3.86725],[5.11525]],"np":0,"gp":0,"pr":0,"gpr":0,"fpr":1,"reason":"statistic"}