{"avgHealth":0.9995796082792582,"seeds":[[4.111000000000001],[4.0135000000000005],[3.86725]],"nseeds":3,"executions":2481,"nfe":248600,"gps":[],"lps":[],"fps":[[4.111000000000001],[4.0135000000000005],[3.86725]],"np":0,"gp":0,"pr":0,"gpr":0,"fpr":1,"reason":"statistic"}