{"avgHealth":0.9962229950841717,"seeds":[[4.111000000000001],[7.70875],[2.863]],"nseeds":3,"executions":2333,"nfe":233800,"gps":[],"lps":[],"fps":[[4.111000000000001],[7.70875],[2.863]],"np":0,"gp":0,"pr":0,"gpr":0,"fpr":1,"reason":"statistic"}