{"avgHealth":0.9968005119197688,"seeds":[[4.111000000000001],[4.02325],[5.11525]],"nseeds":3,"executions":2408,"nfe":241300,"gps":[],"lps":[],"fps":[[4.111000000000001],[4.02325],[5.11525]],"np":0,"gp":0,"pr":0,"gpr":0,"fpr":1,"reason":"statistic"}