{"avgHealth":0.9995905954089476,"seeds":[[4.111000000000001],[4.02325],[3.86725]],"nseeds":3,"executions":2363,"nfe":236800,"gps":[],"lps":[],"fps":[[4.111000000000001],[4.02325],[3.86725]],"np":0,"gp":0,"pr":0,"gpr":0,"fpr":1,"reason":"statistic"}