{"avgHealth":0.9491012139838236,"seeds":[[0.08,0.08],[0.08,0.245],[0.248,0.08],[0.248,0.248],[0.08,0.091],[0.07,0.239],[0.454,0.08],[0.091,0.252],[0.454,0.248],[0.073,0.453],[0.226,0.075],[0.251,0.463],[0.449,0.454],[0.251,0.223],[0.271,0.248],[0.236,0.679],[0.08,0.709],[0.454,0.665],[0.713,0.24],[0.644,0.252],[0.493,0.25],[0.454,0.709],[0.955,0.07],[0.086,0.515],[0.248,0.134],[0.476,0.694],[0.249,0.548],[0.249,0.559],[0.697,0.687],[0.829,0.253],[0.697,0.67],[0.057,0.665],[0.234,0.376],[0.697,0.656],[0.454,0.515],[0.724,0.66],[0.652,0.954],[0.989,0.058],[0.216,0.735],[0.274,0.548],[0.547,0.694],[0.697,0.548],[0.57,0.714],[0.754,0.915],[0.588,0.898],[0.571,0.632],[0.516,0.546]],"nseeds":47,"executions":200,"nfe":20500,"gps":[[0.08,0.08]],"lps":[[0.08,0.245],[0.449,0.454]],"fps":[[0.248,0.08],[0.248,0.248],[0.08,0.091],[0.07,0.239],[0.454,0.08],[0.091,0.252],[0.454,0.248],[0.073,0.453],[0.226,0.075],[0.251,0.463],[0.251,0.223],[0.271,0.248],[0.236,0.679],[0.08,0.709],[0.454,0.665],[0.713,0.24],[0.644,0.252],[0.493,0.25],[0.454,0.709],[0.955,0.07],[0.086,0.515],[0.248,0.134],[0.476,0.694],[0.249,0.548],[0.249,0.559],[0.697,0.687],[0.829,0.253],[0.697,0.67],[0.057,0.665],[0.234,0.376],[0.697,0.656],[0.454,0.515],[0.724,0.66],[0.652,0.954],[0.989,0.058],[0.216,0.735],[0.274,0.548],[0.547,0.694],[0.697,0.548],[0.57,0.714],[0.754,0.915],[0.588,0.898],[0.571,0.632],[0.516,0.546]],"np":3,"gp":1,"pr":0.06382978723404255,"gpr":1,"lp":2,"lpr":0.5,"fpr":0.9361702127659575,"reason":"statistic"}