{"avgHealth":0.9768175501487415,"seeds":[[0.08,0.08],[0.08,0.245],[0.245,0.08],[0.245,0.249],[0.08,0.255],[0.253,0.239],[0.245,0.263],[0.453,0.24],[0.245,0.673],[0.24,0.687],[0.487,0.08],[0.245,0.37],[0.671,0.714],[0.487,0.485],[0.893,0.693],[0.678,0.394],[0.726,0.722],[0.552,0.643],[0.358,0.612],[0.312,0.78],[0.768,0.844]],"nseeds":21,"executions":223,"nfe":22800,"gps":[[0.08,0.08]],"lps":[[0.08,0.245],[0.245,0.08],[0.245,0.249],[0.453,0.24],[0.245,0.673]],"fps":[[0.08,0.255],[0.253,0.239],[0.245,0.263],[0.24,0.687],[0.487,0.08],[0.245,0.37],[0.671,0.714],[0.487,0.485],[0.893,0.693],[0.678,0.394],[0.726,0.722],[0.552,0.643],[0.358,0.612],[0.312,0.78],[0.768,0.844]],"np":6,"gp":1,"pr":0.2857142857142857,"gpr":1,"lp":5,"lpr":1.25,"fpr":0.7142857142857143,"reason":"statistic"}