{"avgHealth":0.9717501015682429,"seeds":[[0.08,0.08],[0.245,0.079],[0.08,0.252],[0.08,0.24],[0.244,0.246],[0.244,0.256],[0.07,0.246],[0.469,0.253],[0.454,0.441],[0.244,0.272],[0.248,0.687],[0.248,0.671],[0.701,0.253],[0.454,0.473],[0.701,0.239],[0.251,0.713],[0.249,0.728],[0.244,0.63],[0.738,0.257],[0.322,0.253],[0.765,0.09],[0.658,0.483],[0.671,0.718],[0.419,0.89],[0.386,0.67],[0.518,0.696],[0.713,0.882],[0.753,0.839]],"nseeds":28,"executions":225,"nfe":23000,"gps":[[0.08,0.08]],"lps":[[0.245,0.079]],"fps":[[0.08,0.252],[0.08,0.24],[0.244,0.246],[0.244,0.256],[0.07,0.246],[0.469,0.253],[0.454,0.441],[0.244,0.272],[0.248,0.687],[0.248,0.671],[0.701,0.253],[0.454,0.473],[0.701,0.239],[0.251,0.713],[0.249,0.728],[0.244,0.63],[0.738,0.257],[0.322,0.253],[0.765,0.09],[0.658,0.483],[0.671,0.718],[0.419,0.89],[0.386,0.67],[0.518,0.696],[0.713,0.882],[0.753,0.839]],"np":2,"gp":1,"pr":0.07142857142857142,"gpr":1,"lp":1,"lpr":0.25,"fpr":0.9285714285714286,"reason":"statistic"}