{"avgHealth":0.9705868055125728,"seeds":[[0.08,0.08],[0.245,0.08],[0.08,0.248],[0.245,0.249],[0.08,0.26],[0.255,0.256],[0.244,0.068],[0.075,0.271],[0.221,0.242],[0.245,0.76],[0.73,0.453],[0.009,0.069],[0.49,0.667],[0.717,0.665],[0.727,0.687],[0.727,0.699],[0.646,0.917],[0.763,0.689],[0.65,0.534],[0.713,0.309],[0.854,0.718],[0.772,0.494],[0.747,0.499],[0.727,1.019]],"nseeds":24,"executions":188,"nfe":19300,"gps":[[0.08,0.08]],"lps":[[0.245,0.08],[0.08,0.248],[0.245,0.249]],"fps":[[0.08,0.26],[0.255,0.256],[0.244,0.068],[0.075,0.271],[0.221,0.242],[0.245,0.76],[0.73,0.453],[0.009,0.069],[0.49,0.667],[0.717,0.665],[0.727,0.687],[0.727,0.699],[0.646,0.917],[0.763,0.689],[0.65,0.534],[0.713,0.309],[0.854,0.718],[0.772,0.494],[0.747,0.499],[0.727,1.019]],"np":4,"gp":1,"pr":0.16666666666666666,"gpr":1,"lp":3,"lpr":0.75,"fpr":0.8333333333333334,"reason":"statistic"}