{"avgHealth":0.949193387225569,"seeds":[[0.08,0.08],[0.08,0.247],[0.245,0.08],[0.244,0.247],[0.26,0.08],[0.08,0.065],[0.241,0.449],[0.251,0.456],[0.267,0.251],[0.26,0.449],[0.437,0.449],[0.082,0.705],[0.242,0.704],[0.077,0.411],[0.245,0.917],[0.279,0.454],[0.445,0.705],[0.259,0.713],[0.269,0.688],[0.461,0.705],[0.434,0.705],[0.267,0.705],[0.437,0.917],[0.694,0.667],[0.011,0.255],[0.091,0.514],[0.269,0.943],[0.638,0.481],[0.717,0.705],[0.868,0.101],[0.714,0.91],[0.661,0.612],[0.699,0.614],[0.76,0.42],[0.484,0.514],[0.754,0.721],[0.807,0.64],[0.882,0.612],[0.523,0.379]],"nseeds":39,"executions":156,"nfe":16100,"gps":[[0.08,0.08]],"lps":[[0.08,0.247],[0.245,0.08],[0.251,0.456]],"fps":[[0.244,0.247],[0.26,0.08],[0.08,0.065],[0.241,0.449],[0.267,0.251],[0.26,0.449],[0.437,0.449],[0.082,0.705],[0.242,0.704],[0.077,0.411],[0.245,0.917],[0.279,0.454],[0.445,0.705],[0.259,0.713],[0.269,0.688],[0.461,0.705],[0.434,0.705],[0.267,0.705],[0.437,0.917],[0.694,0.667],[0.011,0.255],[0.091,0.514],[0.269,0.943],[0.638,0.481],[0.717,0.705],[0.868,0.101],[0.714,0.91],[0.661,0.612],[0.699,0.614],[0.76,0.42],[0.484,0.514],[0.754,0.721],[0.807,0.64],[0.882,0.612],[0.523,0.379]],"np":4,"gp":1,"pr":0.10256410256410256,"gpr":1,"lp":3,"lpr":0.75,"fpr":0.8974358974358975,"reason":"statistic"}