{"avgHealth":0.9603501769758372,"seeds":[[0.08,0.08],[0.247,0.08],[0.081,0.246],[0.254,0.247],[0.241,0.255],[0.237,0.267],[0.27,0.252],[0.27,0.24],[0.083,0.65],[0.066,0.674],[0.27,0.477],[0.001,0.245],[0.113,0.262],[0.246,0.532],[0.666,0.687],[0.262,0.296],[0.26,0.853],[0.666,0.715],[0.516,0.475],[0.219,0.794],[0.714,0.963],[0.709,0.592],[0.565,0.738],[0.121,0.361],[0.74,0.566],[0.86,0.514],[0.759,0.513],[0.839,0.773]],"nseeds":28,"executions":252,"nfe":25700,"gps":[[0.08,0.08]],"lps":[[0.247,0.08]],"fps":[[0.081,0.246],[0.254,0.247],[0.241,0.255],[0.237,0.267],[0.27,0.252],[0.27,0.24],[0.083,0.65],[0.066,0.674],[0.27,0.477],[0.001,0.245],[0.113,0.262],[0.246,0.532],[0.666,0.687],[0.262,0.296],[0.26,0.853],[0.666,0.715],[0.516,0.475],[0.219,0.794],[0.714,0.963],[0.709,0.592],[0.565,0.738],[0.121,0.361],[0.74,0.566],[0.86,0.514],[0.759,0.513],[0.839,0.773]],"np":2,"gp":1,"pr":0.07142857142857142,"gpr":1,"lp":1,"lpr":0.25,"fpr":0.9285714285714286,"reason":"statistic"}