{"avgHealth":25.91402828589566,"seeds":[[0.447,0.083],[0.087,0.465],[0.084,0.282],[0.088,0.952],[0.67,0.689],[0.676,0.663],[0.478,0.692],[0.087,0.549],[0.228,0.495],[0.198,0.26],[0.449,0.986],[0.208,0.47],[0.093,0.84],[0.177,0.44],[0.101,0.721],[0.113,0.678],[0.688,0.723],[0.895,0.679],[0.296,0.667],[0.604,0.68],[0.335,0.682],[0.673,0.374],[0.349,0.67],[0.185,0.663],[0.42,0.536],[0.173,0.277],[0.162,0.699],[0.484,0.744],[0.287,0.299],[0.643,0.344],[0.942,0.535],[0.158,0.287],[0.033,0.289],[0.522,0.898],[0.863,0.732],[0.732,0.359],[0.295,0.777],[0.979,0.327],[0.522,0.002],[0.345,0.874],[0.317,0.303],[0.193,0.845],[0.323,0.746],[0.192,0.368],[0.192,0.806],[0.128,0.852],[0.015,0.749],[0.189,0.599],[0.999,0.34],[0.86,0.844],[0.607,0.533],[0.023,0.376],[0.352,0.841]],"nseeds":53,"executions":181,"nfe":18600,"gps":[],"lps":[[0.447,0.083]],"fps":[[0.087,0.465],[0.084,0.282],[0.088,0.952],[0.67,0.689],[0.676,0.663],[0.478,0.692],[0.087,0.549],[0.228,0.495],[0.198,0.26],[0.449,0.986],[0.208,0.47],[0.093,0.84],[0.177,0.44],[0.101,0.721],[0.113,0.678],[0.688,0.723],[0.895,0.679],[0.296,0.667],[0.604,0.68],[0.335,0.682],[0.673,0.374],[0.349,0.67],[0.185,0.663],[0.42,0.536],[0.173,0.277],[0.162,0.699],[0.484,0.744],[0.287,0.299],[0.643,0.344],[0.942,0.535],[0.158,0.287],[0.033,0.289],[0.522,0.898],[0.863,0.732],[0.732,0.359],[0.295,0.777],[0.979,0.327],[0.522,0.002],[0.345,0.874],[0.317,0.303],[0.193,0.845],[0.323,0.746],[0.192,0.368],[0.192,0.806],[0.128,0.852],[0.015,0.749],[0.189,0.599],[0.999,0.34],[0.86,0.844],[0.607,0.533],[0.023,0.376],[0.352,0.841]],"np":1,"gp":0,"pr":0.018867924528301886,"gpr":0,"lp":1,"lpr":0.25,"fpr":0.9811320754716981,"reason":"statistic"}