{"avgHealth":0.9517398086723671,"seeds":[[0.08,0.08],[0.08,0.246],[0.246,0.08],[0.247,0.246],[0.251,0.259],[0.463,0.245],[0.452,0.687],[0.906,0.074],[0.25,0.898],[0.909,0.258],[0.114,0.258],[0.67,0.689],[0.676,0.663],[0.059,0.696],[0.458,0.63],[0.004,0.259],[0.461,0.735],[0.67,0.648],[0.647,0.671],[0.474,0.898],[0.332,0.061],[0.717,0.647],[0.522,0.475],[0.681,0.355],[0.027,0.674],[0.696,0.125],[0.666,0.148],[0.661,0.594],[0.629,0.489],[0.934,0.312],[0.933,0.525],[0.635,0.78],[0.603,0.5],[0.736,0.794],[0.518,0.794],[0.324,0.546]],"nseeds":36,"executions":225,"nfe":23000,"gps":[[0.08,0.08]],"lps":[[0.08,0.246],[0.247,0.246]],"fps":[[0.246,0.08],[0.251,0.259],[0.463,0.245],[0.452,0.687],[0.906,0.074],[0.25,0.898],[0.909,0.258],[0.114,0.258],[0.67,0.689],[0.676,0.663],[0.059,0.696],[0.458,0.63],[0.004,0.259],[0.461,0.735],[0.67,0.648],[0.647,0.671],[0.474,0.898],[0.332,0.061],[0.717,0.647],[0.522,0.475],[0.681,0.355],[0.027,0.674],[0.696,0.125],[0.666,0.148],[0.661,0.594],[0.629,0.489],[0.934,0.312],[0.933,0.525],[0.635,0.78],[0.603,0.5],[0.736,0.794],[0.518,0.794],[0.324,0.546]],"np":3,"gp":1,"pr":0.08333333333333333,"gpr":1,"lp":2,"lpr":0.5,"fpr":0.9166666666666666,"reason":"statistic"}