{"avgHealth":0.9470407294420197,"seeds":[[0.08,0.08],[0.256,0.08],[0.09,0.079],[0.081,0.258],[0.245,0.071],[0.09,0.246],[0.069,0.074],[0.449,0.247],[0.453,0.074],[0.091,0.231],[0.271,0.08],[0.453,0.232],[0.065,0.452],[0.261,0.679],[0.228,0.687],[0.457,0.701],[0.455,0.656],[0.091,0.647],[0.293,0.251],[0.644,0.23],[0.228,0.647],[0.287,0.263],[0.287,0.441],[0.762,0.258],[0.484,0.687],[0.452,0.74],[0.411,0.696],[0.484,0.647],[0.165,0.429],[0.772,0.273],[0.303,0.693],[0.682,0.819],[0.769,0.218],[0.66,0.858],[0.48,0.581],[0.897,0.284],[0.484,0.389],[0.876,0.642],[0.027,0.647],[0.749,0.64],[0.881,0.899],[0.792,0.897],[0.33,0.972],[0.377,0.769]],"nseeds":44,"executions":204,"nfe":20900,"gps":[[0.08,0.08]],"lps":[[0.449,0.247]],"fps":[[0.256,0.08],[0.09,0.079],[0.081,0.258],[0.245,0.071],[0.09,0.246],[0.069,0.074],[0.453,0.074],[0.091,0.231],[0.271,0.08],[0.453,0.232],[0.065,0.452],[0.261,0.679],[0.228,0.687],[0.457,0.701],[0.455,0.656],[0.091,0.647],[0.293,0.251],[0.644,0.23],[0.228,0.647],[0.287,0.263],[0.287,0.441],[0.762,0.258],[0.484,0.687],[0.452,0.74],[0.411,0.696],[0.484,0.647],[0.165,0.429],[0.772,0.273],[0.303,0.693],[0.682,0.819],[0.769,0.218],[0.66,0.858],[0.48,0.581],[0.897,0.284],[0.484,0.389],[0.876,0.642],[0.027,0.647],[0.749,0.64],[0.881,0.899],[0.792,0.897],[0.33,0.972],[0.377,0.769]],"np":2,"gp":1,"pr":0.045454545454545456,"gpr":1,"lp":1,"lpr":0.25,"fpr":0.9545454545454546,"reason":"statistic"}