{"avgHealth":102.26412512783834,"seeds":[[0.1],[0.3],[0.087],[0.31],[0.286],[0.12],[0.498],[0.32],[0.488],[0.076],[0.511],[0.273],[0.477],[0.522],[0.696],[0.33],[0.706],[0.134],[0.685],[0.717],[0.062],[0.675],[0.262],[0.532],[0.9],[0.34],[0.888],[0.728],[0.916],[0.664],[0.146],[0.457],[0.874],[0.542],[0.052],[0.738],[0.927],[0.654],[0.862],[0.245],[0.447],[0.552],[0.939],[0.355],[0.75],[0.159],[0.04],[0.644],[0.95],[0.365],[0.234],[0.76],[0.84],[0.566],[0.169],[0.432],[0.03],[0.96],[0.77],[0.628],[0.224],[0.376],[0.828],[0.422],[0.577],[0.18],[0.974],[0.618],[0.781],[0.014],[0.984],[0.587],[0.388],[0.814],[0.412],[0.211],[0.19],[0.608],[0.793],[0.994],[0.003],[0.398]],"nseeds":82,"executions":10,"nfe":1500,"gps":[[0.1]],"lps":[[0.3],[0.498],[0.696],[0.9]],"fps":[[0.087],[0.31],[0.286],[0.12],[0.32],[0.488],[0.076],[0.511],[0.273],[0.477],[0.522],[0.33],[0.706],[0.134],[0.685],[0.717],[0.062],[0.675],[0.262],[0.532],[0.34],[0.888],[0.728],[0.916],[0.664],[0.146],[0.457],[0.874],[0.542],[0.052],[0.738],[0.927],[0.654],[0.862],[0.245],[0.447],[0.552],[0.939],[0.355],[0.75],[0.159],[0.04],[0.644],[0.95],[0.365],[0.234],[0.76],[0.84],[0.566],[0.169],[0.432],[0.03],[0.96],[0.77],[0.628],[0.224],[0.376],[0.828],[0.422],[0.577],[0.18],[0.974],[0.618],[0.781],[0.014],[0.984],[0.587],[0.388],[0.814],[0.412],[0.211],[0.19],[0.608],[0.793],[0.994],[0.003],[0.398]],"np":5,"gp":1,"pr":0.06097560975609756,"gpr":1,"lp":4,"lpr":1,"fpr":0.9390243902439024,"reason":"statistic"}