{"avgHealth":0.5955114478553541,"seeds":[[0.1],[0.09],[0.299],[0.111],[0.309],[0.289],[0.079],[0.499],[0.122],[0.32],[0.489],[0.509],[0.278],[0.479],[0.698],[0.523],[0.33],[0.133],[0.688],[0.709],[0.066],[0.265],[0.469],[0.719],[0.677],[0.534],[0.898],[0.911],[0.144],[0.881],[0.343],[0.665],[0.457],[0.923],[0.052],[0.544],[0.251],[0.937],[0.155],[0.649],[0.041],[0.358],[0.239],[0.558],[0.436],[0.37],[0.63],[0.227],[0.178],[0.022],[0.422],[0.383],[0.614],[0.188],[0.591],[0.393],[0.407],[0.792],[0.205]],"nseeds":59,"executions":135,"nfe":14000,"gps":[[0.1]],"lps":[[0.299],[0.499],[0.698],[0.898]],"fps":[[0.09],[0.111],[0.309],[0.289],[0.079],[0.122],[0.32],[0.489],[0.509],[0.278],[0.479],[0.523],[0.33],[0.133],[0.688],[0.709],[0.066],[0.265],[0.469],[0.719],[0.677],[0.534],[0.911],[0.144],[0.881],[0.343],[0.665],[0.457],[0.923],[0.052],[0.544],[0.251],[0.937],[0.155],[0.649],[0.041],[0.358],[0.239],[0.558],[0.436],[0.37],[0.63],[0.227],[0.178],[0.022],[0.422],[0.383],[0.614],[0.188],[0.591],[0.393],[0.407],[0.792],[0.205]],"np":5,"gp":1,"pr":0.0847457627118644,"gpr":1,"lp":4,"lpr":1,"fpr":0.9152542372881356,"reason":"statistic"}