{"avgHealth":109.29373276649005,"seeds":[[0.102],[0.091],[0.299],[0.114],[0.309],[0.289],[0.079],[0.498],[0.319],[0.488],[0.277],[0.513],[0.126],[0.478],[0.699],[0.331],[0.711],[0.267],[0.137],[0.531],[0.676],[0.724],[0.059],[0.463],[0.893],[0.903],[0.883],[0.666],[0.915],[0.256],[0.873],[0.346],[0.925],[0.149],[0.738],[0.453],[0.656],[0.863],[0.549],[0.935],[0.046],[0.244],[0.853],[0.443],[0.358],[0.751],[0.16],[0.644],[0.947],[0.559],[0.035],[0.843],[0.233],[0.957],[0.433],[0.368],[0.763],[0.63],[0.571],[0.832],[0.174],[0.025],[0.967],[0.423],[0.378],[0.221],[0.822],[0.62],[0.977],[0.583],[0.782],[0.187],[0.413],[0.211],[0.389],[0.01],[0.988],[0.608],[0.808],[0.793],[0.595],[0.197],[0.399]],"nseeds":83,"executions":10,"nfe":1500,"gps":[[0.102]],"lps":[[0.299],[0.498],[0.699],[0.893],[0.903]],"fps":[[0.091],[0.114],[0.309],[0.289],[0.079],[0.319],[0.488],[0.277],[0.513],[0.126],[0.478],[0.331],[0.711],[0.267],[0.137],[0.531],[0.676],[0.724],[0.059],[0.463],[0.883],[0.666],[0.915],[0.256],[0.873],[0.346],[0.925],[0.149],[0.738],[0.453],[0.656],[0.863],[0.549],[0.935],[0.046],[0.244],[0.853],[0.443],[0.358],[0.751],[0.16],[0.644],[0.947],[0.559],[0.035],[0.843],[0.233],[0.957],[0.433],[0.368],[0.763],[0.63],[0.571],[0.832],[0.174],[0.025],[0.967],[0.423],[0.378],[0.221],[0.822],[0.62],[0.977],[0.583],[0.782],[0.187],[0.413],[0.211],[0.389],[0.01],[0.988],[0.608],[0.808],[0.793],[0.595],[0.197],[0.399]],"np":6,"gp":1,"pr":0.07228915662650602,"gpr":1,"lp":5,"lpr":1.25,"fpr":0.927710843373494,"reason":"statistic"}