{"avgHealth":0.5897036290591781,"seeds":[[0.1],[0.09],[0.299],[0.111],[0.309],[0.289],[0.079],[0.499],[0.122],[0.319],[0.489],[0.509],[0.278],[0.479],[0.519],[0.329],[0.698],[0.132],[0.067],[0.688],[0.709],[0.265],[0.469],[0.529],[0.719],[0.676],[0.901],[0.34],[0.889],[0.729],[0.911],[0.144],[0.055],[0.544],[0.928],[0.352],[0.246],[0.448],[0.652],[0.155],[0.939],[0.042],[0.558],[0.64],[0.234],[0.837],[0.569],[0.371],[0.027],[0.63],[0.425],[0.619],[0.415],[0.211],[0.004],[0.596]],"nseeds":56,"executions":99,"nfe":10400,"gps":[[0.1]],"lps":[[0.299],[0.499],[0.698],[0.901]],"fps":[[0.09],[0.111],[0.309],[0.289],[0.079],[0.122],[0.319],[0.489],[0.509],[0.278],[0.479],[0.519],[0.329],[0.132],[0.067],[0.688],[0.709],[0.265],[0.469],[0.529],[0.719],[0.676],[0.34],[0.889],[0.729],[0.911],[0.144],[0.055],[0.544],[0.928],[0.352],[0.246],[0.448],[0.652],[0.155],[0.939],[0.042],[0.558],[0.64],[0.234],[0.837],[0.569],[0.371],[0.027],[0.63],[0.425],[0.619],[0.415],[0.211],[0.004],[0.596]],"np":5,"gp":1,"pr":0.08928571428571429,"gpr":1,"lp":4,"lpr":1,"fpr":0.9107142857142857,"reason":"statistic"}