{"avgHealth":111.09949297449079,"seeds":[[0.101],[0.298],[0.089],[0.113],[0.31],[0.288],[0.5],[0.078],[0.489],[0.124],[0.51],[0.323],[0.275],[0.478],[0.699],[0.524],[0.067],[0.686],[0.711],[0.134],[0.333],[0.265],[0.676],[0.722],[0.465],[0.534],[0.898],[0.887],[0.911],[0.145],[0.664],[0.733],[0.875],[0.053],[0.346],[0.925],[0.452],[0.547],[0.248],[0.743],[0.654],[0.935],[0.86],[0.156],[0.043],[0.356],[0.442],[0.85],[0.558],[0.643],[0.951],[0.758],[0.167],[0.84],[0.031],[0.369],[0.23],[0.431],[0.632],[0.569],[0.768],[0.965],[0.829],[0.421],[0.18],[0.02],[0.579],[0.219],[0.778],[0.977],[0.383],[0.616],[0.817],[0.411],[0.589],[0.987],[0.789],[0.209],[0.195],[0.805],[0.396]],"nseeds":81,"executions":9,"nfe":1400,"gps":[[0.101]],"lps":[[0.298],[0.5],[0.699],[0.898]],"fps":[[0.089],[0.113],[0.31],[0.288],[0.078],[0.489],[0.124],[0.51],[0.323],[0.275],[0.478],[0.524],[0.067],[0.686],[0.711],[0.134],[0.333],[0.265],[0.676],[0.722],[0.465],[0.534],[0.887],[0.911],[0.145],[0.664],[0.733],[0.875],[0.053],[0.346],[0.925],[0.452],[0.547],[0.248],[0.743],[0.654],[0.935],[0.86],[0.156],[0.043],[0.356],[0.442],[0.85],[0.558],[0.643],[0.951],[0.758],[0.167],[0.84],[0.031],[0.369],[0.23],[0.431],[0.632],[0.569],[0.768],[0.965],[0.829],[0.421],[0.18],[0.02],[0.579],[0.219],[0.778],[0.977],[0.383],[0.616],[0.817],[0.411],[0.589],[0.987],[0.789],[0.209],[0.195],[0.805],[0.396]],"np":5,"gp":1,"pr":0.06172839506172839,"gpr":1,"lp":4,"lpr":1,"fpr":0.9382716049382716,"reason":"statistic"}