{"avgHealth":0.5897495320957591,"seeds":[[0.1],[0.299],[0.111],[0.089],[0.309],[0.289],[0.499],[0.122],[0.078],[0.319],[0.489],[0.509],[0.278],[0.52],[0.476],[0.698],[0.268],[0.331],[0.687],[0.711],[0.063],[0.138],[0.532],[0.465],[0.673],[0.726],[0.898],[0.258],[0.912],[0.343],[0.877],[0.922],[0.455],[0.66],[0.738],[0.545],[0.05],[0.933],[0.355],[0.856],[0.445],[0.75],[0.16],[0.239],[0.64],[0.955],[0.033],[0.761],[0.431],[0.835],[0.573],[0.773],[0.222],[0.18],[0.42],[0.019],[0.975],[0.822],[0.784],[0.387],[0.407],[0.006],[0.995],[1.017]],"nseeds":64,"executions":113,"nfe":11800,"gps":[[0.1]],"lps":[[0.299],[0.499],[0.698],[0.898]],"fps":[[0.111],[0.089],[0.309],[0.289],[0.122],[0.078],[0.319],[0.489],[0.509],[0.278],[0.52],[0.476],[0.268],[0.331],[0.687],[0.711],[0.063],[0.138],[0.532],[0.465],[0.673],[0.726],[0.258],[0.912],[0.343],[0.877],[0.922],[0.455],[0.66],[0.738],[0.545],[0.05],[0.933],[0.355],[0.856],[0.445],[0.75],[0.16],[0.239],[0.64],[0.955],[0.033],[0.761],[0.431],[0.835],[0.573],[0.773],[0.222],[0.18],[0.42],[0.019],[0.975],[0.822],[0.784],[0.387],[0.407],[0.006],[0.995],[1.017]],"np":5,"gp":1,"pr":0.078125,"gpr":1,"lp":4,"lpr":1,"fpr":0.921875,"reason":"statistic"}