{"avgHealth":0.592617460774613,"seeds":[[0.1],[0.09],[0.299],[0.111],[0.309],[0.289],[0.079],[0.499],[0.122],[0.319],[0.509],[0.487],[0.277],[0.476],[0.522],[0.329],[0.698],[0.067],[0.687],[0.71],[0.267],[0.677],[0.72],[0.465],[0.339],[0.535],[0.89],[0.906],[0.056],[0.665],[0.732],[0.878],[0.919],[0.146],[0.868],[0.453],[0.929],[0.353],[0.553],[0.157],[0.648],[0.441],[0.038],[0.238],[0.845],[0.364],[0.169],[0.431],[0.227],[0.77],[0.375],[0.023],[0.826],[0.42],[0.782],[0.215],[0.814],[0.39],[0.41],[0.009],[0.205],[0.601]],"nseeds":62,"executions":163,"nfe":16800,"gps":[[0.1]],"lps":[[0.299],[0.499],[0.698]],"fps":[[0.09],[0.111],[0.309],[0.289],[0.079],[0.122],[0.319],[0.509],[0.487],[0.277],[0.476],[0.522],[0.329],[0.067],[0.687],[0.71],[0.267],[0.677],[0.72],[0.465],[0.339],[0.535],[0.89],[0.906],[0.056],[0.665],[0.732],[0.878],[0.919],[0.146],[0.868],[0.453],[0.929],[0.353],[0.553],[0.157],[0.648],[0.441],[0.038],[0.238],[0.845],[0.364],[0.169],[0.431],[0.227],[0.77],[0.375],[0.023],[0.826],[0.42],[0.782],[0.215],[0.814],[0.39],[0.41],[0.009],[0.205],[0.601]],"np":4,"gp":1,"pr":0.06451612903225806,"gpr":1,"lp":3,"lpr":0.75,"fpr":0.9354838709677419,"reason":"statistic"}