{"avgHealth":0.592248133870851,"seeds":[[0.1],[0.299],[0.111],[0.089],[0.309],[0.289],[0.499],[0.078],[0.122],[0.319],[0.489],[0.509],[0.278],[0.479],[0.519],[0.329],[0.698],[0.688],[0.709],[0.134],[0.265],[0.469],[0.529],[0.061],[0.674],[0.892],[0.912],[0.343],[0.145],[0.458],[0.664],[0.735],[0.923],[0.869],[0.653],[0.246],[0.448],[0.045],[0.746],[0.357],[0.851],[0.162],[0.033],[0.433],[0.765],[0.37],[0.833],[0.571],[0.176],[0.223],[0.777],[0.019],[0.383],[0.416],[0.008],[0.393],[0.405],[0.204],[0.999]],"nseeds":59,"executions":117,"nfe":12200,"gps":[[0.1]],"lps":[[0.299],[0.499],[0.698],[0.892]],"fps":[[0.111],[0.089],[0.309],[0.289],[0.078],[0.122],[0.319],[0.489],[0.509],[0.278],[0.479],[0.519],[0.329],[0.688],[0.709],[0.134],[0.265],[0.469],[0.529],[0.061],[0.674],[0.912],[0.343],[0.145],[0.458],[0.664],[0.735],[0.923],[0.869],[0.653],[0.246],[0.448],[0.045],[0.746],[0.357],[0.851],[0.162],[0.033],[0.433],[0.765],[0.37],[0.833],[0.571],[0.176],[0.223],[0.777],[0.019],[0.383],[0.416],[0.008],[0.393],[0.405],[0.204],[0.999]],"np":5,"gp":1,"pr":0.0847457627118644,"gpr":1,"lp":4,"lpr":1,"fpr":0.9152542372881356,"reason":"statistic"}