{"avgHealth":98.78176781249435,"seeds":[[0.101],[0.091],[0.299],[0.113],[0.286],[0.08],[0.498],[0.32],[0.509],[0.486],[0.125],[0.275],[0.52],[0.476],[0.069],[0.697],[0.33],[0.708],[0.684],[0.135],[0.265],[0.53],[0.719],[0.674],[0.464],[0.059],[0.896],[0.909],[0.886],[0.73],[0.344],[0.255],[0.664],[0.919],[0.876],[0.541],[0.147],[0.454],[0.929],[0.865],[0.742],[0.653],[0.046],[0.244],[0.854],[0.555],[0.945],[0.442],[0.752],[0.359],[0.161],[0.643],[0.034],[0.762],[0.957],[0.232],[0.566],[0.838],[0.37],[0.171],[0.43],[0.629],[0.772],[0.023],[0.828],[0.97],[0.577],[0.221],[0.42],[0.619],[0.184],[0.981],[0.816],[0.387],[0.587],[0.011],[0.211],[0.787],[0.407],[0.991],[0.606],[0.195],[0.798]],"nseeds":83,"executions":10,"nfe":1500,"gps":[[0.101]],"lps":[[0.299],[0.498],[0.697],[0.896]],"fps":[[0.091],[0.113],[0.286],[0.08],[0.32],[0.509],[0.486],[0.125],[0.275],[0.52],[0.476],[0.069],[0.33],[0.708],[0.684],[0.135],[0.265],[0.53],[0.719],[0.674],[0.464],[0.059],[0.909],[0.886],[0.73],[0.344],[0.255],[0.664],[0.919],[0.876],[0.541],[0.147],[0.454],[0.929],[0.865],[0.742],[0.653],[0.046],[0.244],[0.854],[0.555],[0.945],[0.442],[0.752],[0.359],[0.161],[0.643],[0.034],[0.762],[0.957],[0.232],[0.566],[0.838],[0.37],[0.171],[0.43],[0.629],[0.772],[0.023],[0.828],[0.97],[0.577],[0.221],[0.42],[0.619],[0.184],[0.981],[0.816],[0.387],[0.587],[0.011],[0.211],[0.787],[0.407],[0.991],[0.606],[0.195],[0.798]],"np":5,"gp":1,"pr":0.060240963855421686,"gpr":1,"lp":4,"lpr":1,"fpr":0.9397590361445783,"reason":"statistic"}