{"avgHealth":0.61024533006183,"seeds":[[0.1],[0.09],[0.299],[0.111],[0.309],[0.289],[0.079],[0.499],[0.122],[0.319],[0.489],[0.509],[0.278],[0.522],[0.329],[0.698],[0.067],[0.268],[0.688],[0.473],[0.709],[0.677],[0.722],[0.535],[0.903],[0.462],[0.341],[0.667],[0.056],[0.256],[0.916],[0.149],[0.928],[0.655],[0.352],[0.045],[0.159],[0.241],[0.362],[0.638],[0.435],[0.033],[0.227],[0.374],[0.425],[0.021],[0.183],[0.415],[0.214],[0.388],[0.011],[0.195],[0.404],[1.012]],"nseeds":54,"executions":402,"nfe":40700,"gps":[[0.1]],"lps":[[0.299],[0.499],[0.698],[0.903]],"fps":[[0.09],[0.111],[0.309],[0.289],[0.079],[0.122],[0.319],[0.489],[0.509],[0.278],[0.522],[0.329],[0.067],[0.268],[0.688],[0.473],[0.709],[0.677],[0.722],[0.535],[0.462],[0.341],[0.667],[0.056],[0.256],[0.916],[0.149],[0.928],[0.655],[0.352],[0.045],[0.159],[0.241],[0.362],[0.638],[0.435],[0.033],[0.227],[0.374],[0.425],[0.021],[0.183],[0.415],[0.214],[0.388],[0.011],[0.195],[0.404],[1.012]],"np":5,"gp":1,"pr":0.09259259259259259,"gpr":1,"lp":4,"lpr":1,"fpr":0.9074074074074074,"reason":"statistic"}