{"avgHealth":110.47987122977108,"seeds":[[0.101],[0.091],[0.298],[0.113],[0.308],[0.288],[0.318],[0.5],[0.511],[0.277],[0.486],[0.075],[0.129],[0.328],[0.521],[0.476],[0.695],[0.683],[0.266],[0.715],[0.064],[0.531],[0.139],[0.338],[0.464],[0.672],[0.725],[0.898],[0.908],[0.887],[0.256],[0.918],[0.875],[0.053],[0.662],[0.736],[0.544],[0.453],[0.15],[0.35],[0.865],[0.931],[0.746],[0.245],[0.651],[0.855],[0.943],[0.16],[0.04],[0.44],[0.361],[0.559],[0.845],[0.235],[0.639],[0.953],[0.762],[0.171],[0.371],[0.429],[0.963],[0.027],[0.833],[0.571],[0.627],[0.772],[0.222],[0.973],[0.582],[0.417],[0.184],[0.819],[0.384],[0.782],[0.015],[0.615],[0.984],[0.212],[0.793],[0.406],[0.806],[0.004],[0.597],[0.198]],"nseeds":84,"executions":15,"nfe":2000,"gps":[[0.101]],"lps":[[0.298],[0.5],[0.695],[0.898]],"fps":[[0.091],[0.113],[0.308],[0.288],[0.318],[0.511],[0.277],[0.486],[0.075],[0.129],[0.328],[0.521],[0.476],[0.683],[0.266],[0.715],[0.064],[0.531],[0.139],[0.338],[0.464],[0.672],[0.725],[0.908],[0.887],[0.256],[0.918],[0.875],[0.053],[0.662],[0.736],[0.544],[0.453],[0.15],[0.35],[0.865],[0.931],[0.746],[0.245],[0.651],[0.855],[0.943],[0.16],[0.04],[0.44],[0.361],[0.559],[0.845],[0.235],[0.639],[0.953],[0.762],[0.171],[0.371],[0.429],[0.963],[0.027],[0.833],[0.571],[0.627],[0.772],[0.222],[0.973],[0.582],[0.417],[0.184],[0.819],[0.384],[0.782],[0.015],[0.615],[0.984],[0.212],[0.793],[0.406],[0.806],[0.004],[0.597],[0.198]],"np":5,"gp":1,"pr":0.05952380952380952,"gpr":1,"lp":4,"lpr":1,"fpr":0.9404761904761905,"reason":"statistic"}