{"avgHealth":0.5256164983637187,"seeds":[[0.1],[0.09],[0.299],[0.112],[0.309],[0.289],[0.499],[0.123],[0.077],[0.489],[0.509],[0.321],[0.277],[0.52],[0.698],[0.475],[0.133],[0.708],[0.688],[0.331],[0.267],[0.065],[0.72],[0.675],[0.464],[0.895],[0.905],[0.342],[0.883],[0.731],[0.055],[0.255],[0.663],[0.147],[0.542],[0.867],[0.93],[0.742],[0.45],[0.651],[0.044],[0.356],[0.855],[0.943],[0.439],[0.236],[0.955],[0.031],[0.37],[0.631],[0.965],[0.572],[0.426],[0.771],[0.178],[0.019],[0.219],[0.382],[0.977],[0.782],[0.818],[0.415],[0.989],[0.392],[0.007],[0.792],[0.805],[0.404],[0.203],[0.999]],"nseeds":70,"executions":50,"nfe":5500,"gps":[[0.1]],"lps":[[0.299],[0.499],[0.698],[0.895],[0.905]],"fps":[[0.09],[0.112],[0.309],[0.289],[0.123],[0.077],[0.489],[0.509],[0.321],[0.277],[0.52],[0.475],[0.133],[0.708],[0.688],[0.331],[0.267],[0.065],[0.72],[0.675],[0.464],[0.342],[0.883],[0.731],[0.055],[0.255],[0.663],[0.147],[0.542],[0.867],[0.93],[0.742],[0.45],[0.651],[0.044],[0.356],[0.855],[0.943],[0.439],[0.236],[0.955],[0.031],[0.37],[0.631],[0.965],[0.572],[0.426],[0.771],[0.178],[0.019],[0.219],[0.382],[0.977],[0.782],[0.818],[0.415],[0.989],[0.392],[0.007],[0.792],[0.805],[0.404],[0.203],[0.999]],"np":6,"gp":1,"pr":0.08571428571428572,"gpr":1,"lp":5,"lpr":1.25,"fpr":0.9142857142857143,"reason":"statistic"}