{"avgHealth":109.42210951933873,"seeds":[[0.101],[0.301],[0.088],[0.291],[0.116],[0.312],[0.503],[0.493],[0.077],[0.279],[0.513],[0.323],[0.127],[0.478],[0.698],[0.269],[0.525],[0.687],[0.711],[0.066],[0.333],[0.137],[0.677],[0.722],[0.535],[0.259],[0.902],[0.892],[0.462],[0.882],[0.914],[0.664],[0.733],[0.345],[0.053],[0.148],[0.925],[0.87],[0.545],[0.452],[0.743],[0.653],[0.939],[0.355],[0.159],[0.241],[0.556],[0.04],[0.85],[0.44],[0.755],[0.641],[0.951],[0.366],[0.84],[0.23],[0.568],[0.029],[0.43],[0.767],[0.173],[0.965],[0.83],[0.627],[0.376],[0.019],[0.419],[0.78],[0.582],[0.82],[0.216],[0.617],[0.981],[0.187],[0.388],[0.79],[0.407],[0.808],[0.593],[0.607],[0.992],[0.206]],"nseeds":82,"executions":9,"nfe":1400,"gps":[[0.101]],"lps":[[0.301],[0.503],[0.698],[0.902],[0.892]],"fps":[[0.088],[0.291],[0.116],[0.312],[0.493],[0.077],[0.279],[0.513],[0.323],[0.127],[0.478],[0.269],[0.525],[0.687],[0.711],[0.066],[0.333],[0.137],[0.677],[0.722],[0.535],[0.259],[0.462],[0.882],[0.914],[0.664],[0.733],[0.345],[0.053],[0.148],[0.925],[0.87],[0.545],[0.452],[0.743],[0.653],[0.939],[0.355],[0.159],[0.241],[0.556],[0.04],[0.85],[0.44],[0.755],[0.641],[0.951],[0.366],[0.84],[0.23],[0.568],[0.029],[0.43],[0.767],[0.173],[0.965],[0.83],[0.627],[0.376],[0.019],[0.419],[0.78],[0.582],[0.82],[0.216],[0.617],[0.981],[0.187],[0.388],[0.79],[0.407],[0.808],[0.593],[0.607],[0.992],[0.206]],"np":6,"gp":1,"pr":0.07317073170731707,"gpr":1,"lp":5,"lpr":1.25,"fpr":0.926829268292683,"reason":"statistic"}