{"avgHealth":98.10280749037442,"seeds":[[0.101],[0.299],[0.113],[0.085],[0.31],[0.288],[0.499],[0.488],[0.321],[0.277],[0.514],[0.073],[0.128],[0.476],[0.695],[0.706],[0.331],[0.525],[0.267],[0.681],[0.717],[0.06],[0.464],[0.671],[0.535],[0.9],[0.142],[0.889],[0.341],[0.729],[0.257],[0.913],[0.878],[0.923],[0.661],[0.454],[0.739],[0.153],[0.862],[0.934],[0.353],[0.55],[0.243],[0.749],[0.648],[0.444],[0.041],[0.849],[0.949],[0.56],[0.164],[0.364],[0.638],[0.76],[0.434],[0.031],[0.838],[0.959],[0.23],[0.571],[0.77],[0.628],[0.375],[0.424],[0.178],[0.972],[0.824],[0.219],[0.78],[0.615],[0.386],[0.982],[0.414],[0.013],[0.188],[0.589],[0.812],[0.79],[0.208],[0.994],[0.397],[0.603],[0.002],[0.802]],"nseeds":84,"executions":14,"nfe":1900,"gps":[[0.101]],"lps":[[0.299],[0.499],[0.695],[0.9]],"fps":[[0.113],[0.085],[0.31],[0.288],[0.488],[0.321],[0.277],[0.514],[0.073],[0.128],[0.476],[0.706],[0.331],[0.525],[0.267],[0.681],[0.717],[0.06],[0.464],[0.671],[0.535],[0.142],[0.889],[0.341],[0.729],[0.257],[0.913],[0.878],[0.923],[0.661],[0.454],[0.739],[0.153],[0.862],[0.934],[0.353],[0.55],[0.243],[0.749],[0.648],[0.444],[0.041],[0.849],[0.949],[0.56],[0.164],[0.364],[0.638],[0.76],[0.434],[0.031],[0.838],[0.959],[0.23],[0.571],[0.77],[0.628],[0.375],[0.424],[0.178],[0.972],[0.824],[0.219],[0.78],[0.615],[0.386],[0.982],[0.414],[0.013],[0.188],[0.589],[0.812],[0.79],[0.208],[0.994],[0.397],[0.603],[0.002],[0.802]],"np":5,"gp":1,"pr":0.05952380952380952,"gpr":1,"lp":4,"lpr":1,"fpr":0.9404761904761905,"reason":"statistic"}