{"avgHealth":110.38280418823382,"seeds":[[0.1],[0.09],[0.3],[0.111],[0.29],[0.313],[0.499],[0.123],[0.077],[0.488],[0.278],[0.51],[0.323],[0.477],[0.521],[0.698],[0.709],[0.687],[0.134],[0.066],[0.334],[0.264],[0.677],[0.72],[0.464],[0.534],[0.897],[0.911],[0.667],[0.73],[0.056],[0.877],[0.146],[0.346],[0.923],[0.453],[0.867],[0.74],[0.657],[0.547],[0.246],[0.045],[0.938],[0.856],[0.356],[0.75],[0.159],[0.443],[0.644],[0.948],[0.559],[0.844],[0.233],[0.762],[0.958],[0.368],[0.169],[0.634],[0.43],[0.834],[0.025],[0.573],[0.223],[0.773],[0.971],[0.379],[0.622],[0.181],[0.82],[0.417],[0.583],[0.783],[0.213],[0.611],[0.987],[0.39],[1.013],[0.809],[0.407],[0.593],[0.196],[0.004],[0.796],[0.999]],"nseeds":84,"executions":24,"nfe":2900,"gps":[[0.1]],"lps":[[0.3],[0.499],[0.698],[0.897]],"fps":[[0.09],[0.111],[0.29],[0.313],[0.123],[0.077],[0.488],[0.278],[0.51],[0.323],[0.477],[0.521],[0.709],[0.687],[0.134],[0.066],[0.334],[0.264],[0.677],[0.72],[0.464],[0.534],[0.911],[0.667],[0.73],[0.056],[0.877],[0.146],[0.346],[0.923],[0.453],[0.867],[0.74],[0.657],[0.547],[0.246],[0.045],[0.938],[0.856],[0.356],[0.75],[0.159],[0.443],[0.644],[0.948],[0.559],[0.844],[0.233],[0.762],[0.958],[0.368],[0.169],[0.634],[0.43],[0.834],[0.025],[0.573],[0.223],[0.773],[0.971],[0.379],[0.622],[0.181],[0.82],[0.417],[0.583],[0.783],[0.213],[0.611],[0.987],[0.39],[1.013],[0.809],[0.407],[0.593],[0.196],[0.004],[0.796],[0.999]],"np":5,"gp":1,"pr":0.05952380952380952,"gpr":1,"lp":4,"lpr":1,"fpr":0.9404761904761905,"reason":"statistic"}