{"avgHealth":0.5988622136398043,"seeds":[[0.1],[0.09],[0.299],[0.111],[0.309],[0.289],[0.079],[0.499],[0.32],[0.489],[0.509],[0.278],[0.124],[0.479],[0.519],[0.698],[0.33],[0.268],[0.688],[0.709],[0.469],[0.677],[0.531],[0.722],[0.898],[0.142],[0.257],[0.667],[0.915],[0.344],[0.875],[0.455],[0.74],[0.934],[0.044],[0.355],[0.445],[0.242],[0.556],[0.752],[0.846],[0.231],[0.431],[0.371],[0.027],[0.627],[0.421],[0.18],[0.383],[0.015],[0.816],[0.409],[0.207],[0.393],[0.194],[0.994],[0.8]],"nseeds":57,"executions":140,"nfe":14500,"gps":[[0.1]],"lps":[[0.299],[0.499],[0.698],[0.898]],"fps":[[0.09],[0.111],[0.309],[0.289],[0.079],[0.32],[0.489],[0.509],[0.278],[0.124],[0.479],[0.519],[0.33],[0.268],[0.688],[0.709],[0.469],[0.677],[0.531],[0.722],[0.142],[0.257],[0.667],[0.915],[0.344],[0.875],[0.455],[0.74],[0.934],[0.044],[0.355],[0.445],[0.242],[0.556],[0.752],[0.846],[0.231],[0.431],[0.371],[0.027],[0.627],[0.421],[0.18],[0.383],[0.015],[0.816],[0.409],[0.207],[0.393],[0.194],[0.994],[0.8]],"np":5,"gp":1,"pr":0.08771929824561403,"gpr":1,"lp":4,"lpr":1,"fpr":0.9122807017543859,"reason":"statistic"}