{"avgHealth":0.5673582607012333,"seeds":[[0.1],[0.09],[0.299],[0.111],[0.309],[0.289],[0.079],[0.499],[0.122],[0.319],[0.489],[0.509],[0.277],[0.479],[0.329],[0.698],[0.523],[0.132],[0.708],[0.687],[0.065],[0.266],[0.468],[0.677],[0.721],[0.339],[0.899],[0.889],[0.91],[0.144],[0.666],[0.256],[0.055],[0.878],[0.544],[0.926],[0.738],[0.453],[0.351],[0.863],[0.156],[0.044],[0.648],[0.942],[0.555],[0.241],[0.851],[0.753],[0.363],[0.637],[0.031],[0.962],[0.429],[0.374],[0.825],[0.776],[0.419],[0.385],[0.186],[0.212],[0.612],[0.408],[0.995],[0.197],[0.397],[1.018],[0]],"nseeds":67,"executions":68,"nfe":7300,"gps":[[0.1]],"lps":[[0.299],[0.499],[0.698],[0.899]],"fps":[[0.09],[0.111],[0.309],[0.289],[0.079],[0.122],[0.319],[0.489],[0.509],[0.277],[0.479],[0.329],[0.523],[0.132],[0.708],[0.687],[0.065],[0.266],[0.468],[0.677],[0.721],[0.339],[0.889],[0.91],[0.144],[0.666],[0.256],[0.055],[0.878],[0.544],[0.926],[0.738],[0.453],[0.351],[0.863],[0.156],[0.044],[0.648],[0.942],[0.555],[0.241],[0.851],[0.753],[0.363],[0.637],[0.031],[0.962],[0.429],[0.374],[0.825],[0.776],[0.419],[0.385],[0.186],[0.212],[0.612],[0.408],[0.995],[0.197],[0.397],[1.018],[0]],"np":5,"gp":1,"pr":0.07462686567164178,"gpr":1,"lp":4,"lpr":1,"fpr":0.9253731343283582,"reason":"statistic"}