{"avgHealth":-20.505878835841774,"seeds":[[0],[-43.19999999999993],[-14.399999999999977],[-75.60000000000002],[-81.60000000000002],[-33.60000000000002],[-3.6000000000000227],[-87.60000000000002],[-60],[-97.20000000000005],[-115.19999999999999],[-234],[-304.8],[-310.8],[325.20000000000005],[332.4],[328.80000000000007],[337.20000000000005],[352.80000000000007],[348],[356.4000000000001],[366.0000000000001],[368.4000000000001],[-368.4],[383.9999999999999],[381.5999999999999],[379.19999999999993],[390],[380.4],[387.5999999999999],[396],[386.4],[399.5999999999999],[405.5999999999999],[414],[415.19999999999993],[426],[-435.6],[-447.6],[-448.8],[-457.20000000000005],[-459.6],[-454.8],[456],[464.4000000000001],[465.5999999999999],[-463.2],[462],[-470.4],[-468],[477.60000000000014],[-478.8],[475.20000000000005],[-475.2],[483.60000000000014],[482.4000000000001],[484.79999999999995],[-484.8],[480],[481.20000000000005],[489.60000000000014],[490.79999999999995],[486],[495.60000000000014],[496.79999999999995],[-496.8],[-494.4],[498],[502.79999999999995],[-504],[504],[510],[505.20000000000005],[-514.8],[514.8],[-516],[511.20000000000005],[513.6000000000001],[512.4000000000001],[520.8],[-522],[-517.2],[519.6000000000001],[528],[-525.6],[529.2],[-534],[-532.8],[-535.2],[530.3999999999999],[531.5999999999999],[-540],[-537.6],[-546],[542.3999999999999],[-542.4],[-547.2],[544.8],[-544.8],[543.5999999999999],[548.3999999999999],[-548.4],[553.2],[-552],[552],[550.8],[-550.8],[549.5999999999999],[554.3999999999999],[-554.4],[559.2],[558],[555.5999999999999],[560.3999999999999],[556.8],[-565.2],[564],[561.5999999999999],[-561.6],[562.8],[-571.2],[572.3999999999999],[-572.4],[-570],[570],[-568.8],[573.5999999999999],[577.2],[-578.4],[-574.8],[579.5999999999999],[-579.6],[584.4000000000001],[583.2],[580.8],[-582],[582],[-590.4],[590.4000000000001],[589.2],[-589.2],[586.8],[-586.8],[596.4000000000001],[-592.8],[592.8],[597.5999999999999],[594],[598.8],[600]],"nseeds":150,"executions":5047,"nfe":505200,"gps":[[0]],"lps":[],"fps":[[-43.19999999999993],[-14.399999999999977],[-75.60000000000002],[-81.60000000000002],[-33.60000000000002],[-3.6000000000000227],[-87.60000000000002],[-60],[-97.20000000000005],[-115.19999999999999],[-234],[-304.8],[-310.8],[325.20000000000005],[332.4],[328.80000000000007],[337.20000000000005],[352.80000000000007],[348],[356.4000000000001],[366.0000000000001],[368.4000000000001],[-368.4],[383.9999999999999],[381.5999999999999],[379.19999999999993],[390],[380.4],[387.5999999999999],[396],[386.4],[399.5999999999999],[405.5999999999999],[414],[415.19999999999993],[426],[-435.6],[-447.6],[-448.8],[-457.20000000000005],[-459.6],[-454.8],[456],[464.4000000000001],[465.5999999999999],[-463.2],[462],[-470.4],[-468],[477.60000000000014],[-478.8],[475.20000000000005],[-475.2],[483.60000000000014],[482.4000000000001],[484.79999999999995],[-484.8],[480],[481.20000000000005],[489.60000000000014],[490.79999999999995],[486],[495.60000000000014],[496.79999999999995],[-496.8],[-494.4],[498],[502.79999999999995],[-504],[504],[510],[505.20000000000005],[-514.8],[514.8],[-516],[511.20000000000005],[513.6000000000001],[512.4000000000001],[520.8],[-522],[-517.2],[519.6000000000001],[528],[-525.6],[529.2],[-534],[-532.8],[-535.2],[530.3999999999999],[531.5999999999999],[-540],[-537.6],[-546],[542.3999999999999],[-542.4],[-547.2],[544.8],[-544.8],[543.5999999999999],[548.3999999999999],[-548.4],[553.2],[-552],[552],[550.8],[-550.8],[549.5999999999999],[554.3999999999999],[-554.4],[559.2],[558],[555.5999999999999],[560.3999999999999],[556.8],[-565.2],[564],[561.5999999999999],[-561.6],[562.8],[-571.2],[572.3999999999999],[-572.4],[-570],[570],[-568.8],[573.5999999999999],[577.2],[-578.4],[-574.8],[579.5999999999999],[-579.6],[584.4000000000001],[583.2],[580.8],[-582],[582],[-590.4],[590.4000000000001],[589.2],[-589.2],[586.8],[-586.8],[596.4000000000001],[-592.8],[592.8],[597.5999999999999],[594],[598.8],[600]],"np":1,"gp":1,"pr":0.006666666666666667,"gpr":1,"fpr":0.9933333333333333,"reason":"time"}