{"avgHealth":15.445917329740332,"seeds":[[0.677],[0.083],[0.925],[0.699],[0.23],[0.658],[0.098],[0.9],[0.419],[0.218],[0.282],[0.409],[0.109],[0.875],[0.292],[0.741],[0.186],[0.131],[0.378],[0.837],[0.031],[0.778],[0.324],[0.365],[0.174],[0.146],[0.789],[0.342],[0.56],[0.159],[0.805]],"nseeds":31,"executions":128,"nfe":13300,"gps":[[0.677]],"lps":[],"fps":[[0.083],[0.925],[0.699],[0.23],[0.658],[0.098],[0.9],[0.419],[0.218],[0.282],[0.409],[0.109],[0.875],[0.292],[0.741],[0.186],[0.131],[0.378],[0.837],[0.031],[0.778],[0.324],[0.365],[0.174],[0.146],[0.789],[0.342],[0.56],[0.159],[0.805]],"np":1,"gp":1,"pr":0.03225806451612903,"gpr":0.2,"fpr":0.967741935483871,"reason":"statistic"}