{"avgHealth":24.817201167620244,"seeds":[[0.079],[0.448],[0.928],[0.688],[0.944],[0.438],[0.705],[0.96],[0.654],[0.717],[0.974],[0.055],[0.496],[0.513],[0.302],[0.194],[0.753],[0.609],[0.84],[0.318],[0.592],[0.782],[0.544],[0.826],[0.577],[0.555],[0.814],[0.8],[0.155],[0.566]],"nseeds":30,"executions":130,"nfe":13500,"gps":[[0.079],[0.448]],"lps":[],"fps":[[0.928],[0.688],[0.944],[0.438],[0.705],[0.96],[0.654],[0.717],[0.974],[0.055],[0.496],[0.513],[0.302],[0.194],[0.753],[0.609],[0.84],[0.318],[0.592],[0.782],[0.544],[0.826],[0.577],[0.555],[0.814],[0.8],[0.155],[0.566]],"np":2,"gp":2,"pr":0.06666666666666667,"gpr":0.4,"fpr":0.9333333333333333,"reason":"statistic"}