{"avgHealth":32.24837063439957,"seeds":[[0.244],[0.255],[0.231],[0.646],[0.058],[0.504],[0.199],[0.12],[0.001],[0.13],[0.184],[0.595],[0.776],[0.017]],"nseeds":14,"executions":191,"nfe":19600,"gps":[[0.244]],"lps":[],"fps":[[0.255],[0.231],[0.646],[0.058],[0.504],[0.199],[0.12],[0.001],[0.13],[0.184],[0.595],[0.776],[0.017]],"np":1,"gp":1,"pr":0.07142857142857142,"gpr":0.2,"fpr":0.9285714285714286,"reason":"statistic"}