{"avgHealth":21.771422241888953,"seeds":[[0.248],[0.927],[0.688],[0.671],[0.238],[0.434],[0.959],[0.094],[0.227],[0.272],[0.895],[0.414],[0.111],[0.878],[0.294],[0.622],[0.748],[0.862],[0.001],[0.194],[0.386],[0.128],[0.849],[0.031],[0.834],[0.542],[0.144],[0.357],[0.334],[0.166],[0.801],[0.564]],"nseeds":32,"executions":153,"nfe":15800,"gps":[[0.248]],"lps":[],"fps":[[0.927],[0.688],[0.671],[0.238],[0.434],[0.959],[0.094],[0.227],[0.272],[0.895],[0.414],[0.111],[0.878],[0.294],[0.622],[0.748],[0.862],[0.001],[0.194],[0.386],[0.128],[0.849],[0.031],[0.834],[0.542],[0.144],[0.357],[0.334],[0.166],[0.801],[0.564]],"np":1,"gp":1,"pr":0.03125,"gpr":0.2,"fpr":0.96875,"reason":"statistic"}