{"avgHealth":258.4558635903773,"seeds":[[0.681],[0.648],[0.1],[0.729],[0.112],[0.048],[0.756]],"nseeds":7,"executions":349,"nfe":35400,"gps":[[0.681]],"lps":[],"fps":[[0.648],[0.1],[0.729],[0.112],[0.048],[0.756]],"np":1,"gp":1,"pr":0.14285714285714285,"gpr":0.2,"fpr":0.8571428571428571,"reason":"statistic"}