{"avgHealth":42.94844873023726,"seeds":[[0.684],[0.926],[0.67],[0.696],[0.258],[0.66],[0.65],[0.897],[0.716],[0.637],[0.877],[0.627],[0.115],[0.396],[0.747],[0.864],[0.041],[0.521],[0.382],[0.762],[0.372],[0.322],[0.833],[0.14],[0.54],[0.579],[0.337],[0.155]],"nseeds":28,"executions":160,"nfe":16500,"gps":[[0.684]],"lps":[],"fps":[[0.926],[0.67],[0.696],[0.258],[0.66],[0.65],[0.897],[0.716],[0.637],[0.877],[0.627],[0.115],[0.396],[0.747],[0.864],[0.041],[0.521],[0.382],[0.762],[0.372],[0.322],[0.833],[0.14],[0.54],[0.579],[0.337],[0.155]],"np":1,"gp":1,"pr":0.03571428571428571,"gpr":0.2,"fpr":0.9642857142857143,"reason":"statistic"}