{"avgHealth":0.981474278665955,"seeds":[[0.451],[0.681],[0.08],[0.931],[0.243],[0.946],[0.917],[0.664],[0.261],[0.47],[0.096],[0.653],[0.409],[0.494],[0.758],[0.781],[0.797]],"nseeds":17,"executions":148,"nfe":15300,"gps":[[0.451],[0.681],[0.08],[0.931]],"lps":[],"fps":[[0.243],[0.946],[0.917],[0.664],[0.261],[0.47],[0.096],[0.653],[0.409],[0.494],[0.758],[0.781],[0.797]],"np":4,"gp":4,"pr":0.23529411764705882,"gpr":0.8,"fpr":0.7647058823529411,"reason":"statistic"}