{"avgHealth":26.124867989832325,"seeds":[[0.935],[0.249],[0.925],[0.088],[0.071],[0.262],[0.231],[0.661],[0.472],[0.964],[0.904],[0.419],[0.974],[0.102],[0.217],[0.487],[0.985],[0.729],[0.878],[0.289],[0.401],[0.995],[0.504],[0.742],[0.868],[0.118],[0.001],[0.858],[0.52],[0.037],[0.377],[0.831],[0.026],[0.332],[0.549],[0.793],[0.163],[0.808]],"nseeds":38,"executions":73,"nfe":7800,"gps":[[0.935],[0.249]],"lps":[],"fps":[[0.925],[0.088],[0.071],[0.262],[0.231],[0.661],[0.472],[0.964],[0.904],[0.419],[0.974],[0.102],[0.217],[0.487],[0.985],[0.729],[0.878],[0.289],[0.401],[0.995],[0.504],[0.742],[0.868],[0.118],[0.001],[0.858],[0.52],[0.037],[0.377],[0.831],[0.026],[0.332],[0.549],[0.793],[0.163],[0.808]],"np":2,"gp":2,"pr":0.05263157894736842,"gpr":0.4,"fpr":0.9473684210526315,"reason":"statistic"}