{"avgHealth":14.876521757545524,"seeds":[[0.081],[0.237],[0.92],[0.43],[0.658],[0.224],[0.272],[0.102],[0.894],[0.494],[0.209],[0.879],[0.405],[0.288],[0.993],[0.113],[0.865],[0.299],[0.751],[0.038],[0.129],[0.374],[0.176],[0.141],[0.364],[0.783],[0.014],[0.337],[0.352],[0.571],[0.159]],"nseeds":31,"executions":145,"nfe":15000,"gps":[[0.081]],"lps":[],"fps":[[0.237],[0.92],[0.43],[0.658],[0.224],[0.272],[0.102],[0.894],[0.494],[0.209],[0.879],[0.405],[0.288],[0.993],[0.113],[0.865],[0.299],[0.751],[0.038],[0.129],[0.374],[0.176],[0.141],[0.364],[0.783],[0.014],[0.337],[0.352],[0.571],[0.159]],"np":1,"gp":1,"pr":0.03225806451612903,"gpr":0.2,"fpr":0.967741935483871,"reason":"statistic"}