{"avgHealth":0.993898830372407,"seeds":[[0.451],[0.681],[0.247],[0.08],[0.936],[0.926],[0.438],[0.95],[0.697],[0.664],[0.914],[0.895],[0.786]],"nseeds":13,"executions":178,"nfe":18300,"gps":[[0.451],[0.681],[0.247],[0.08],[0.936]],"lps":[],"fps":[[0.926],[0.438],[0.95],[0.697],[0.664],[0.914],[0.895],[0.786]],"np":5,"gp":5,"pr":0.38461538461538464,"gpr":1,"fpr":0.6153846153846154,"reason":"statistic"}