{"avgHealth":0.9893901433091385,"seeds":[[0.451],[0.08],[0.935],[0.248],[0.693],[0.668],[0.235],[0.713],[0.647],[0.277],[0.522],[0.377],[0.793]],"nseeds":13,"executions":152,"nfe":15700,"gps":[[0.451],[0.08],[0.935],[0.248]],"lps":[],"fps":[[0.693],[0.668],[0.235],[0.713],[0.647],[0.277],[0.522],[0.377],[0.793]],"np":4,"gp":4,"pr":0.3076923076923077,"gpr":0.8,"fpr":0.6923076923076923,"reason":"statistic"}