{"avgHealth":0.9720786593320218,"seeds":[[0.1,0.1],[0.1,0.299],[0.299,0.1],[0.297,0.299],[0.284,0.081],[0.304,0.728],[0.214,0.298],[0.256,0.079],[0.306,0.958],[0.066,0.717],[0.507,0.756],[0.32,0.625],[0.442,0.524],[0.787,0.686],[0.638,0.673],[0.971,0.894],[0.67,0.575],[0.943,0.249],[0.975,0.842]],"nseeds":19,"executions":220,"nfe":22500,"gps":[[0.1,0.1]],"lps":[[0.1,0.299]],"fps":[[0.299,0.1],[0.297,0.299],[0.284,0.081],[0.304,0.728],[0.214,0.298],[0.256,0.079],[0.306,0.958],[0.066,0.717],[0.507,0.756],[0.32,0.625],[0.442,0.524],[0.787,0.686],[0.638,0.673],[0.971,0.894],[0.67,0.575],[0.943,0.249],[0.975,0.842]],"np":2,"gp":1,"pr":0.10526315789473684,"gpr":1,"lp":1,"lpr":0.25,"fpr":0.8947368421052632,"reason":"statistic"}