{"avgHealth":0.9845241484953713,"seeds":[[0.1,0.1],[0.299,0.1],[0.101,0.3],[0.1,0.115],[0.11,0.305],[0.296,0.113],[0.283,0.1],[0.102,0.497],[0.285,0.299],[0.297,0.498],[0.086,0.497],[0.313,0.499],[0.286,0.319],[0.308,0.715],[0.691,0.079],[0.282,0.883],[0.722,0.691],[0.522,0.594]],"nseeds":18,"executions":239,"nfe":24400,"gps":[[0.1,0.1]],"lps":[[0.102,0.497]],"fps":[[0.299,0.1],[0.101,0.3],[0.1,0.115],[0.11,0.305],[0.296,0.113],[0.283,0.1],[0.285,0.299],[0.297,0.498],[0.086,0.497],[0.313,0.499],[0.286,0.319],[0.308,0.715],[0.691,0.079],[0.282,0.883],[0.722,0.691],[0.522,0.594]],"np":2,"gp":1,"pr":0.1111111111111111,"gpr":1,"lp":1,"lpr":0.25,"fpr":0.8888888888888888,"reason":"statistic"}