{"avgHealth":0.9645064711713641,"seeds":[[0.1,0.1],[0.099,0.299],[0.303,0.1],[0.292,0.1],[0.296,0.308],[0.277,0.106],[0.279,0.304],[0.289,0.278],[0.695,0.1],[0.111,0.693],[0.279,0.509],[0.716,0.092],[0.274,0.495],[0.317,0.699],[0.7,0.503],[0.493,0.708],[0.306,0.885],[0.306,0.868],[0.303,0.942],[0.313,0.983],[0.222,0.278],[0.523,0.661],[0.706,0.873],[0.738,0.703],[0.474,0.544],[0.335,0.664],[0.937,0.464],[0.874,0.768],[0.579,0.737],[0.368,0.653],[0.574,0.225]],"nseeds":31,"executions":252,"nfe":25700,"gps":[[0.1,0.1]],"lps":[[0.7,0.503]],"fps":[[0.099,0.299],[0.303,0.1],[0.292,0.1],[0.296,0.308],[0.277,0.106],[0.279,0.304],[0.289,0.278],[0.695,0.1],[0.111,0.693],[0.279,0.509],[0.716,0.092],[0.274,0.495],[0.317,0.699],[0.493,0.708],[0.306,0.885],[0.306,0.868],[0.303,0.942],[0.313,0.983],[0.222,0.278],[0.523,0.661],[0.706,0.873],[0.738,0.703],[0.474,0.544],[0.335,0.664],[0.937,0.464],[0.874,0.768],[0.579,0.737],[0.368,0.653],[0.574,0.225]],"np":2,"gp":1,"pr":0.06451612903225806,"gpr":1,"lp":1,"lpr":0.25,"fpr":0.9354838709677419,"reason":"statistic"}