{"avgHealth":0.9696224713198668,"seeds":[[0.1,0.1],[0.101,0.3],[0.302,0.104],[0.101,0.283],[0.317,0.098],[0.509,0.098],[0.117,0.289],[0.317,0.3],[0.501,0.305],[0.129,0.098],[0.317,0.285],[0.074,0.305],[0.108,0.7],[0.522,0.289],[0.717,0.311],[0.076,0.7],[0.511,0.688],[0.296,0.769],[0.842,0.305],[0.181,0.305],[0.205,0.311],[0.522,0.532],[0.522,0.673],[0.688,0.454],[0.522,0.948],[0.745,0.723],[0.721,0.839],[0.816,0.825]],"nseeds":28,"executions":230,"nfe":23500,"gps":[[0.1,0.1]],"lps":[[0.302,0.104]],"fps":[[0.101,0.3],[0.101,0.283],[0.317,0.098],[0.509,0.098],[0.117,0.289],[0.317,0.3],[0.501,0.305],[0.129,0.098],[0.317,0.285],[0.074,0.305],[0.108,0.7],[0.522,0.289],[0.717,0.311],[0.076,0.7],[0.511,0.688],[0.296,0.769],[0.842,0.305],[0.181,0.305],[0.205,0.311],[0.522,0.532],[0.522,0.673],[0.688,0.454],[0.522,0.948],[0.745,0.723],[0.721,0.839],[0.816,0.825]],"np":2,"gp":1,"pr":0.07142857142857142,"gpr":1,"lp":1,"lpr":0.25,"fpr":0.9285714285714286,"reason":"statistic"}