{"avgHealth":0.9557274848909567,"seeds":[[0.1,0.1],[0.1,0.3],[0.302,0.1],[0.113,0.3],[0.313,0.296],[0.497,0.3],[0.099,0.514],[0.501,0.315],[0.115,0.512],[0.318,0.505],[0.694,0.3],[0.111,0.702],[0.526,0.3],[0.08,0.699],[0.699,0.317],[0.306,0.673],[0.695,0.489],[0.461,0.292],[0.261,0.081],[0.693,0.516],[0.719,0.487],[0.513,0.674],[0.208,0.289],[0.318,0.411],[0.321,0.849],[0.32,0.766],[0.479,0.815],[0.723,0.257],[0.715,0.778],[0.916,0.862],[0.543,0.966],[0.192,0.633],[0.767,1.008],[0.973,0.976]],"nseeds":34,"executions":167,"nfe":17200,"gps":[[0.1,0.1]],"lps":[[0.1,0.3],[0.302,0.1],[0.694,0.3]],"fps":[[0.113,0.3],[0.313,0.296],[0.497,0.3],[0.099,0.514],[0.501,0.315],[0.115,0.512],[0.318,0.505],[0.111,0.702],[0.526,0.3],[0.08,0.699],[0.699,0.317],[0.306,0.673],[0.695,0.489],[0.461,0.292],[0.261,0.081],[0.693,0.516],[0.719,0.487],[0.513,0.674],[0.208,0.289],[0.318,0.411],[0.321,0.849],[0.32,0.766],[0.479,0.815],[0.723,0.257],[0.715,0.778],[0.916,0.862],[0.543,0.966],[0.192,0.633],[0.767,1.008],[0.973,0.976]],"np":4,"gp":1,"pr":0.11764705882352941,"gpr":1,"lp":3,"lpr":0.75,"fpr":0.8823529411764706,"reason":"statistic"}