{"avgHealth":0.9570907036306566,"seeds":[[0.1,0.1],[0.101,0.302],[0.102,0.292],[0.31,0.1],[0.089,0.302],[0.089,0.283],[0.31,0.283],[0.1,0.689],[0.31,0.699],[0.288,0.699],[0.102,0.465],[0.719,0.091],[0.288,0.689],[0.467,0.297],[0.709,0.283],[0.31,0.676],[0.304,0.836],[0.71,0.692],[0.754,0.502],[0.525,0.546],[0.271,0.584],[0.71,0.612],[0.553,0.663],[0.887,0.593],[0.035,0.918],[0.243,1.01],[0.569,0.946],[0.757,0.638]],"nseeds":28,"executions":292,"nfe":29700,"gps":[[0.1,0.1]],"lps":[],"fps":[[0.101,0.302],[0.102,0.292],[0.31,0.1],[0.089,0.302],[0.089,0.283],[0.31,0.283],[0.1,0.689],[0.31,0.699],[0.288,0.699],[0.102,0.465],[0.719,0.091],[0.288,0.689],[0.467,0.297],[0.709,0.283],[0.31,0.676],[0.304,0.836],[0.71,0.692],[0.754,0.502],[0.525,0.546],[0.271,0.584],[0.71,0.612],[0.553,0.663],[0.887,0.593],[0.035,0.918],[0.243,1.01],[0.569,0.946],[0.757,0.638]],"np":1,"gp":1,"pr":0.03571428571428571,"gpr":1,"lp":0,"lpr":0,"fpr":0.9642857142857143,"reason":"statistic"}