{"avgHealth":0.9392232665782936,"seeds":[[0.1,0.1],[0.1,0.299],[0.113,0.29],[0.285,0.299],[0.1,0.512],[0.285,0.288],[0.27,0.296],[0.075,0.503],[0.301,0.899],[0.263,0.286],[0.715,0.501],[0.299,0.868],[0.319,0.063],[0.753,0.302],[0.299,0.821],[0.753,0.292],[0.304,0.605],[0.314,0.383],[0.86,0.514],[0.708,0.872],[0.813,0.518],[0.753,0.521],[0.742,0.685],[0.712,0.353],[0.522,0.18],[0.673,0.541],[0.472,0.759],[0.382,0.715],[0.719,0.413],[0.776,0.674],[0.436,0.883],[0.876,0.386],[0.551,0.653],[0.818,0.873],[0.547,0.848],[0.149,0.801],[0.451,0.847],[0.929,0.781],[0.949,0.433],[0.808,0.432],[0.632,0.576],[0.603,0.961]],"nseeds":42,"executions":196,"nfe":20100,"gps":[[0.1,0.1]],"lps":[[0.1,0.299]],"fps":[[0.113,0.29],[0.285,0.299],[0.1,0.512],[0.285,0.288],[0.27,0.296],[0.075,0.503],[0.301,0.899],[0.263,0.286],[0.715,0.501],[0.299,0.868],[0.319,0.063],[0.753,0.302],[0.299,0.821],[0.753,0.292],[0.304,0.605],[0.314,0.383],[0.86,0.514],[0.708,0.872],[0.813,0.518],[0.753,0.521],[0.742,0.685],[0.712,0.353],[0.522,0.18],[0.673,0.541],[0.472,0.759],[0.382,0.715],[0.719,0.413],[0.776,0.674],[0.436,0.883],[0.876,0.386],[0.551,0.653],[0.818,0.873],[0.547,0.848],[0.149,0.801],[0.451,0.847],[0.929,0.781],[0.949,0.433],[0.808,0.432],[0.632,0.576],[0.603,0.961]],"np":2,"gp":1,"pr":0.047619047619047616,"gpr":1,"lp":1,"lpr":0.25,"fpr":0.9523809523809523,"reason":"statistic"}