{"avgHealth":0.9376735453508602,"seeds":[[0.1,0.1],[0.1,0.299],[0.1,0.309],[0.307,0.107],[0.099,0.283],[0.298,0.283],[0.49,0.297],[0.49,0.307],[0.49,0.278],[0.277,0.278],[0.462,0.102],[0.67,0.305],[0.891,0.307],[0.704,0.275],[0.3,0.972],[0.725,0.278],[0.021,0.297],[0.95,0.31],[0.449,0.314],[0.449,0.283],[0.695,0.263],[0.081,0.575],[0.501,0.985],[0.772,0.491],[0.655,0.073],[0.321,0.57],[0.835,0.514],[0.871,0.689],[0.478,0.562],[0.245,0.702],[0.478,0.612],[0.663,0.898],[0.89,0.559],[0.824,0.725],[0.193,0.54],[0.544,0.178],[0.743,0.947],[0.649,0.83],[0.762,0.435],[0.841,0.577],[0.775,0.222],[0.177,0.594],[0.972,0.975],[0.824,0.779],[0.78,0.597]],"nseeds":45,"executions":157,"nfe":16200,"gps":[[0.1,0.1]],"lps":[[0.1,0.299]],"fps":[[0.1,0.309],[0.307,0.107],[0.099,0.283],[0.298,0.283],[0.49,0.297],[0.49,0.307],[0.49,0.278],[0.277,0.278],[0.462,0.102],[0.67,0.305],[0.891,0.307],[0.704,0.275],[0.3,0.972],[0.725,0.278],[0.021,0.297],[0.95,0.31],[0.449,0.314],[0.449,0.283],[0.695,0.263],[0.081,0.575],[0.501,0.985],[0.772,0.491],[0.655,0.073],[0.321,0.57],[0.835,0.514],[0.871,0.689],[0.478,0.562],[0.245,0.702],[0.478,0.612],[0.663,0.898],[0.89,0.559],[0.824,0.725],[0.193,0.54],[0.544,0.178],[0.743,0.947],[0.649,0.83],[0.762,0.435],[0.841,0.577],[0.775,0.222],[0.177,0.594],[0.972,0.975],[0.824,0.779],[0.78,0.597]],"np":2,"gp":1,"pr":0.044444444444444446,"gpr":1,"lp":1,"lpr":0.25,"fpr":0.9555555555555556,"reason":"statistic"}