{"avgHealth":0.9636436459895787,"seeds":[[0.1,0.1],[0.098,0.299],[0.302,0.1],[0.292,0.1],[0.29,0.3],[0.309,0.301],[0.1,0.119],[0.117,0.301],[0.1,0.076],[0.11,0.079],[0.302,0.079],[0.289,0.077],[0.074,0.301],[0.102,0.521],[0.097,0.702],[0.521,0.113],[0.11,0.708],[0.302,0.708],[0.691,0.292],[0.51,0.077],[0.714,0.306],[0.286,0.702],[0.502,0.525],[0.705,0.279],[0.889,0.315],[0.072,0.707],[0.721,0.077],[0.052,0.118],[0.202,0.3],[0.302,0.612],[0.695,0.707],[0.319,0.731],[0.811,0.279],[0.657,0.911],[0.676,0.787],[0.784,0.782]],"nseeds":36,"executions":240,"nfe":24500,"gps":[[0.1,0.1]],"lps":[[0.098,0.299],[0.302,0.1]],"fps":[[0.292,0.1],[0.29,0.3],[0.309,0.301],[0.1,0.119],[0.117,0.301],[0.1,0.076],[0.11,0.079],[0.302,0.079],[0.289,0.077],[0.074,0.301],[0.102,0.521],[0.097,0.702],[0.521,0.113],[0.11,0.708],[0.302,0.708],[0.691,0.292],[0.51,0.077],[0.714,0.306],[0.286,0.702],[0.502,0.525],[0.705,0.279],[0.889,0.315],[0.072,0.707],[0.721,0.077],[0.052,0.118],[0.202,0.3],[0.302,0.612],[0.695,0.707],[0.319,0.731],[0.811,0.279],[0.657,0.911],[0.676,0.787],[0.784,0.782]],"np":3,"gp":1,"pr":0.08333333333333333,"gpr":1,"lp":2,"lpr":0.5,"fpr":0.9166666666666666,"reason":"statistic"}