{"avgHealth":0.19965622600000027,"seeds":[[0.7000000000000001],[-0.7000000000000001],[-0.72],[0.72],[0.68],[-0.68],[0.74],[-0.74],[0.66],[-0.66],[-0.76],[0.76],[0.64],[-0.64],[-0.78],[0.78],[0.62],[-0.62],[-0.8],[0.8],[0.6],[-0.6],[0.8200000000000001],[-0.8200000000000001],[-0.8400000000000001],[0.8400000000000001],[0.5800000000000001],[-0.5800000000000001],[-0.8599999999999999],[0.8599999999999999],[0.56],[-0.56],[-0.8799999999999999],[0.8799999999999999],[-0.54],[0.54],[0.8999999999999999],[-0.8999999999999999],[0.52],[-0.52],[-0.9199999999999999],[0.9199999999999999],[0.5],[-0.5],[0.94],[-0.94],[-0.96],[0.96],[-0.48],[0.48],[0.98],[-0.98],[0.45999999999999996],[-0.45999999999999996],[-1],[1],[0.43999999999999995],[-0.43999999999999995],[-1.02],[1.02],[-1.04],[1.04],[0.42000000000000004],[-0.42000000000000004],[-1.06],[1.06],[0.4],[-0.4],[-1.08],[1.08],[-0.38],[0.38],[1.1],[-1.1],[-1.12],[1.12],[0.36],[-0.36],[-1.1400000000000001],[1.1400000000000001],[-0.34],[0.34],[1.1600000000000001],[-1.1600000000000001],[1.18],[-1.18],[-0.32],[1.2],[-1.22],[1.22],[-0.3],[0.3],[0.28],[-0.28],[-1.26],[1.28],[-1.28],[0.26],[-0.26],[-1.3],[1.32],[-1.32],[-0.24],[0.24],[-1.34],[-1.36],[-0.21999999999999997],[0.21999999999999997],[1.3800000000000001],[-1.4000000000000001],[-0.2],[0.2],[1.42],[-1.42],[1.44],[-0.18],[-1.5],[1.5],[-0.16],[0.16],[1.52],[-1.54],[1.56],[-1.58],[-0.12],[1.62],[-0.1],[0.1],[-1.7000000000000002],[-1.7399999999999998],[-1.7599999999999998],[-1.7999999999999998],[1.8599999999999999],[1.88],[-1.92],[2],[0.02],[-0.02],[2.18],[2.22],[-2.3000000000000003],[-2.3200000000000003],[2.3200000000000003],[-2.36],[-2.4],[-2.46],[-2.48],[-2.62],[-2.64],[-2.7],[2.8000000000000003],[-2.82],[2.82],[2.86],[2.88],[3],[3.02],[3.08],[3.12],[3.16],[3.2],[3.24],[-3.2800000000000002],[3.2800000000000002],[3.3200000000000003],[3.4399999999999995],[3.46],[3.5199999999999996],[3.54],[-3.58],[3.5999999999999996],[3.66],[3.6399999999999997],[-3.7],[3.84],[-3.96],[-3.9400000000000004],[-3.88],[9.44],[5.42],[-6.58],[-5.0600000000000005],[8.96],[9.76],[6.4],[-5.779999999999999],[-6.54],[9.399999999999999],[-5.739999999999999],[-4.14],[5.540000000000001],[7.82],[8.98],[7.22],[-9.18],[10.02],[5.819999999999999],[8.66],[6.74],[9.86],[7.66],[9.18],[4.779999999999999],[7.74],[-5.76],[-5.380000000000001],[7.6],[-7.199999999999999],[4.98],[-7.279999999999999],[8.88],[9.74],[-5.4],[-6.680000000000001],[9.98],[-5.16],[-5.88],[-5.5200000000000005],[-7.119999999999999],[8.82],[4.16],[8.379999999999999],[7.4399999999999995],[-7.640000000000001],[-6.16],[4.9],[9.62],[9.559999999999999],[7.62],[-7.34],[7.9],[-5.44],[-6.78],[10.280000000000001],[-6.22],[10.22],[-5.28],[-7.26],[-7.38],[9.6],[-6.82],[8.94],[7.880000000000001],[-6.2],[4.96],[7.52],[-7.42],[-6.6000000000000005],[-5.819999999999999],[8.06],[9.22],[-8.86],[7.54],[-5.58],[-8.66],[4.74],[7.7],[5.9399999999999995],[-7.02],[7.24],[-5.1],[10.440000000000001],[-8.120000000000001],[-5.24],[-6.32],[-6.28],[7.32],[-7.18],[-6.18],[-6.86],[-4.9399999999999995],[-9.48],[10.16],[9.719999999999999],[9.48],[-5.68],[9.84],[8.84],[6.16],[9.24],[7.16],[10],[7.06],[9],[8.36],[10.120000000000001],[9.94],[9.120000000000001],[5.84],[-6.08],[9.92],[-6.4],[10.2],[5.68],[9.68],[-5.92],[7.68],[7.119999999999999],[6.12],[9.82],[-5.84],[-5.220000000000001],[8.54],[-4.1],[10.04],[10.36],[10.24]],"nseeds":307,"executions":131,"nfe":13600,"gps":[],"lps":[],"fps":[[0.7000000000000001],[-0.7000000000000001],[-0.72],[0.72],[0.68],[-0.68],[0.74],[-0.74],[0.66],[-0.66],[-0.76],[0.76],[0.64],[-0.64],[-0.78],[0.78],[0.62],[-0.62],[-0.8],[0.8],[0.6],[-0.6],[0.8200000000000001],[-0.8200000000000001],[-0.8400000000000001],[0.8400000000000001],[0.5800000000000001],[-0.5800000000000001],[-0.8599999999999999],[0.8599999999999999],[0.56],[-0.56],[-0.8799999999999999],[0.8799999999999999],[-0.54],[0.54],[0.8999999999999999],[-0.8999999999999999],[0.52],[-0.52],[-0.9199999999999999],[0.9199999999999999],[0.5],[-0.5],[0.94],[-0.94],[-0.96],[0.96],[-0.48],[0.48],[0.98],[-0.98],[0.45999999999999996],[-0.45999999999999996],[-1],[1],[0.43999999999999995],[-0.43999999999999995],[-1.02],[1.02],[-1.04],[1.04],[0.42000000000000004],[-0.42000000000000004],[-1.06],[1.06],[0.4],[-0.4],[-1.08],[1.08],[-0.38],[0.38],[1.1],[-1.1],[-1.12],[1.12],[0.36],[-0.36],[-1.1400000000000001],[1.1400000000000001],[-0.34],[0.34],[1.1600000000000001],[-1.1600000000000001],[1.18],[-1.18],[-0.32],[1.2],[-1.22],[1.22],[-0.3],[0.3],[0.28],[-0.28],[-1.26],[1.28],[-1.28],[0.26],[-0.26],[-1.3],[1.32],[-1.32],[-0.24],[0.24],[-1.34],[-1.36],[-0.21999999999999997],[0.21999999999999997],[1.3800000000000001],[-1.4000000000000001],[-0.2],[0.2],[1.42],[-1.42],[1.44],[-0.18],[-1.5],[1.5],[-0.16],[0.16],[1.52],[-1.54],[1.56],[-1.58],[-0.12],[1.62],[-0.1],[0.1],[-1.7000000000000002],[-1.7399999999999998],[-1.7599999999999998],[-1.7999999999999998],[1.8599999999999999],[1.88],[-1.92],[2],[0.02],[-0.02],[2.18],[2.22],[-2.3000000000000003],[-2.3200000000000003],[2.3200000000000003],[-2.36],[-2.4],[-2.46],[-2.48],[-2.62],[-2.64],[-2.7],[2.8000000000000003],[-2.82],[2.82],[2.86],[2.88],[3],[3.02],[3.08],[3.12],[3.16],[3.2],[3.24],[-3.2800000000000002],[3.2800000000000002],[3.3200000000000003],[3.4399999999999995],[3.46],[3.5199999999999996],[3.54],[-3.58],[3.5999999999999996],[3.66],[3.6399999999999997],[-3.7],[3.84],[-3.96],[-3.9400000000000004],[-3.88],[9.44],[5.42],[-6.58],[-5.0600000000000005],[8.96],[9.76],[6.4],[-5.779999999999999],[-6.54],[9.399999999999999],[-5.739999999999999],[-4.14],[5.540000000000001],[7.82],[8.98],[7.22],[-9.18],[10.02],[5.819999999999999],[8.66],[6.74],[9.86],[7.66],[9.18],[4.779999999999999],[7.74],[-5.76],[-5.380000000000001],[7.6],[-7.199999999999999],[4.98],[-7.279999999999999],[8.88],[9.74],[-5.4],[-6.680000000000001],[9.98],[-5.16],[-5.88],[-5.5200000000000005],[-7.119999999999999],[8.82],[4.16],[8.379999999999999],[7.4399999999999995],[-7.640000000000001],[-6.16],[4.9],[9.62],[9.559999999999999],[7.62],[-7.34],[7.9],[-5.44],[-6.78],[10.280000000000001],[-6.22],[10.22],[-5.28],[-7.26],[-7.38],[9.6],[-6.82],[8.94],[7.880000000000001],[-6.2],[4.96],[7.52],[-7.42],[-6.6000000000000005],[-5.819999999999999],[8.06],[9.22],[-8.86],[7.54],[-5.58],[-8.66],[4.74],[7.7],[5.9399999999999995],[-7.02],[7.24],[-5.1],[10.440000000000001],[-8.120000000000001],[-5.24],[-6.32],[-6.28],[7.32],[-7.18],[-6.18],[-6.86],[-4.9399999999999995],[-9.48],[10.16],[9.719999999999999],[9.48],[-5.68],[9.84],[8.84],[6.16],[9.24],[7.16],[10],[7.06],[9],[8.36],[10.120000000000001],[9.94],[9.120000000000001],[5.84],[-6.08],[9.92],[-6.4],[10.2],[5.68],[9.68],[-5.92],[7.68],[7.119999999999999],[6.12],[9.82],[-5.84],[-5.220000000000001],[8.54],[-4.1],[10.04],[10.36],[10.24]],"np":0,"gp":0,"pr":0,"fpr":1,"reason":"statistic"}