{"avgHealth":0.21774003000000042,"seeds":[[-0.7000000000000001],[0.7000000000000001],[0.72],[-0.72],[0.68],[-0.68],[-0.74],[0.74],[-0.66],[0.66],[0.76],[-0.76],[0.64],[-0.64],[-0.78],[0.78],[-0.62],[0.62],[0.8],[-0.8],[-0.6],[0.6],[-0.8200000000000001],[0.8200000000000001],[-0.8400000000000001],[0.8400000000000001],[0.5800000000000001],[-0.5800000000000001],[-0.8599999999999999],[0.8599999999999999],[0.56],[-0.56],[0.8799999999999999],[-0.8799999999999999],[-0.54],[0.54],[0.8999999999999999],[-0.8999999999999999],[0.52],[-0.52],[-0.9199999999999999],[0.9199999999999999],[0.5],[-0.5],[0.94],[-0.94],[0.96],[-0.96],[0.48],[-0.48],[-0.98],[0.98],[-0.45999999999999996],[0.45999999999999996],[1],[-1],[-0.43999999999999995],[0.43999999999999995],[-1.02],[1.02],[1.04],[-1.04],[0.42000000000000004],[-0.42000000000000004],[-1.06],[1.06],[0.4],[-0.4],[1.08],[-1.08],[0.38],[-0.38],[1.1],[1.12],[-1.12],[-0.36],[0.36],[-1.1400000000000001],[1.1400000000000001],[-0.34],[0.34],[1.1600000000000001],[-1.1600000000000001],[1.18],[-1.18],[0.32],[-0.32],[1.2],[-1.2],[1.22],[-1.22],[-0.3],[0.3],[1.24],[0.28],[-0.28],[1.26],[-1.26],[-0.26],[0.26],[-1.3],[1.3],[1.32],[-1.32],[-0.24],[1.36],[-1.36],[-0.21999999999999997],[1.3800000000000001],[-0.2],[1.42],[1.44],[1.46],[-1.48],[-1.5],[1.5],[1.52],[1.54],[-0.14],[-0.12],[-1.6400000000000001],[1.6600000000000001],[1.6800000000000002],[-1.7000000000000002],[1.7199999999999998],[0.08],[-1.7799999999999998],[-1.8199999999999998],[1.8399999999999999],[1.8599999999999999],[-1.88],[1.88],[-1.94],[-1.98],[2.16],[2.18],[2.2],[2.22],[2.3000000000000003],[2.4],[-2.42],[-2.44],[-2.46],[2.52],[2.58],[2.8000000000000003],[-2.8000000000000003],[2.82],[2.84],[2.86],[2.88],[-2.92],[-2.94],[2.94],[2.96],[3],[3.02],[3.1],[3.14],[3.16],[3.18],[3.4000000000000004],[3.46],[3.5],[-3.84],[-3.9000000000000004],[7.38],[-5],[-5.819999999999999],[-9.24],[8.06],[-6.08],[-7.4399999999999995],[-6.02],[-4.0600000000000005],[5.58],[-5.300000000000001],[-6.8999999999999995],[-9.34],[5.5600000000000005],[7.3],[-9.3],[6.24],[5.739999999999999],[7.199999999999999],[9.94],[6.54],[-7.6],[4.66],[-7.4],[-9.26],[-7.800000000000001],[-6.760000000000001],[7.14],[-6.6000000000000005],[7.68],[8.08],[8.6],[6.959999999999999],[-6.24],[-5.36],[-5.92],[6.92],[-5.8],[-9.08],[7.92],[-5.08],[8.64],[9.74],[-6.32],[-5.16],[6.42],[4.84],[6.32],[9.86],[5.96],[5.5200000000000005],[-7.06],[-7.1],[-9.280000000000001],[-4.4],[6.44],[-5.220000000000001],[-4.9],[-7.76],[8.26],[8.36],[8.02],[4.699999999999999],[4.9],[-6.38],[-5.699999999999999],[5.779999999999999],[6.14],[-5.12],[-6.4],[-6.5600000000000005],[-7.359999999999999],[-5.24],[-7.46],[-6.879999999999999],[-7.720000000000001],[8.219999999999999],[-7.18],[6.4],[4.96],[0],[7.02],[7.08],[7],[5.4],[6.2],[5.44],[4.72],[6.48],[7.24],[7.4],[7.48],[6.5600000000000005],[-8.88],[-9.200000000000001],[4.680000000000001],[10],[4.92],[-7.16],[6.46],[5.460000000000001],[-6.1],[-5.5],[-6.06],[8.58],[4.9399999999999995],[5.42],[8.379999999999999],[-9.18],[6.7],[5.859999999999999],[-6.3],[-9.02],[-6.58],[-4.9399999999999995],[-5.9399999999999995]],"nseeds":282,"executions":185,"nfe":19000,"gps":[],"lps":[],"fps":[[-0.7000000000000001],[0.7000000000000001],[0.72],[-0.72],[0.68],[-0.68],[-0.74],[0.74],[-0.66],[0.66],[0.76],[-0.76],[0.64],[-0.64],[-0.78],[0.78],[-0.62],[0.62],[0.8],[-0.8],[-0.6],[0.6],[-0.8200000000000001],[0.8200000000000001],[-0.8400000000000001],[0.8400000000000001],[0.5800000000000001],[-0.5800000000000001],[-0.8599999999999999],[0.8599999999999999],[0.56],[-0.56],[0.8799999999999999],[-0.8799999999999999],[-0.54],[0.54],[0.8999999999999999],[-0.8999999999999999],[0.52],[-0.52],[-0.9199999999999999],[0.9199999999999999],[0.5],[-0.5],[0.94],[-0.94],[0.96],[-0.96],[0.48],[-0.48],[-0.98],[0.98],[-0.45999999999999996],[0.45999999999999996],[1],[-1],[-0.43999999999999995],[0.43999999999999995],[-1.02],[1.02],[1.04],[-1.04],[0.42000000000000004],[-0.42000000000000004],[-1.06],[1.06],[0.4],[-0.4],[1.08],[-1.08],[0.38],[-0.38],[1.1],[1.12],[-1.12],[-0.36],[0.36],[-1.1400000000000001],[1.1400000000000001],[-0.34],[0.34],[1.1600000000000001],[-1.1600000000000001],[1.18],[-1.18],[0.32],[-0.32],[1.2],[-1.2],[1.22],[-1.22],[-0.3],[0.3],[1.24],[0.28],[-0.28],[1.26],[-1.26],[-0.26],[0.26],[-1.3],[1.3],[1.32],[-1.32],[-0.24],[1.36],[-1.36],[-0.21999999999999997],[1.3800000000000001],[-0.2],[1.42],[1.44],[1.46],[-1.48],[-1.5],[1.5],[1.52],[1.54],[-0.14],[-0.12],[-1.6400000000000001],[1.6600000000000001],[1.6800000000000002],[-1.7000000000000002],[1.7199999999999998],[0.08],[-1.7799999999999998],[-1.8199999999999998],[1.8399999999999999],[1.8599999999999999],[-1.88],[1.88],[-1.94],[-1.98],[2.16],[2.18],[2.2],[2.22],[2.3000000000000003],[2.4],[-2.42],[-2.44],[-2.46],[2.52],[2.58],[2.8000000000000003],[-2.8000000000000003],[2.82],[2.84],[2.86],[2.88],[-2.92],[-2.94],[2.94],[2.96],[3],[3.02],[3.1],[3.14],[3.16],[3.18],[3.4000000000000004],[3.46],[3.5],[-3.84],[-3.9000000000000004],[7.38],[-5],[-5.819999999999999],[-9.24],[8.06],[-6.08],[-7.4399999999999995],[-6.02],[-4.0600000000000005],[5.58],[-5.300000000000001],[-6.8999999999999995],[-9.34],[5.5600000000000005],[7.3],[-9.3],[6.24],[5.739999999999999],[7.199999999999999],[9.94],[6.54],[-7.6],[4.66],[-7.4],[-9.26],[-7.800000000000001],[-6.760000000000001],[7.14],[-6.6000000000000005],[7.68],[8.08],[8.6],[6.959999999999999],[-6.24],[-5.36],[-5.92],[6.92],[-5.8],[-9.08],[7.92],[-5.08],[8.64],[9.74],[-6.32],[-5.16],[6.42],[4.84],[6.32],[9.86],[5.96],[5.5200000000000005],[-7.06],[-7.1],[-9.280000000000001],[-4.4],[6.44],[-5.220000000000001],[-4.9],[-7.76],[8.26],[8.36],[8.02],[4.699999999999999],[4.9],[-6.38],[-5.699999999999999],[5.779999999999999],[6.14],[-5.12],[-6.4],[-6.5600000000000005],[-7.359999999999999],[-5.24],[-7.46],[-6.879999999999999],[-7.720000000000001],[8.219999999999999],[-7.18],[6.4],[4.96],[0],[7.02],[7.08],[7],[5.4],[6.2],[5.44],[4.72],[6.48],[7.24],[7.4],[7.48],[6.5600000000000005],[-8.88],[-9.200000000000001],[4.680000000000001],[10],[4.92],[-7.16],[6.46],[5.460000000000001],[-6.1],[-5.5],[-6.06],[8.58],[4.9399999999999995],[5.42],[8.379999999999999],[-9.18],[6.7],[5.859999999999999],[-6.3],[-9.02],[-6.58],[-4.9399999999999995],[-5.9399999999999995]],"np":0,"gp":0,"pr":0,"fpr":1,"reason":"statistic"}