{"avgHealth":0.2068550120000002,"seeds":[[-0.7000000000000001],[0.7000000000000001],[-0.72],[0.72],[0.68],[-0.68],[0.74],[-0.74],[-0.66],[0.66],[0.76],[-0.76],[0.64],[-0.64],[-0.78],[0.78],[-0.62],[0.62],[-0.8],[0.8],[-0.6],[0.6],[0.8200000000000001],[-0.8200000000000001],[-0.8400000000000001],[0.8400000000000001],[0.5800000000000001],[-0.5800000000000001],[0.8599999999999999],[-0.8599999999999999],[-0.56],[0.56],[-0.8799999999999999],[0.8799999999999999],[0.54],[-0.54],[0.8999999999999999],[-0.8999999999999999],[0.52],[-0.52],[0.9199999999999999],[-0.9199999999999999],[-0.5],[0.5],[0.94],[-0.94],[0.96],[-0.96],[-0.48],[0.48],[0.98],[-0.98],[-0.45999999999999996],[1],[-1],[-0.43999999999999995],[0.43999999999999995],[-1.02],[1.02],[-1.04],[1.04],[-0.42000000000000004],[0.42000000000000004],[-1.06],[1.06],[0.4],[-0.4],[1.08],[-1.08],[0.38],[-0.38],[1.1],[-1.1],[1.12],[-1.12],[-0.36],[0.36],[-1.1400000000000001],[1.1400000000000001],[0.34],[-0.34],[-1.1600000000000001],[1.18],[-1.18],[-0.32],[-1.2],[1.2],[1.22],[-0.3],[-1.24],[1.24],[0.28],[-0.28],[-1.26],[-1.28],[-0.26],[0.26],[-1.3],[1.3],[1.32],[-0.24],[-1.36],[1.36],[-0.21999999999999997],[-1.3800000000000001],[1.4000000000000001],[-0.2],[-1.42],[1.42],[0.18],[-0.18],[-1.46],[-1.5],[-0.16],[0.16],[-1.54],[-0.14],[-1.56],[1.56],[-1.58],[-1.6],[-0.12],[0.12],[-1.62],[-1.6600000000000001],[0.1],[-0.08],[0.08],[0.06],[-1.9],[-1.94],[0.04],[-1.98],[2],[2.18],[-2.2],[2.2800000000000002],[2.3400000000000003],[-2.3400000000000003],[2.38],[2.4],[-2.5],[-2.54],[-2.7800000000000002],[2.82],[2.84],[-2.86],[2.92],[-2.94],[2.96],[3.16],[-3.18],[3.18],[3.22],[3.3000000000000003],[3.4200000000000004],[3.5599999999999996],[-3.5999999999999996],[3.62],[-3.84],[3.9000000000000004],[-6.12],[6.38],[6.42],[-6.34],[7.18],[6.58],[-5.540000000000001],[-5.24],[-6.8999999999999995],[8.379999999999999],[-6.7],[6.62],[-6.86],[-7.38],[6.879999999999999],[5.6000000000000005],[-5.4],[5.819999999999999],[-6.78],[-4.16],[-6.02],[8],[-4.859999999999999],[6.46],[-6],[7.22],[6.16],[7.1],[6.48],[-5.5200000000000005],[-6.24],[-7.16],[7.5600000000000005],[7.720000000000001],[-5.140000000000001],[7.6],[7.24],[-6.42],[6.2],[6.760000000000001],[6.680000000000001],[5.36],[-6.720000000000001],[6.14],[-5.460000000000001],[5.64],[-8.9],[5.4],[-5.28],[-7.4],[-4.12],[7.62],[-8.62],[-6.680000000000001],[5.380000000000001],[-5.699999999999999],[7.9],[7.68],[-5.32],[-6.16],[7.199999999999999],[8.48],[8.68],[-7.119999999999999],[6.840000000000001],[7.78],[-7.08],[-5.620000000000001],[-6.62],[5.16],[8.28],[-5.48],[-9.3],[5.859999999999999],[8.54],[4.699999999999999],[8.459999999999999],[6.02],[6.5],[-5.58],[7.52],[6.04],[-4.92],[7.279999999999999],[6.32],[-5.72],[-7.48],[7.640000000000001],[-5.44],[-5.84],[8.74],[6.08],[-7.720000000000001],[-5.8999999999999995],[-5.779999999999999],[-5.5600000000000005],[-4.14],[6.1],[-6.04],[-5.04],[5.72],[6.06],[-6.5200000000000005],[-5.739999999999999],[-6.08],[6.22],[5.84],[-6.44],[-7],[-5.16],[9.719999999999999],[-5],[4.24],[-7.1],[6.7],[-6.82],[8.26],[6.9799999999999995],[8.18],[6.82],[7.46],[5.8],[-6.5600000000000005],[5.76],[-4.98],[6.34],[4.98],[-6.9399999999999995],[7.26],[5.42],[-6.760000000000001],[-5.859999999999999],[5.140000000000001],[-5.5],[5.620000000000001]],"nseeds":296,"executions":105,"nfe":11000,"gps":[],"lps":[],"fps":[[-0.7000000000000001],[0.7000000000000001],[-0.72],[0.72],[0.68],[-0.68],[0.74],[-0.74],[-0.66],[0.66],[0.76],[-0.76],[0.64],[-0.64],[-0.78],[0.78],[-0.62],[0.62],[-0.8],[0.8],[-0.6],[0.6],[0.8200000000000001],[-0.8200000000000001],[-0.8400000000000001],[0.8400000000000001],[0.5800000000000001],[-0.5800000000000001],[0.8599999999999999],[-0.8599999999999999],[-0.56],[0.56],[-0.8799999999999999],[0.8799999999999999],[0.54],[-0.54],[0.8999999999999999],[-0.8999999999999999],[0.52],[-0.52],[0.9199999999999999],[-0.9199999999999999],[-0.5],[0.5],[0.94],[-0.94],[0.96],[-0.96],[-0.48],[0.48],[0.98],[-0.98],[-0.45999999999999996],[1],[-1],[-0.43999999999999995],[0.43999999999999995],[-1.02],[1.02],[-1.04],[1.04],[-0.42000000000000004],[0.42000000000000004],[-1.06],[1.06],[0.4],[-0.4],[1.08],[-1.08],[0.38],[-0.38],[1.1],[-1.1],[1.12],[-1.12],[-0.36],[0.36],[-1.1400000000000001],[1.1400000000000001],[0.34],[-0.34],[-1.1600000000000001],[1.18],[-1.18],[-0.32],[-1.2],[1.2],[1.22],[-0.3],[-1.24],[1.24],[0.28],[-0.28],[-1.26],[-1.28],[-0.26],[0.26],[-1.3],[1.3],[1.32],[-0.24],[-1.36],[1.36],[-0.21999999999999997],[-1.3800000000000001],[1.4000000000000001],[-0.2],[-1.42],[1.42],[0.18],[-0.18],[-1.46],[-1.5],[-0.16],[0.16],[-1.54],[-0.14],[-1.56],[1.56],[-1.58],[-1.6],[-0.12],[0.12],[-1.62],[-1.6600000000000001],[0.1],[-0.08],[0.08],[0.06],[-1.9],[-1.94],[0.04],[-1.98],[2],[2.18],[-2.2],[2.2800000000000002],[2.3400000000000003],[-2.3400000000000003],[2.38],[2.4],[-2.5],[-2.54],[-2.7800000000000002],[2.82],[2.84],[-2.86],[2.92],[-2.94],[2.96],[3.16],[-3.18],[3.18],[3.22],[3.3000000000000003],[3.4200000000000004],[3.5599999999999996],[-3.5999999999999996],[3.62],[-3.84],[3.9000000000000004],[-6.12],[6.38],[6.42],[-6.34],[7.18],[6.58],[-5.540000000000001],[-5.24],[-6.8999999999999995],[8.379999999999999],[-6.7],[6.62],[-6.86],[-7.38],[6.879999999999999],[5.6000000000000005],[-5.4],[5.819999999999999],[-6.78],[-4.16],[-6.02],[8],[-4.859999999999999],[6.46],[-6],[7.22],[6.16],[7.1],[6.48],[-5.5200000000000005],[-6.24],[-7.16],[7.5600000000000005],[7.720000000000001],[-5.140000000000001],[7.6],[7.24],[-6.42],[6.2],[6.760000000000001],[6.680000000000001],[5.36],[-6.720000000000001],[6.14],[-5.460000000000001],[5.64],[-8.9],[5.4],[-5.28],[-7.4],[-4.12],[7.62],[-8.62],[-6.680000000000001],[5.380000000000001],[-5.699999999999999],[7.9],[7.68],[-5.32],[-6.16],[7.199999999999999],[8.48],[8.68],[-7.119999999999999],[6.840000000000001],[7.78],[-7.08],[-5.620000000000001],[-6.62],[5.16],[8.28],[-5.48],[-9.3],[5.859999999999999],[8.54],[4.699999999999999],[8.459999999999999],[6.02],[6.5],[-5.58],[7.52],[6.04],[-4.92],[7.279999999999999],[6.32],[-5.72],[-7.48],[7.640000000000001],[-5.44],[-5.84],[8.74],[6.08],[-7.720000000000001],[-5.8999999999999995],[-5.779999999999999],[-5.5600000000000005],[-4.14],[6.1],[-6.04],[-5.04],[5.72],[6.06],[-6.5200000000000005],[-5.739999999999999],[-6.08],[6.22],[5.84],[-6.44],[-7],[-5.16],[9.719999999999999],[-5],[4.24],[-7.1],[6.7],[-6.82],[8.26],[6.9799999999999995],[8.18],[6.82],[7.46],[5.8],[-6.5600000000000005],[5.76],[-4.98],[6.34],[4.98],[-6.9399999999999995],[7.26],[5.42],[-6.760000000000001],[-5.859999999999999],[5.140000000000001],[-5.5],[5.620000000000001]],"np":0,"gp":0,"pr":0,"fpr":1,"reason":"statistic"}