{"avgHealth":0.22298817800000065,"seeds":[[0.7000000000000001],[-0.7000000000000001],[0.72],[-0.72],[-0.68],[0.68],[0.74],[-0.74],[-0.66],[0.66],[0.76],[-0.76],[0.64],[-0.64],[-0.78],[0.78],[-0.62],[0.62],[0.8],[-0.8],[-0.6],[0.6],[0.8200000000000001],[-0.8200000000000001],[-0.8400000000000001],[0.8400000000000001],[0.5800000000000001],[-0.5800000000000001],[0.8599999999999999],[-0.8599999999999999],[0.56],[-0.56],[-0.8799999999999999],[0.8799999999999999],[0.54],[-0.54],[-0.8999999999999999],[0.8999999999999999],[0.52],[-0.52],[-0.9199999999999999],[0.9199999999999999],[0.5],[-0.5],[-0.94],[0.94],[0.96],[-0.96],[0.48],[-0.48],[-0.98],[0.98],[0.45999999999999996],[-0.45999999999999996],[1],[-1],[-0.43999999999999995],[0.43999999999999995],[-1.02],[1.02],[1.04],[-1.04],[0.42000000000000004],[-0.42000000000000004],[1.06],[-1.06],[0.4],[-0.4],[1.08],[-1.08],[0.38],[-0.38],[-1.1],[1.12],[-1.12],[-0.36],[0.36],[1.1400000000000001],[-1.1400000000000001],[0.34],[-0.34],[-1.1600000000000001],[1.1600000000000001],[-1.18],[1.18],[-0.32],[0.32],[-1.2],[1.22],[-1.22],[0.3],[-0.3],[-1.24],[1.24],[0.28],[-0.28],[-1.26],[1.26],[-1.28],[0.26],[-0.26],[-1.3],[-1.32],[-0.24],[0.24],[-1.34],[1.36],[-1.36],[-0.21999999999999997],[0.21999999999999997],[-1.3800000000000001],[-1.4000000000000001],[1.4000000000000001],[0.2],[-1.42],[-1.44],[-0.18],[0.18],[-1.46],[1.46],[-1.48],[-1.5],[0.16],[-0.16],[-1.52],[1.52],[-1.54],[0.14],[-0.14],[-1.56],[-0.12],[0.12],[-1.62],[-1.6400000000000001],[-1.6600000000000001],[-0.1],[0.1],[-0.08],[0.06],[-0.06],[-0.04],[2.24],[-2.3200000000000003],[-2.36],[2.36],[2.42],[2.44],[-2.48],[-2.56],[-2.66],[-2.7],[-2.7600000000000002],[-2.7800000000000002],[-2.86],[2.88],[2.9],[2.98],[3],[3.08],[3.2],[3.24],[3.2800000000000002],[3.3200000000000003],[3.4399999999999995],[-3.46],[3.5],[3.5199999999999996],[3.5999999999999996],[3.7199999999999998],[3.8],[-3.8],[-3.8200000000000003],[-3.7800000000000002],[-3.9400000000000004],[3.88],[-3.8600000000000003],[-7.9],[6.62],[-9.459999999999999],[8.78],[6.22],[8.02],[-8.98],[-5.64],[7.14],[8.299999999999999],[-9.16],[-6.6000000000000005],[-7.800000000000001],[-5.460000000000001],[-5.92],[6.66],[-9.120000000000001],[8.100000000000001],[7.6],[7.76],[5.5600000000000005],[6.26],[-6.36],[-9.08],[9.96],[9.8],[5.64],[5.58],[7.359999999999999],[-9.200000000000001],[-5.4],[5.76],[5.16],[4.859999999999999],[6.5600000000000005],[6.14],[4.88],[7.640000000000001],[5.859999999999999],[6.5200000000000005],[10.32],[0],[8.84],[-6.66],[6.08],[8.48],[9],[-6.720000000000001],[-5.5600000000000005],[7.48],[-7.16],[6.800000000000001],[-6.54],[5.12],[6.86],[-6.5200000000000005],[7.4399999999999995],[7.38],[5.460000000000001],[5.739999999999999],[-8.86],[-8.78],[-5.34],[6.38],[5.9399999999999995],[-6.1],[-7.640000000000001],[-9.040000000000001],[9.58],[-6.28],[6.12],[6.36],[-5.24],[5.92],[-6.800000000000001],[5.68],[-7.76],[8.56],[7.3],[-6.82],[7.32],[7.34],[-5.26],[-7.359999999999999],[6.640000000000001],[4.76],[5.540000000000001],[-9.14],[4.640000000000001],[-9.280000000000001],[-9.24],[-8.8],[6.2],[-5.1],[-5.96],[6.9799999999999995],[-8.92],[-8.7],[9.62],[8.62],[-4.16],[5.779999999999999],[-9.379999999999999],[-5.5],[5.699999999999999],[-8.66],[6.02],[4.680000000000001],[-6.58],[-9.26],[-6.42],[5.620000000000001]],"nseeds":288,"executions":193,"nfe":19800,"gps":[],"lps":[],"fps":[[0.7000000000000001],[-0.7000000000000001],[0.72],[-0.72],[-0.68],[0.68],[0.74],[-0.74],[-0.66],[0.66],[0.76],[-0.76],[0.64],[-0.64],[-0.78],[0.78],[-0.62],[0.62],[0.8],[-0.8],[-0.6],[0.6],[0.8200000000000001],[-0.8200000000000001],[-0.8400000000000001],[0.8400000000000001],[0.5800000000000001],[-0.5800000000000001],[0.8599999999999999],[-0.8599999999999999],[0.56],[-0.56],[-0.8799999999999999],[0.8799999999999999],[0.54],[-0.54],[-0.8999999999999999],[0.8999999999999999],[0.52],[-0.52],[-0.9199999999999999],[0.9199999999999999],[0.5],[-0.5],[-0.94],[0.94],[0.96],[-0.96],[0.48],[-0.48],[-0.98],[0.98],[0.45999999999999996],[-0.45999999999999996],[1],[-1],[-0.43999999999999995],[0.43999999999999995],[-1.02],[1.02],[1.04],[-1.04],[0.42000000000000004],[-0.42000000000000004],[1.06],[-1.06],[0.4],[-0.4],[1.08],[-1.08],[0.38],[-0.38],[-1.1],[1.12],[-1.12],[-0.36],[0.36],[1.1400000000000001],[-1.1400000000000001],[0.34],[-0.34],[-1.1600000000000001],[1.1600000000000001],[-1.18],[1.18],[-0.32],[0.32],[-1.2],[1.22],[-1.22],[0.3],[-0.3],[-1.24],[1.24],[0.28],[-0.28],[-1.26],[1.26],[-1.28],[0.26],[-0.26],[-1.3],[-1.32],[-0.24],[0.24],[-1.34],[1.36],[-1.36],[-0.21999999999999997],[0.21999999999999997],[-1.3800000000000001],[-1.4000000000000001],[1.4000000000000001],[0.2],[-1.42],[-1.44],[-0.18],[0.18],[-1.46],[1.46],[-1.48],[-1.5],[0.16],[-0.16],[-1.52],[1.52],[-1.54],[0.14],[-0.14],[-1.56],[-0.12],[0.12],[-1.62],[-1.6400000000000001],[-1.6600000000000001],[-0.1],[0.1],[-0.08],[0.06],[-0.06],[-0.04],[2.24],[-2.3200000000000003],[-2.36],[2.36],[2.42],[2.44],[-2.48],[-2.56],[-2.66],[-2.7],[-2.7600000000000002],[-2.7800000000000002],[-2.86],[2.88],[2.9],[2.98],[3],[3.08],[3.2],[3.24],[3.2800000000000002],[3.3200000000000003],[3.4399999999999995],[-3.46],[3.5],[3.5199999999999996],[3.5999999999999996],[3.7199999999999998],[3.8],[-3.8],[-3.8200000000000003],[-3.7800000000000002],[-3.9400000000000004],[3.88],[-3.8600000000000003],[-7.9],[6.62],[-9.459999999999999],[8.78],[6.22],[8.02],[-8.98],[-5.64],[7.14],[8.299999999999999],[-9.16],[-6.6000000000000005],[-7.800000000000001],[-5.460000000000001],[-5.92],[6.66],[-9.120000000000001],[8.100000000000001],[7.6],[7.76],[5.5600000000000005],[6.26],[-6.36],[-9.08],[9.96],[9.8],[5.64],[5.58],[7.359999999999999],[-9.200000000000001],[-5.4],[5.76],[5.16],[4.859999999999999],[6.5600000000000005],[6.14],[4.88],[7.640000000000001],[5.859999999999999],[6.5200000000000005],[10.32],[0],[8.84],[-6.66],[6.08],[8.48],[9],[-6.720000000000001],[-5.5600000000000005],[7.48],[-7.16],[6.800000000000001],[-6.54],[5.12],[6.86],[-6.5200000000000005],[7.4399999999999995],[7.38],[5.460000000000001],[5.739999999999999],[-8.86],[-8.78],[-5.34],[6.38],[5.9399999999999995],[-6.1],[-7.640000000000001],[-9.040000000000001],[9.58],[-6.28],[6.12],[6.36],[-5.24],[5.92],[-6.800000000000001],[5.68],[-7.76],[8.56],[7.3],[-6.82],[7.32],[7.34],[-5.26],[-7.359999999999999],[6.640000000000001],[4.76],[5.540000000000001],[-9.14],[4.640000000000001],[-9.280000000000001],[-9.24],[-8.8],[6.2],[-5.1],[-5.96],[6.9799999999999995],[-8.92],[-8.7],[9.62],[8.62],[-4.16],[5.779999999999999],[-9.379999999999999],[-5.5],[5.699999999999999],[-8.66],[6.02],[4.680000000000001],[-6.58],[-9.26],[-6.42],[5.620000000000001]],"np":0,"gp":0,"pr":0,"fpr":1,"reason":"statistic"}