{"avgHealth":0.21854673200000033,"seeds":[[-0.7000000000000001],[0.7000000000000001],[-0.72],[0.72],[-0.68],[0.68],[0.74],[-0.74],[0.66],[-0.66],[-0.76],[0.76],[-0.64],[0.64],[0.78],[-0.78],[-0.62],[0.62],[0.8],[-0.8],[0.6],[-0.6],[-0.8200000000000001],[0.8200000000000001],[-0.8400000000000001],[0.8400000000000001],[-0.5800000000000001],[0.5800000000000001],[-0.8599999999999999],[0.8599999999999999],[0.56],[-0.56],[-0.8799999999999999],[0.8799999999999999],[-0.54],[0.54],[0.8999999999999999],[-0.8999999999999999],[-0.52],[0.52],[-0.9199999999999999],[0.9199999999999999],[0.5],[-0.5],[-0.94],[0.94],[0.96],[-0.96],[0.48],[-0.48],[0.98],[-0.98],[0.45999999999999996],[-0.45999999999999996],[1],[-1],[-0.43999999999999995],[0.43999999999999995],[-1.02],[1.02],[1.04],[-1.04],[-0.42000000000000004],[0.42000000000000004],[-1.06],[1.06],[0.4],[-0.4],[-1.08],[1.08],[-0.38],[1.1],[-1.1],[-1.12],[1.12],[-0.36],[0.36],[-1.1400000000000001],[1.1400000000000001],[-0.34],[0.34],[1.1600000000000001],[-1.1600000000000001],[1.18],[-1.18],[0.32],[-0.32],[1.2],[-1.2],[-1.22],[1.22],[-0.3],[-1.24],[-0.28],[-1.26],[-1.28],[0.26],[-0.26],[-1.3],[-0.24],[0.24],[1.34],[-1.34],[1.36],[-1.36],[-0.21999999999999997],[0.21999999999999997],[-1.3800000000000001],[1.3800000000000001],[0.2],[-0.2],[1.42],[-1.42],[-1.44],[-0.18],[-1.46],[1.48],[-1.48],[-1.5],[-0.16],[0.16],[-1.52],[-1.54],[0.14],[-1.58],[-1.6],[-0.12],[0.12],[-0.1],[1.7000000000000002],[0.08],[0.06],[-0.06],[1.8599999999999999],[1.9],[-1.94],[-0.04],[-2.3400000000000003],[-2.38],[-2.46],[-2.48],[-2.5],[-2.52],[-2.58],[2.62],[-2.68],[2.82],[2.94],[2.98],[3],[3.04],[3.06],[3.16],[3.2600000000000002],[3.4399999999999995],[3.5599999999999996],[3.62],[-3.76],[3.8],[-3.96],[-3.88],[8.06],[-6.26],[-7.4],[8.34],[7.32],[-4.1],[7.74],[6.32],[-6.959999999999999],[-7.66],[-6.82],[-7.26],[7.86],[-4.98],[5.9799999999999995],[6.1],[10],[4.88],[9.86],[-5.58],[0],[8.120000000000001],[5.24],[6.640000000000001],[7.48],[-4.84],[6.16],[7.279999999999999],[6.840000000000001],[-6.02],[-6.44],[6.720000000000001],[-9.22],[-7.359999999999999],[-5.9799999999999995],[-7.16],[7.52],[6.3],[9.82],[7.720000000000001],[8.2],[5.72],[8.16],[-5.819999999999999],[-9.1],[7.5600000000000005],[-7.08],[-8.040000000000001],[-5.380000000000001],[-6.12],[6.760000000000001],[7.38],[7.4],[4.859999999999999],[-6.22],[-7.18],[6.14],[5.620000000000001],[5.88],[7.22],[-5.540000000000001],[7.3],[5.9399999999999995],[-9.200000000000001],[7.82],[7.9],[-5.220000000000001],[5.02],[5.540000000000001],[7.66],[-6.54],[6.5],[-7.1],[-7.46],[7.58],[-5.48],[7.359999999999999],[-4.92],[-5.699999999999999],[8.040000000000001],[5.6000000000000005],[7.24],[6.5600000000000005],[-5.76],[6.5200000000000005],[-7.5600000000000005],[7],[6.66],[7.34],[7.800000000000001],[-5.4],[-5.28],[6.48],[5.76],[10.04],[-6.5200000000000005],[-8.72],[-5.88],[9.92],[5.8],[7.4399999999999995],[-5.32],[-9],[-4.12],[-5.96],[6.4],[-4.44],[-7.119999999999999],[6.24],[-6.800000000000001],[-5.68],[8.56],[6.08],[9.64],[6.44],[-7.6],[-7],[-5.8],[4.84],[-7.800000000000001],[8.96],[7.46],[-5.18],[5.779999999999999],[7.5],[8.459999999999999],[8.42],[-4.9],[5.699999999999999]],"nseeds":290,"executions":138,"nfe":14300,"gps":[],"lps":[],"fps":[[-0.7000000000000001],[0.7000000000000001],[-0.72],[0.72],[-0.68],[0.68],[0.74],[-0.74],[0.66],[-0.66],[-0.76],[0.76],[-0.64],[0.64],[0.78],[-0.78],[-0.62],[0.62],[0.8],[-0.8],[0.6],[-0.6],[-0.8200000000000001],[0.8200000000000001],[-0.8400000000000001],[0.8400000000000001],[-0.5800000000000001],[0.5800000000000001],[-0.8599999999999999],[0.8599999999999999],[0.56],[-0.56],[-0.8799999999999999],[0.8799999999999999],[-0.54],[0.54],[0.8999999999999999],[-0.8999999999999999],[-0.52],[0.52],[-0.9199999999999999],[0.9199999999999999],[0.5],[-0.5],[-0.94],[0.94],[0.96],[-0.96],[0.48],[-0.48],[0.98],[-0.98],[0.45999999999999996],[-0.45999999999999996],[1],[-1],[-0.43999999999999995],[0.43999999999999995],[-1.02],[1.02],[1.04],[-1.04],[-0.42000000000000004],[0.42000000000000004],[-1.06],[1.06],[0.4],[-0.4],[-1.08],[1.08],[-0.38],[1.1],[-1.1],[-1.12],[1.12],[-0.36],[0.36],[-1.1400000000000001],[1.1400000000000001],[-0.34],[0.34],[1.1600000000000001],[-1.1600000000000001],[1.18],[-1.18],[0.32],[-0.32],[1.2],[-1.2],[-1.22],[1.22],[-0.3],[-1.24],[-0.28],[-1.26],[-1.28],[0.26],[-0.26],[-1.3],[-0.24],[0.24],[1.34],[-1.34],[1.36],[-1.36],[-0.21999999999999997],[0.21999999999999997],[-1.3800000000000001],[1.3800000000000001],[0.2],[-0.2],[1.42],[-1.42],[-1.44],[-0.18],[-1.46],[1.48],[-1.48],[-1.5],[-0.16],[0.16],[-1.52],[-1.54],[0.14],[-1.58],[-1.6],[-0.12],[0.12],[-0.1],[1.7000000000000002],[0.08],[0.06],[-0.06],[1.8599999999999999],[1.9],[-1.94],[-0.04],[-2.3400000000000003],[-2.38],[-2.46],[-2.48],[-2.5],[-2.52],[-2.58],[2.62],[-2.68],[2.82],[2.94],[2.98],[3],[3.04],[3.06],[3.16],[3.2600000000000002],[3.4399999999999995],[3.5599999999999996],[3.62],[-3.76],[3.8],[-3.96],[-3.88],[8.06],[-6.26],[-7.4],[8.34],[7.32],[-4.1],[7.74],[6.32],[-6.959999999999999],[-7.66],[-6.82],[-7.26],[7.86],[-4.98],[5.9799999999999995],[6.1],[10],[4.88],[9.86],[-5.58],[0],[8.120000000000001],[5.24],[6.640000000000001],[7.48],[-4.84],[6.16],[7.279999999999999],[6.840000000000001],[-6.02],[-6.44],[6.720000000000001],[-9.22],[-7.359999999999999],[-5.9799999999999995],[-7.16],[7.52],[6.3],[9.82],[7.720000000000001],[8.2],[5.72],[8.16],[-5.819999999999999],[-9.1],[7.5600000000000005],[-7.08],[-8.040000000000001],[-5.380000000000001],[-6.12],[6.760000000000001],[7.38],[7.4],[4.859999999999999],[-6.22],[-7.18],[6.14],[5.620000000000001],[5.88],[7.22],[-5.540000000000001],[7.3],[5.9399999999999995],[-9.200000000000001],[7.82],[7.9],[-5.220000000000001],[5.02],[5.540000000000001],[7.66],[-6.54],[6.5],[-7.1],[-7.46],[7.58],[-5.48],[7.359999999999999],[-4.92],[-5.699999999999999],[8.040000000000001],[5.6000000000000005],[7.24],[6.5600000000000005],[-5.76],[6.5200000000000005],[-7.5600000000000005],[7],[6.66],[7.34],[7.800000000000001],[-5.4],[-5.28],[6.48],[5.76],[10.04],[-6.5200000000000005],[-8.72],[-5.88],[9.92],[5.8],[7.4399999999999995],[-5.32],[-9],[-4.12],[-5.96],[6.4],[-4.44],[-7.119999999999999],[6.24],[-6.800000000000001],[-5.68],[8.56],[6.08],[9.64],[6.44],[-7.6],[-7],[-5.8],[4.84],[-7.800000000000001],[8.96],[7.46],[-5.18],[5.779999999999999],[7.5],[8.459999999999999],[8.42],[-4.9],[5.699999999999999]],"np":0,"gp":0,"pr":0,"fpr":1,"reason":"statistic"}