{"avgHealth":0.21643317000000048,"seeds":[[0.7000000000000001],[-0.7000000000000001],[-0.72],[0.72],[0.68],[-0.68],[0.74],[-0.74],[-0.66],[0.66],[0.76],[-0.76],[0.64],[-0.64],[-0.78],[0.78],[-0.62],[0.62],[-0.8],[0.8],[-0.6],[0.6],[0.8200000000000001],[-0.8200000000000001],[0.8400000000000001],[-0.8400000000000001],[-0.5800000000000001],[0.5800000000000001],[0.8599999999999999],[-0.8599999999999999],[-0.56],[0.56],[-0.8799999999999999],[0.8799999999999999],[0.54],[-0.54],[-0.8999999999999999],[0.8999999999999999],[-0.52],[0.52],[-0.9199999999999999],[0.9199999999999999],[0.5],[-0.5],[0.94],[-0.94],[-0.96],[0.96],[0.48],[-0.48],[0.98],[-0.98],[0.45999999999999996],[-0.45999999999999996],[1],[-1],[0.43999999999999995],[-0.43999999999999995],[1.02],[-1.02],[-1.04],[1.04],[0.42000000000000004],[-0.42000000000000004],[1.06],[-1.06],[0.4],[-0.4],[1.08],[-1.08],[0.38],[-0.38],[1.1],[-1.1],[1.12],[-1.12],[-0.36],[0.36],[-1.1400000000000001],[1.1400000000000001],[-0.34],[0.34],[-1.1600000000000001],[1.1600000000000001],[1.18],[-1.18],[-0.32],[0.32],[-1.2],[0.3],[-0.3],[1.24],[-0.28],[0.28],[0.26],[-0.26],[-1.3],[-1.32],[-0.24],[0.24],[-1.34],[-1.36],[1.36],[0.21999999999999997],[-0.21999999999999997],[-1.3800000000000001],[1.3800000000000001],[1.4000000000000001],[-1.4000000000000001],[-0.2],[0.2],[-1.42],[1.42],[-1.44],[-0.18],[0.18],[1.48],[-1.48],[-1.5],[0.16],[-0.16],[1.52],[-0.14],[-1.6],[0.12],[-0.12],[1.62],[-1.6600000000000001],[1.6800000000000002],[-1.6800000000000002],[-0.1],[-1.7000000000000002],[-1.7199999999999998],[-0.08],[-1.7599999999999998],[1.7599999999999998],[1.7999999999999998],[-1.8199999999999998],[-0.06],[1.96],[0.04],[0.02],[2.24],[-2.24],[2.3000000000000003],[2.38],[2.42],[-2.44],[-2.46],[-2.5],[-2.52],[-2.54],[-2.56],[-2.72],[2.84],[-2.84],[3.4399999999999995],[3.46],[3.4799999999999995],[3.58],[-3.7199999999999998],[-3.8600000000000003],[-3.9000000000000004],[9.86],[-8.92],[-4.22],[7.640000000000001],[-6.86],[-6.1],[5.5],[6.44],[5.48],[-7.42],[-5.819999999999999],[6.32],[-8.96],[5.96],[-7.4],[5.92],[-6.879999999999999],[-6.720000000000001],[-6.32],[6.6000000000000005],[-6.6000000000000005],[-9.44],[7.4399999999999995],[5.36],[-5.2],[-8.9],[-5.5200000000000005],[-7.18],[-7.119999999999999],[-8.98],[-7.359999999999999],[-7.66],[-7.16],[6.92],[7.84],[6.08],[-6.2],[7.359999999999999],[5.68],[-5.26],[9.8],[-6.5600000000000005],[5.460000000000001],[-8.94],[-4.0600000000000005],[7.3],[-4.12],[7.9],[7.880000000000001],[7.34],[-6.82],[6.9399999999999995],[-7.02],[6.7],[-9.120000000000001],[-8.82],[6.78],[7.7],[-6.66],[7.18],[8.58],[6.959999999999999],[5.44],[5.4],[7.800000000000001],[7.46],[7.279999999999999],[-6.08],[-5.12],[-9.200000000000001],[-7.46],[5.859999999999999],[-7.3],[5.84],[5.659999999999999],[-6.959999999999999],[-6.640000000000001],[6.28],[8.64],[-5.68],[-6.18],[6.06],[-6.800000000000001],[10],[-9.08],[-7.08],[7.68],[-8.88],[-9.16],[8],[-4.92],[-5.4],[-6.92],[-7.48],[-6.36],[9.459999999999999],[-4.98],[-9.280000000000001],[6.2],[-6.4],[-9.18],[7.48],[-7.039999999999999],[-6.7],[6.54],[6.74],[6.58],[7.86],[7.78],[-6.54],[-6.58],[-9.379999999999999],[-9.42],[7.54],[8.82],[-5.9399999999999995],[-8.84],[-5.58],[4.859999999999999],[-7.1],[6.46],[-7.38],[9.98]],"nseeds":286,"executions":192,"nfe":19700,"gps":[],"lps":[],"fps":[[0.7000000000000001],[-0.7000000000000001],[-0.72],[0.72],[0.68],[-0.68],[0.74],[-0.74],[-0.66],[0.66],[0.76],[-0.76],[0.64],[-0.64],[-0.78],[0.78],[-0.62],[0.62],[-0.8],[0.8],[-0.6],[0.6],[0.8200000000000001],[-0.8200000000000001],[0.8400000000000001],[-0.8400000000000001],[-0.5800000000000001],[0.5800000000000001],[0.8599999999999999],[-0.8599999999999999],[-0.56],[0.56],[-0.8799999999999999],[0.8799999999999999],[0.54],[-0.54],[-0.8999999999999999],[0.8999999999999999],[-0.52],[0.52],[-0.9199999999999999],[0.9199999999999999],[0.5],[-0.5],[0.94],[-0.94],[-0.96],[0.96],[0.48],[-0.48],[0.98],[-0.98],[0.45999999999999996],[-0.45999999999999996],[1],[-1],[0.43999999999999995],[-0.43999999999999995],[1.02],[-1.02],[-1.04],[1.04],[0.42000000000000004],[-0.42000000000000004],[1.06],[-1.06],[0.4],[-0.4],[1.08],[-1.08],[0.38],[-0.38],[1.1],[-1.1],[1.12],[-1.12],[-0.36],[0.36],[-1.1400000000000001],[1.1400000000000001],[-0.34],[0.34],[-1.1600000000000001],[1.1600000000000001],[1.18],[-1.18],[-0.32],[0.32],[-1.2],[0.3],[-0.3],[1.24],[-0.28],[0.28],[0.26],[-0.26],[-1.3],[-1.32],[-0.24],[0.24],[-1.34],[-1.36],[1.36],[0.21999999999999997],[-0.21999999999999997],[-1.3800000000000001],[1.3800000000000001],[1.4000000000000001],[-1.4000000000000001],[-0.2],[0.2],[-1.42],[1.42],[-1.44],[-0.18],[0.18],[1.48],[-1.48],[-1.5],[0.16],[-0.16],[1.52],[-0.14],[-1.6],[0.12],[-0.12],[1.62],[-1.6600000000000001],[1.6800000000000002],[-1.6800000000000002],[-0.1],[-1.7000000000000002],[-1.7199999999999998],[-0.08],[-1.7599999999999998],[1.7599999999999998],[1.7999999999999998],[-1.8199999999999998],[-0.06],[1.96],[0.04],[0.02],[2.24],[-2.24],[2.3000000000000003],[2.38],[2.42],[-2.44],[-2.46],[-2.5],[-2.52],[-2.54],[-2.56],[-2.72],[2.84],[-2.84],[3.4399999999999995],[3.46],[3.4799999999999995],[3.58],[-3.7199999999999998],[-3.8600000000000003],[-3.9000000000000004],[9.86],[-8.92],[-4.22],[7.640000000000001],[-6.86],[-6.1],[5.5],[6.44],[5.48],[-7.42],[-5.819999999999999],[6.32],[-8.96],[5.96],[-7.4],[5.92],[-6.879999999999999],[-6.720000000000001],[-6.32],[6.6000000000000005],[-6.6000000000000005],[-9.44],[7.4399999999999995],[5.36],[-5.2],[-8.9],[-5.5200000000000005],[-7.18],[-7.119999999999999],[-8.98],[-7.359999999999999],[-7.66],[-7.16],[6.92],[7.84],[6.08],[-6.2],[7.359999999999999],[5.68],[-5.26],[9.8],[-6.5600000000000005],[5.460000000000001],[-8.94],[-4.0600000000000005],[7.3],[-4.12],[7.9],[7.880000000000001],[7.34],[-6.82],[6.9399999999999995],[-7.02],[6.7],[-9.120000000000001],[-8.82],[6.78],[7.7],[-6.66],[7.18],[8.58],[6.959999999999999],[5.44],[5.4],[7.800000000000001],[7.46],[7.279999999999999],[-6.08],[-5.12],[-9.200000000000001],[-7.46],[5.859999999999999],[-7.3],[5.84],[5.659999999999999],[-6.959999999999999],[-6.640000000000001],[6.28],[8.64],[-5.68],[-6.18],[6.06],[-6.800000000000001],[10],[-9.08],[-7.08],[7.68],[-8.88],[-9.16],[8],[-4.92],[-5.4],[-6.92],[-7.48],[-6.36],[9.459999999999999],[-4.98],[-9.280000000000001],[6.2],[-6.4],[-9.18],[7.48],[-7.039999999999999],[-6.7],[6.54],[6.74],[6.58],[7.86],[7.78],[-6.54],[-6.58],[-9.379999999999999],[-9.42],[7.54],[8.82],[-5.9399999999999995],[-8.84],[-5.58],[4.859999999999999],[-7.1],[6.46],[-7.38],[9.98]],"np":0,"gp":0,"pr":0,"fpr":1,"reason":"statistic"}