{"avgHealth":0.2212997220000005,"seeds":[[0.7000000000000001],[-0.7000000000000001],[0.72],[-0.72],[-0.68],[0.68],[-0.74],[0.74],[-0.66],[0.66],[-0.76],[0.76],[-0.64],[0.64],[-0.78],[0.78],[-0.62],[0.62],[0.8],[-0.8],[0.6],[-0.6],[-0.8200000000000001],[0.8200000000000001],[-0.8400000000000001],[0.8400000000000001],[-0.5800000000000001],[0.5800000000000001],[-0.8599999999999999],[0.8599999999999999],[-0.56],[0.56],[0.8799999999999999],[-0.8799999999999999],[-0.54],[0.54],[-0.8999999999999999],[0.8999999999999999],[0.52],[-0.52],[-0.9199999999999999],[0.9199999999999999],[-0.5],[0.5],[0.94],[-0.94],[-0.96],[0.96],[0.48],[-0.48],[-0.98],[0.98],[-0.45999999999999996],[0.45999999999999996],[1],[-1],[0.43999999999999995],[-0.43999999999999995],[-1.02],[1.02],[-1.04],[1.04],[-0.42000000000000004],[0.42000000000000004],[-1.06],[1.06],[-0.4],[0.4],[1.08],[-1.08],[0.38],[-0.38],[1.1],[-1.1],[-1.12],[1.12],[-0.36],[0.36],[-1.1400000000000001],[1.1400000000000001],[-0.34],[0.34],[1.1600000000000001],[-1.1600000000000001],[1.18],[-1.18],[0.32],[-0.32],[-1.2],[1.2],[-1.22],[1.22],[-0.3],[-1.24],[-0.28],[0.28],[1.26],[-1.26],[-1.28],[-0.26],[1.3],[-1.3],[-1.32],[-0.24],[1.36],[-1.36],[0.21999999999999997],[-0.21999999999999997],[-1.3800000000000001],[-1.4000000000000001],[0.2],[-0.2],[-1.44],[-0.18],[0.18],[-1.46],[1.48],[-1.48],[-1.5],[-0.16],[-1.52],[1.52],[-1.54],[-0.14],[1.58],[-1.6400000000000001],[-1.6600000000000001],[1.7399999999999998],[-0.08],[0.08],[1.7999999999999998],[-1.8399999999999999],[-0.06],[1.94],[-1.94],[-1.96],[0.04],[0.02],[-2.18],[2.2],[-2.36],[-2.38],[-2.4],[-2.44],[-2.46],[-2.48],[-2.56],[-2.6],[-2.68],[-2.72],[-2.7600000000000002],[-2.8000000000000003],[-2.92],[2.94],[-3],[3.02],[-3.04],[3.06],[3.1],[3.16],[-3.22],[3.24],[-3.24],[-3.2800000000000002],[-3.3200000000000003],[3.5],[3.54],[-3.7],[-3.8600000000000003],[4.9],[-5.0600000000000005],[7.02],[6.58],[-4.9],[6.8999999999999995],[6.26],[5.460000000000001],[-6],[5.8],[6.38],[-7.199999999999999],[5.8999999999999995],[6.800000000000001],[5.6000000000000005],[-6.36],[8.16],[5.620000000000001],[6.5600000000000005],[5.380000000000001],[6.4],[-9.14],[6.6000000000000005],[-5.5200000000000005],[-5.88],[-6.840000000000001],[7.66],[-5.5600000000000005],[-5.76],[-4.1],[-9.34],[5.72],[5.9799999999999995],[-5.16],[6.36],[7.32],[6.840000000000001],[-7.119999999999999],[-6.760000000000001],[5.5600000000000005],[7.14],[7.039999999999999],[6.5200000000000005],[8.08],[6.24],[6.92],[8.120000000000001],[-6.800000000000001],[-8.94],[6.28],[-5.12],[10.02],[6.22],[6.720000000000001],[-5.68],[9.98],[6.32],[-5.18],[-6.38],[-6.9399999999999995],[7.86],[7.78],[8.36],[5.819999999999999],[-6.66],[-6.720000000000001],[-6.28],[7.4399999999999995],[-7.039999999999999],[6.2],[-6.6000000000000005],[6.44],[6.640000000000001],[-6.24],[-7.16],[5.36],[7.960000000000001],[5.859999999999999],[-6.42],[6.14],[-9.62],[-9.66],[8.92],[-4.98],[4.66],[5.540000000000001],[-7.14],[8.26],[7.74],[-6.7],[6.5],[9.879999999999999],[-8.42],[-9.48],[6.879999999999999],[-4.680000000000001],[-9.02],[-4.32],[-7.26],[-8.8],[-5.779999999999999],[5.44],[-8.78],[-8.98],[6.18],[7.3],[6.06],[6.12],[7.46],[-4.2],[-4.04],[8.86],[-5.26],[-6.04],[-6.18],[-5.819999999999999],[4.88],[9.76],[6],[-6.26]],"nseeds":289,"executions":166,"nfe":17100,"gps":[],"lps":[],"fps":[[0.7000000000000001],[-0.7000000000000001],[0.72],[-0.72],[-0.68],[0.68],[-0.74],[0.74],[-0.66],[0.66],[-0.76],[0.76],[-0.64],[0.64],[-0.78],[0.78],[-0.62],[0.62],[0.8],[-0.8],[0.6],[-0.6],[-0.8200000000000001],[0.8200000000000001],[-0.8400000000000001],[0.8400000000000001],[-0.5800000000000001],[0.5800000000000001],[-0.8599999999999999],[0.8599999999999999],[-0.56],[0.56],[0.8799999999999999],[-0.8799999999999999],[-0.54],[0.54],[-0.8999999999999999],[0.8999999999999999],[0.52],[-0.52],[-0.9199999999999999],[0.9199999999999999],[-0.5],[0.5],[0.94],[-0.94],[-0.96],[0.96],[0.48],[-0.48],[-0.98],[0.98],[-0.45999999999999996],[0.45999999999999996],[1],[-1],[0.43999999999999995],[-0.43999999999999995],[-1.02],[1.02],[-1.04],[1.04],[-0.42000000000000004],[0.42000000000000004],[-1.06],[1.06],[-0.4],[0.4],[1.08],[-1.08],[0.38],[-0.38],[1.1],[-1.1],[-1.12],[1.12],[-0.36],[0.36],[-1.1400000000000001],[1.1400000000000001],[-0.34],[0.34],[1.1600000000000001],[-1.1600000000000001],[1.18],[-1.18],[0.32],[-0.32],[-1.2],[1.2],[-1.22],[1.22],[-0.3],[-1.24],[-0.28],[0.28],[1.26],[-1.26],[-1.28],[-0.26],[1.3],[-1.3],[-1.32],[-0.24],[1.36],[-1.36],[0.21999999999999997],[-0.21999999999999997],[-1.3800000000000001],[-1.4000000000000001],[0.2],[-0.2],[-1.44],[-0.18],[0.18],[-1.46],[1.48],[-1.48],[-1.5],[-0.16],[-1.52],[1.52],[-1.54],[-0.14],[1.58],[-1.6400000000000001],[-1.6600000000000001],[1.7399999999999998],[-0.08],[0.08],[1.7999999999999998],[-1.8399999999999999],[-0.06],[1.94],[-1.94],[-1.96],[0.04],[0.02],[-2.18],[2.2],[-2.36],[-2.38],[-2.4],[-2.44],[-2.46],[-2.48],[-2.56],[-2.6],[-2.68],[-2.72],[-2.7600000000000002],[-2.8000000000000003],[-2.92],[2.94],[-3],[3.02],[-3.04],[3.06],[3.1],[3.16],[-3.22],[3.24],[-3.24],[-3.2800000000000002],[-3.3200000000000003],[3.5],[3.54],[-3.7],[-3.8600000000000003],[4.9],[-5.0600000000000005],[7.02],[6.58],[-4.9],[6.8999999999999995],[6.26],[5.460000000000001],[-6],[5.8],[6.38],[-7.199999999999999],[5.8999999999999995],[6.800000000000001],[5.6000000000000005],[-6.36],[8.16],[5.620000000000001],[6.5600000000000005],[5.380000000000001],[6.4],[-9.14],[6.6000000000000005],[-5.5200000000000005],[-5.88],[-6.840000000000001],[7.66],[-5.5600000000000005],[-5.76],[-4.1],[-9.34],[5.72],[5.9799999999999995],[-5.16],[6.36],[7.32],[6.840000000000001],[-7.119999999999999],[-6.760000000000001],[5.5600000000000005],[7.14],[7.039999999999999],[6.5200000000000005],[8.08],[6.24],[6.92],[8.120000000000001],[-6.800000000000001],[-8.94],[6.28],[-5.12],[10.02],[6.22],[6.720000000000001],[-5.68],[9.98],[6.32],[-5.18],[-6.38],[-6.9399999999999995],[7.86],[7.78],[8.36],[5.819999999999999],[-6.66],[-6.720000000000001],[-6.28],[7.4399999999999995],[-7.039999999999999],[6.2],[-6.6000000000000005],[6.44],[6.640000000000001],[-6.24],[-7.16],[5.36],[7.960000000000001],[5.859999999999999],[-6.42],[6.14],[-9.62],[-9.66],[8.92],[-4.98],[4.66],[5.540000000000001],[-7.14],[8.26],[7.74],[-6.7],[6.5],[9.879999999999999],[-8.42],[-9.48],[6.879999999999999],[-4.680000000000001],[-9.02],[-4.32],[-7.26],[-8.8],[-5.779999999999999],[5.44],[-8.78],[-8.98],[6.18],[7.3],[6.06],[6.12],[7.46],[-4.2],[-4.04],[8.86],[-5.26],[-6.04],[-6.18],[-5.819999999999999],[4.88],[9.76],[6],[-6.26]],"np":0,"gp":0,"pr":0,"fpr":1,"reason":"statistic"}