{"avgHealth":0.2170998900000005,"seeds":[[0.7000000000000001],[-0.7000000000000001],[-0.72],[0.72],[-0.68],[0.68],[0.74],[-0.74],[-0.66],[0.66],[-0.76],[0.76],[-0.64],[0.64],[0.78],[-0.78],[0.62],[-0.62],[-0.8],[0.8],[0.6],[-0.6],[-0.8200000000000001],[0.8200000000000001],[-0.8400000000000001],[0.8400000000000001],[-0.5800000000000001],[0.5800000000000001],[-0.8599999999999999],[0.8599999999999999],[0.56],[-0.56],[-0.8799999999999999],[0.8799999999999999],[-0.54],[0.54],[-0.8999999999999999],[0.8999999999999999],[-0.52],[0.52],[-0.9199999999999999],[0.9199999999999999],[-0.5],[0.5],[0.94],[-0.94],[0.96],[-0.96],[0.48],[-0.48],[-0.98],[0.98],[-0.45999999999999996],[0.45999999999999996],[1],[-1],[-0.43999999999999995],[0.43999999999999995],[1.02],[-1.02],[1.04],[-1.04],[-0.42000000000000004],[0.42000000000000004],[-1.06],[1.06],[0.4],[-0.4],[-1.08],[1.08],[0.38],[-0.38],[-1.1],[1.1],[-1.12],[1.12],[-0.36],[0.36],[-1.1400000000000001],[1.1400000000000001],[0.34],[-0.34],[1.1600000000000001],[-1.1600000000000001],[1.18],[-1.18],[0.32],[-0.32],[1.2],[-1.22],[1.22],[-0.3],[-1.24],[1.24],[-0.28],[0.28],[1.26],[-1.26],[1.28],[0.26],[-0.26],[-1.3],[1.3],[-0.24],[-1.34],[1.34],[1.36],[-0.21999999999999997],[1.3800000000000001],[0.2],[-0.2],[1.42],[1.46],[-1.48],[-1.5],[-0.16],[-1.52],[-0.14],[-1.56],[1.58],[-1.6],[0.12],[-0.12],[-1.62],[-1.6400000000000001],[-1.6800000000000002],[1.6800000000000002],[-1.7199999999999998],[0.08],[-1.7799999999999998],[-1.8199999999999998],[-0.06],[-1.8599999999999999],[-1.98],[2.12],[-0.02],[2.24],[-2.3000000000000003],[-2.3200000000000003],[-2.3400000000000003],[-2.36],[-2.38],[-2.4],[-2.42],[-2.52],[-2.56],[-2.6],[-2.62],[2.86],[2.88],[2.96],[3],[3.1],[3.14],[3.2],[3.24],[3.2800000000000002],[3.4000000000000004],[-3.9000000000000004],[-3.9800000000000004],[-3.8600000000000003],[8.040000000000001],[-9.22],[5.460000000000001],[6.1],[-6.680000000000001],[-6.800000000000001],[5.819999999999999],[-5.84],[-5.819999999999999],[-6.82],[-9.120000000000001],[6.9399999999999995],[-7.08],[-5.460000000000001],[-7.38],[-6.02],[8.32],[-5.380000000000001],[-5.18],[5.64],[6.54],[-5.24],[6.66],[-8.94],[0],[9.58],[5.72],[6.82],[7.38],[-6.9799999999999995],[-7.86],[8.36],[8.219999999999999],[-6.62],[-6.54],[-6.22],[7.32],[-5.699999999999999],[-6.66],[8.34],[5],[-6.8999999999999995],[-5.859999999999999],[5.58],[7.94],[-5.26],[-6.36],[-6.32],[-6.44],[6.879999999999999],[6.4],[6.32],[6.720000000000001],[-6.6000000000000005],[-6.08],[6.2],[5.659999999999999],[-6.34],[-6.26],[-6.42],[-7.22],[4.88],[-5.64],[-6.4],[5.48],[7.34],[7.46],[6.02],[-4.82],[7.54],[7.119999999999999],[-5.72],[-8.72],[-9.200000000000001],[8.459999999999999],[8.24],[5.68],[-6.9399999999999995],[8.28],[-7.7],[7.02],[6.38],[-5.1],[6.62],[-5.12],[-6.48],[6.12],[-6.24],[6.28],[7],[4.699999999999999],[7.279999999999999],[6.08],[-5.34],[-6.14],[5.04],[-7.76],[-4.9],[-6.92],[6.16],[-6.959999999999999],[5.4],[-5.36],[7.9],[-7.52],[5.6000000000000005],[5.699999999999999],[8.4],[-5.540000000000001],[6.36],[-6.2],[6.18],[-5.5],[5.8],[-7.32],[-5.8],[-7.92],[-4.16],[-7.58],[-5.42],[5.9799999999999995],[5.5],[-9.24],[-5.44],[-4.72],[5.42]],"nseeds":287,"executions":230,"nfe":23500,"gps":[],"lps":[],"fps":[[0.7000000000000001],[-0.7000000000000001],[-0.72],[0.72],[-0.68],[0.68],[0.74],[-0.74],[-0.66],[0.66],[-0.76],[0.76],[-0.64],[0.64],[0.78],[-0.78],[0.62],[-0.62],[-0.8],[0.8],[0.6],[-0.6],[-0.8200000000000001],[0.8200000000000001],[-0.8400000000000001],[0.8400000000000001],[-0.5800000000000001],[0.5800000000000001],[-0.8599999999999999],[0.8599999999999999],[0.56],[-0.56],[-0.8799999999999999],[0.8799999999999999],[-0.54],[0.54],[-0.8999999999999999],[0.8999999999999999],[-0.52],[0.52],[-0.9199999999999999],[0.9199999999999999],[-0.5],[0.5],[0.94],[-0.94],[0.96],[-0.96],[0.48],[-0.48],[-0.98],[0.98],[-0.45999999999999996],[0.45999999999999996],[1],[-1],[-0.43999999999999995],[0.43999999999999995],[1.02],[-1.02],[1.04],[-1.04],[-0.42000000000000004],[0.42000000000000004],[-1.06],[1.06],[0.4],[-0.4],[-1.08],[1.08],[0.38],[-0.38],[-1.1],[1.1],[-1.12],[1.12],[-0.36],[0.36],[-1.1400000000000001],[1.1400000000000001],[0.34],[-0.34],[1.1600000000000001],[-1.1600000000000001],[1.18],[-1.18],[0.32],[-0.32],[1.2],[-1.22],[1.22],[-0.3],[-1.24],[1.24],[-0.28],[0.28],[1.26],[-1.26],[1.28],[0.26],[-0.26],[-1.3],[1.3],[-0.24],[-1.34],[1.34],[1.36],[-0.21999999999999997],[1.3800000000000001],[0.2],[-0.2],[1.42],[1.46],[-1.48],[-1.5],[-0.16],[-1.52],[-0.14],[-1.56],[1.58],[-1.6],[0.12],[-0.12],[-1.62],[-1.6400000000000001],[-1.6800000000000002],[1.6800000000000002],[-1.7199999999999998],[0.08],[-1.7799999999999998],[-1.8199999999999998],[-0.06],[-1.8599999999999999],[-1.98],[2.12],[-0.02],[2.24],[-2.3000000000000003],[-2.3200000000000003],[-2.3400000000000003],[-2.36],[-2.38],[-2.4],[-2.42],[-2.52],[-2.56],[-2.6],[-2.62],[2.86],[2.88],[2.96],[3],[3.1],[3.14],[3.2],[3.24],[3.2800000000000002],[3.4000000000000004],[-3.9000000000000004],[-3.9800000000000004],[-3.8600000000000003],[8.040000000000001],[-9.22],[5.460000000000001],[6.1],[-6.680000000000001],[-6.800000000000001],[5.819999999999999],[-5.84],[-5.819999999999999],[-6.82],[-9.120000000000001],[6.9399999999999995],[-7.08],[-5.460000000000001],[-7.38],[-6.02],[8.32],[-5.380000000000001],[-5.18],[5.64],[6.54],[-5.24],[6.66],[-8.94],[0],[9.58],[5.72],[6.82],[7.38],[-6.9799999999999995],[-7.86],[8.36],[8.219999999999999],[-6.62],[-6.54],[-6.22],[7.32],[-5.699999999999999],[-6.66],[8.34],[5],[-6.8999999999999995],[-5.859999999999999],[5.58],[7.94],[-5.26],[-6.36],[-6.32],[-6.44],[6.879999999999999],[6.4],[6.32],[6.720000000000001],[-6.6000000000000005],[-6.08],[6.2],[5.659999999999999],[-6.34],[-6.26],[-6.42],[-7.22],[4.88],[-5.64],[-6.4],[5.48],[7.34],[7.46],[6.02],[-4.82],[7.54],[7.119999999999999],[-5.72],[-8.72],[-9.200000000000001],[8.459999999999999],[8.24],[5.68],[-6.9399999999999995],[8.28],[-7.7],[7.02],[6.38],[-5.1],[6.62],[-5.12],[-6.48],[6.12],[-6.24],[6.28],[7],[4.699999999999999],[7.279999999999999],[6.08],[-5.34],[-6.14],[5.04],[-7.76],[-4.9],[-6.92],[6.16],[-6.959999999999999],[5.4],[-5.36],[7.9],[-7.52],[5.6000000000000005],[5.699999999999999],[8.4],[-5.540000000000001],[6.36],[-6.2],[6.18],[-5.5],[5.8],[-7.32],[-5.8],[-7.92],[-4.16],[-7.58],[-5.42],[5.9799999999999995],[5.5],[-9.24],[-5.44],[-4.72],[5.42]],"np":0,"gp":0,"pr":0,"fpr":1,"reason":"statistic"}