{"avgHealth":0.2292824640000006,"seeds":[[-0.7000000000000001],[0.7000000000000001],[-0.72],[0.72],[0.68],[-0.68],[0.74],[-0.74],[0.66],[-0.66],[0.76],[-0.76],[0.64],[-0.64],[-0.78],[0.78],[0.62],[-0.62],[0.8],[-0.8],[0.6],[-0.6],[0.8200000000000001],[-0.8200000000000001],[-0.8400000000000001],[0.8400000000000001],[-0.5800000000000001],[0.5800000000000001],[0.8599999999999999],[-0.8599999999999999],[-0.56],[0.56],[0.8799999999999999],[-0.8799999999999999],[-0.54],[0.54],[-0.8999999999999999],[0.8999999999999999],[-0.52],[0.52],[0.9199999999999999],[-0.9199999999999999],[0.5],[-0.5],[0.94],[-0.94],[-0.96],[0.96],[0.48],[-0.48],[0.98],[-0.98],[0.45999999999999996],[-0.45999999999999996],[1],[-1],[0.43999999999999995],[-0.43999999999999995],[1.02],[-1.02],[1.04],[-1.04],[-0.42000000000000004],[0.42000000000000004],[1.06],[-1.06],[-0.4],[0.4],[1.08],[-1.08],[0.38],[-0.38],[1.1],[-1.1],[-1.12],[1.12],[0.36],[-0.36],[-1.1400000000000001],[1.1400000000000001],[-0.34],[0.34],[1.1600000000000001],[-1.1600000000000001],[-1.18],[1.18],[-0.32],[0.32],[1.2],[-1.2],[1.22],[-1.22],[0.3],[-0.3],[1.24],[-1.24],[-0.28],[0.28],[1.26],[-1.26],[1.28],[-1.28],[0.26],[-0.26],[1.3],[-1.3],[1.32],[-0.24],[0.24],[1.34],[-0.21999999999999997],[-1.3800000000000001],[1.3800000000000001],[1.4000000000000001],[-1.4000000000000001],[1.42],[1.44],[-0.18],[1.46],[1.48],[1.5],[-0.16],[1.52],[-1.54],[0.14],[1.56],[-1.56],[1.6],[-1.6],[0.12],[-1.6400000000000001],[1.6800000000000002],[0.1],[1.7000000000000002],[-1.7399999999999998],[-1.7599999999999998],[1.7599999999999998],[-1.7999999999999998],[1.8399999999999999],[0.06],[-1.94],[-0.04],[1.98],[2.02],[2.1],[2.16],[-0.02],[-2.18],[2.2],[2.3000000000000003],[-2.3400000000000003],[-2.38],[-2.4],[-2.42],[-2.44],[-2.46],[-2.52],[-2.58],[-2.62],[-2.66],[-2.68],[-2.74],[2.8000000000000003],[2.86],[-2.94],[2.96],[3],[3.04],[3.06],[-3.14],[3.14],[3.22],[3.2600000000000002],[3.3200000000000003],[3.4000000000000004],[3.5199999999999996],[-3.62],[-3.9000000000000004],[-6.760000000000001],[4.92],[6.28],[10.04],[7.86],[-4.9],[4.859999999999999],[6.02],[6.08],[6.58],[4.84],[7.48],[-9.459999999999999],[7.7],[-8.58],[8.120000000000001],[-8.96],[6.32],[-6.4],[5.84],[-6.840000000000001],[-7.58],[10.02],[6.22],[-8.9],[-5.12],[-5.6000000000000005],[5.12],[7.62],[-8.98],[8.36],[-5.5],[6.3],[-9.26],[7.46],[7.06],[-5.739999999999999],[-9.16],[5.48],[6.12],[-5.0600000000000005],[-7.14],[-5.659999999999999],[-5.58],[8.379999999999999],[-5.26],[9.879999999999999],[5.64],[-6.18],[7.22],[-6.26],[-6.48],[5.88],[5.5600000000000005],[-6.46],[-5.779999999999999],[-9.360000000000001],[6.16],[8.7],[-8.94],[-5.24],[5.6000000000000005],[-9.18],[6.1],[6.82],[-9.34],[-6.2],[6.86],[5.8],[6.48],[9.78],[-5.620000000000001],[7.14],[6.62],[-4.1],[8.299999999999999],[9.6],[-7.6],[6.14],[-5.699999999999999],[9.96],[6.18],[4.76],[5.4],[-6.24],[5.699999999999999],[-7.039999999999999],[-6.5200000000000005],[6.959999999999999],[-5.92],[-5.28],[-6.42],[-6.54],[7.800000000000001],[-5.380000000000001],[-6.36],[-9.040000000000001],[8.06],[-7.68],[4.82],[6.36],[-8],[-5.48],[-5.68],[8.16],[6.640000000000001],[-6.92],[5.76],[6.5600000000000005]],"nseeds":287,"executions":292,"nfe":29700,"gps":[],"lps":[],"fps":[[-0.7000000000000001],[0.7000000000000001],[-0.72],[0.72],[0.68],[-0.68],[0.74],[-0.74],[0.66],[-0.66],[0.76],[-0.76],[0.64],[-0.64],[-0.78],[0.78],[0.62],[-0.62],[0.8],[-0.8],[0.6],[-0.6],[0.8200000000000001],[-0.8200000000000001],[-0.8400000000000001],[0.8400000000000001],[-0.5800000000000001],[0.5800000000000001],[0.8599999999999999],[-0.8599999999999999],[-0.56],[0.56],[0.8799999999999999],[-0.8799999999999999],[-0.54],[0.54],[-0.8999999999999999],[0.8999999999999999],[-0.52],[0.52],[0.9199999999999999],[-0.9199999999999999],[0.5],[-0.5],[0.94],[-0.94],[-0.96],[0.96],[0.48],[-0.48],[0.98],[-0.98],[0.45999999999999996],[-0.45999999999999996],[1],[-1],[0.43999999999999995],[-0.43999999999999995],[1.02],[-1.02],[1.04],[-1.04],[-0.42000000000000004],[0.42000000000000004],[1.06],[-1.06],[-0.4],[0.4],[1.08],[-1.08],[0.38],[-0.38],[1.1],[-1.1],[-1.12],[1.12],[0.36],[-0.36],[-1.1400000000000001],[1.1400000000000001],[-0.34],[0.34],[1.1600000000000001],[-1.1600000000000001],[-1.18],[1.18],[-0.32],[0.32],[1.2],[-1.2],[1.22],[-1.22],[0.3],[-0.3],[1.24],[-1.24],[-0.28],[0.28],[1.26],[-1.26],[1.28],[-1.28],[0.26],[-0.26],[1.3],[-1.3],[1.32],[-0.24],[0.24],[1.34],[-0.21999999999999997],[-1.3800000000000001],[1.3800000000000001],[1.4000000000000001],[-1.4000000000000001],[1.42],[1.44],[-0.18],[1.46],[1.48],[1.5],[-0.16],[1.52],[-1.54],[0.14],[1.56],[-1.56],[1.6],[-1.6],[0.12],[-1.6400000000000001],[1.6800000000000002],[0.1],[1.7000000000000002],[-1.7399999999999998],[-1.7599999999999998],[1.7599999999999998],[-1.7999999999999998],[1.8399999999999999],[0.06],[-1.94],[-0.04],[1.98],[2.02],[2.1],[2.16],[-0.02],[-2.18],[2.2],[2.3000000000000003],[-2.3400000000000003],[-2.38],[-2.4],[-2.42],[-2.44],[-2.46],[-2.52],[-2.58],[-2.62],[-2.66],[-2.68],[-2.74],[2.8000000000000003],[2.86],[-2.94],[2.96],[3],[3.04],[3.06],[-3.14],[3.14],[3.22],[3.2600000000000002],[3.3200000000000003],[3.4000000000000004],[3.5199999999999996],[-3.62],[-3.9000000000000004],[-6.760000000000001],[4.92],[6.28],[10.04],[7.86],[-4.9],[4.859999999999999],[6.02],[6.08],[6.58],[4.84],[7.48],[-9.459999999999999],[7.7],[-8.58],[8.120000000000001],[-8.96],[6.32],[-6.4],[5.84],[-6.840000000000001],[-7.58],[10.02],[6.22],[-8.9],[-5.12],[-5.6000000000000005],[5.12],[7.62],[-8.98],[8.36],[-5.5],[6.3],[-9.26],[7.46],[7.06],[-5.739999999999999],[-9.16],[5.48],[6.12],[-5.0600000000000005],[-7.14],[-5.659999999999999],[-5.58],[8.379999999999999],[-5.26],[9.879999999999999],[5.64],[-6.18],[7.22],[-6.26],[-6.48],[5.88],[5.5600000000000005],[-6.46],[-5.779999999999999],[-9.360000000000001],[6.16],[8.7],[-8.94],[-5.24],[5.6000000000000005],[-9.18],[6.1],[6.82],[-9.34],[-6.2],[6.86],[5.8],[6.48],[9.78],[-5.620000000000001],[7.14],[6.62],[-4.1],[8.299999999999999],[9.6],[-7.6],[6.14],[-5.699999999999999],[9.96],[6.18],[4.76],[5.4],[-6.24],[5.699999999999999],[-7.039999999999999],[-6.5200000000000005],[6.959999999999999],[-5.92],[-5.28],[-6.42],[-6.54],[7.800000000000001],[-5.380000000000001],[-6.36],[-9.040000000000001],[8.06],[-7.68],[4.82],[6.36],[-8],[-5.48],[-5.68],[8.16],[6.640000000000001],[-6.92],[5.76],[6.5600000000000005]],"np":0,"gp":0,"pr":0,"fpr":1,"reason":"statistic"}