{"avgHealth":0.20251904800000026,"seeds":[[-0.7000000000000001],[0.7000000000000001],[0.72],[-0.72],[-0.68],[0.68],[0.74],[-0.74],[0.66],[-0.66],[-0.76],[0.76],[0.64],[-0.64],[0.78],[-0.78],[-0.62],[0.62],[-0.8],[0.8],[-0.6],[0.6],[0.8200000000000001],[-0.8200000000000001],[-0.8400000000000001],[0.8400000000000001],[0.5800000000000001],[-0.5800000000000001],[0.8599999999999999],[-0.8599999999999999],[-0.56],[0.56],[0.8799999999999999],[-0.8799999999999999],[-0.54],[-0.8999999999999999],[0.8999999999999999],[-0.52],[0.52],[0.9199999999999999],[-0.9199999999999999],[0.5],[-0.5],[-0.94],[0.94],[-0.96],[0.96],[-0.48],[0.48],[0.98],[-0.98],[-0.45999999999999996],[0.45999999999999996],[1],[-1],[0.43999999999999995],[-0.43999999999999995],[1.02],[-1.02],[-1.04],[1.04],[0.42000000000000004],[-0.42000000000000004],[-1.06],[1.06],[-0.4],[0.4],[-1.08],[1.08],[-0.38],[0.38],[1.1],[-1.1],[-1.12],[1.12],[-0.36],[0.36],[1.1400000000000001],[-1.1400000000000001],[-0.34],[-1.1600000000000001],[-1.18],[1.18],[-0.32],[0.32],[-1.2],[-1.22],[0.3],[-0.3],[-1.24],[-0.28],[0.28],[-1.26],[1.28],[-1.28],[-0.26],[0.26],[-1.3],[0.24],[-0.24],[-1.34],[-1.36],[1.36],[-0.21999999999999997],[0.21999999999999997],[1.3800000000000001],[-1.42],[-1.44],[-0.18],[0.18],[-1.46],[1.48],[1.5],[-1.5],[0.16],[-1.54],[-0.14],[-1.58],[1.6],[-0.12],[0.12],[-1.6400000000000001],[-1.6800000000000002],[-0.1],[0.1],[-1.7000000000000002],[0.08],[-1.7599999999999998],[-1.8199999999999998],[-0.06],[-1.88],[-2.04],[2.24],[2.2800000000000002],[-2.2800000000000002],[-2.42],[-2.44],[-2.5],[-2.54],[-2.56],[-2.72],[-2.74],[2.86],[2.9],[2.96],[-2.96],[3],[3.02],[3.06],[3.1],[3.16],[3.22],[3.24],[3.2600000000000002],[3.46],[3.54],[3.5999999999999996],[-3.76],[-3.8],[3.9000000000000004],[-3.9000000000000004],[-6.36],[6.4],[-6.840000000000001],[-7.039999999999999],[7.84],[7.199999999999999],[-6.5200000000000005],[-7.32],[8.36],[8],[7],[-7.48],[6.800000000000001],[-7.08],[7.92],[7.960000000000001],[8.28],[-6.48],[6.32],[6.06],[4.92],[9.08],[5.36],[-6.28],[-4.26],[-7.18],[5.84],[-9.06],[-9.14],[7.86],[6.86],[6.04],[7.5],[-7.22],[-6.38],[4.88],[-5.659999999999999],[-5.58],[5.460000000000001],[8.100000000000001],[5.779999999999999],[-9.280000000000001],[5.620000000000001],[8.34],[6.74],[6.8999999999999995],[-7.4399999999999995],[5.5600000000000005],[7.74],[-5.64],[6.9799999999999995],[4.859999999999999],[6.3],[8.72],[6.62],[8.58],[-5.460000000000001],[8.7],[-5.220000000000001],[-5.819999999999999],[-6.1],[-7.800000000000001],[-5.72],[-9.040000000000001],[-6.680000000000001],[6.24],[6.5600000000000005],[-6.82],[-7.52],[-5.92],[-6.800000000000001],[-5.4],[-4.08],[-5.44],[-8.96],[0],[7.880000000000001],[6.879999999999999],[8.08],[5.72],[-6.92],[5.5200000000000005],[-5.1],[-7],[-5.620000000000001],[8.02],[7.38],[8.88],[-5.04],[6.46],[8.5],[6.54],[-6.22],[-6.66],[8.66],[4.82],[-5.42],[-6.54],[6.1],[4.9399999999999995],[6.58],[7.58],[-5.18],[8.219999999999999],[6.7],[5.699999999999999],[6.5],[4.680000000000001],[6.9399999999999995],[-6.62],[8.379999999999999],[-9.120000000000001],[8.06],[-7.86],[9.02],[6.22],[8.56],[8.62],[-6.5],[-8.08],[-7.62],[-5.9799999999999995],[6.34],[5.659999999999999],[-7.7],[-7.06],[5.859999999999999],[-6.9399999999999995],[-7.38],[5.739999999999999],[8.040000000000001],[6.92],[7.08],[4.9],[6.760000000000001],[-6.4],[-7.359999999999999]],"nseeds":298,"executions":151,"nfe":15600,"gps":[],"lps":[],"fps":[[-0.7000000000000001],[0.7000000000000001],[0.72],[-0.72],[-0.68],[0.68],[0.74],[-0.74],[0.66],[-0.66],[-0.76],[0.76],[0.64],[-0.64],[0.78],[-0.78],[-0.62],[0.62],[-0.8],[0.8],[-0.6],[0.6],[0.8200000000000001],[-0.8200000000000001],[-0.8400000000000001],[0.8400000000000001],[0.5800000000000001],[-0.5800000000000001],[0.8599999999999999],[-0.8599999999999999],[-0.56],[0.56],[0.8799999999999999],[-0.8799999999999999],[-0.54],[-0.8999999999999999],[0.8999999999999999],[-0.52],[0.52],[0.9199999999999999],[-0.9199999999999999],[0.5],[-0.5],[-0.94],[0.94],[-0.96],[0.96],[-0.48],[0.48],[0.98],[-0.98],[-0.45999999999999996],[0.45999999999999996],[1],[-1],[0.43999999999999995],[-0.43999999999999995],[1.02],[-1.02],[-1.04],[1.04],[0.42000000000000004],[-0.42000000000000004],[-1.06],[1.06],[-0.4],[0.4],[-1.08],[1.08],[-0.38],[0.38],[1.1],[-1.1],[-1.12],[1.12],[-0.36],[0.36],[1.1400000000000001],[-1.1400000000000001],[-0.34],[-1.1600000000000001],[-1.18],[1.18],[-0.32],[0.32],[-1.2],[-1.22],[0.3],[-0.3],[-1.24],[-0.28],[0.28],[-1.26],[1.28],[-1.28],[-0.26],[0.26],[-1.3],[0.24],[-0.24],[-1.34],[-1.36],[1.36],[-0.21999999999999997],[0.21999999999999997],[1.3800000000000001],[-1.42],[-1.44],[-0.18],[0.18],[-1.46],[1.48],[1.5],[-1.5],[0.16],[-1.54],[-0.14],[-1.58],[1.6],[-0.12],[0.12],[-1.6400000000000001],[-1.6800000000000002],[-0.1],[0.1],[-1.7000000000000002],[0.08],[-1.7599999999999998],[-1.8199999999999998],[-0.06],[-1.88],[-2.04],[2.24],[2.2800000000000002],[-2.2800000000000002],[-2.42],[-2.44],[-2.5],[-2.54],[-2.56],[-2.72],[-2.74],[2.86],[2.9],[2.96],[-2.96],[3],[3.02],[3.06],[3.1],[3.16],[3.22],[3.24],[3.2600000000000002],[3.46],[3.54],[3.5999999999999996],[-3.76],[-3.8],[3.9000000000000004],[-3.9000000000000004],[-6.36],[6.4],[-6.840000000000001],[-7.039999999999999],[7.84],[7.199999999999999],[-6.5200000000000005],[-7.32],[8.36],[8],[7],[-7.48],[6.800000000000001],[-7.08],[7.92],[7.960000000000001],[8.28],[-6.48],[6.32],[6.06],[4.92],[9.08],[5.36],[-6.28],[-4.26],[-7.18],[5.84],[-9.06],[-9.14],[7.86],[6.86],[6.04],[7.5],[-7.22],[-6.38],[4.88],[-5.659999999999999],[-5.58],[5.460000000000001],[8.100000000000001],[5.779999999999999],[-9.280000000000001],[5.620000000000001],[8.34],[6.74],[6.8999999999999995],[-7.4399999999999995],[5.5600000000000005],[7.74],[-5.64],[6.9799999999999995],[4.859999999999999],[6.3],[8.72],[6.62],[8.58],[-5.460000000000001],[8.7],[-5.220000000000001],[-5.819999999999999],[-6.1],[-7.800000000000001],[-5.72],[-9.040000000000001],[-6.680000000000001],[6.24],[6.5600000000000005],[-6.82],[-7.52],[-5.92],[-6.800000000000001],[-5.4],[-4.08],[-5.44],[-8.96],[0],[7.880000000000001],[6.879999999999999],[8.08],[5.72],[-6.92],[5.5200000000000005],[-5.1],[-7],[-5.620000000000001],[8.02],[7.38],[8.88],[-5.04],[6.46],[8.5],[6.54],[-6.22],[-6.66],[8.66],[4.82],[-5.42],[-6.54],[6.1],[4.9399999999999995],[6.58],[7.58],[-5.18],[8.219999999999999],[6.7],[5.699999999999999],[6.5],[4.680000000000001],[6.9399999999999995],[-6.62],[8.379999999999999],[-9.120000000000001],[8.06],[-7.86],[9.02],[6.22],[8.56],[8.62],[-6.5],[-8.08],[-7.62],[-5.9799999999999995],[6.34],[5.659999999999999],[-7.7],[-7.06],[5.859999999999999],[-6.9399999999999995],[-7.38],[5.739999999999999],[8.040000000000001],[6.92],[7.08],[4.9],[6.760000000000001],[-6.4],[-7.359999999999999]],"np":0,"gp":0,"pr":0,"fpr":1,"reason":"statistic"}