{"avgHealth":0.8240609152138942,"seeds":[[0.1],[0.7],[0.5],[0.9],[0.3],[0.49],[0.51],[0.911],[0.313],[0.113],[0.085],[0.684],[0.279],[0.522],[0.922],[0.723],[0.323],[0.124],[0.069],[0.269],[0.533],[0.865],[0.663],[0.259],[0.057],[0.744],[0.854],[0.549],[0.953],[0.445],[0.044],[0.644],[0.757],[0.842],[0.362],[0.963],[0.563],[0.767],[0.033],[0.633],[0.976],[0.023],[0.377],[0.221],[0.82],[0.012],[0.19],[0.209],[0.805],[0.996],[0.599],[1.017],[0]],"nseeds":53,"executions":181,"nfe":18600,"gps":[[0.1],[0.7],[0.5],[0.9],[0.3]],"lps":[],"fps":[[0.49],[0.51],[0.911],[0.313],[0.113],[0.085],[0.684],[0.279],[0.522],[0.922],[0.723],[0.323],[0.124],[0.069],[0.269],[0.533],[0.865],[0.663],[0.259],[0.057],[0.744],[0.854],[0.549],[0.953],[0.445],[0.044],[0.644],[0.757],[0.842],[0.362],[0.963],[0.563],[0.767],[0.033],[0.633],[0.976],[0.023],[0.377],[0.221],[0.82],[0.012],[0.19],[0.209],[0.805],[0.996],[0.599],[1.017],[0]],"np":5,"gp":5,"pr":0.09433962264150944,"gpr":1,"fpr":0.9056603773584906,"reason":"statistic"}