{"avgHealth":0.8040324092901673,"seeds":[[0.9],[0.1],[0.7],[0.5],[0.3],[0.89],[0.488],[0.513],[0.714],[0.115],[0.321],[0.921],[0.878],[0.677],[0.277],[0.077],[0.523],[0.725],[0.13],[0.467],[0.333],[0.066],[0.866],[0.663],[0.742],[0.258],[0.544],[0.945],[0.055],[0.854],[0.653],[0.451],[0.754],[0.955],[0.842],[0.64],[0.238],[0.037],[0.765],[0.969],[0.429],[0.374],[0.174],[0.025],[0.979],[0.582],[0.817],[0.185],[0.785],[0.414],[0.013],[0.388],[0.992],[0.797],[1.004],[1.021]],"nseeds":56,"executions":183,"nfe":18800,"gps":[[0.9],[0.1],[0.7],[0.5],[0.3]],"lps":[],"fps":[[0.89],[0.488],[0.513],[0.714],[0.115],[0.321],[0.921],[0.878],[0.677],[0.277],[0.077],[0.523],[0.725],[0.13],[0.467],[0.333],[0.066],[0.866],[0.663],[0.742],[0.258],[0.544],[0.945],[0.055],[0.854],[0.653],[0.451],[0.754],[0.955],[0.842],[0.64],[0.238],[0.037],[0.765],[0.969],[0.429],[0.374],[0.174],[0.025],[0.979],[0.582],[0.817],[0.185],[0.785],[0.414],[0.013],[0.388],[0.992],[0.797],[1.004],[1.021]],"np":5,"gp":5,"pr":0.08928571428571429,"gpr":1,"fpr":0.9107142857142857,"reason":"statistic"}