{"avgHealth":225.1322199131354,"seeds":[[0.5],[0.301],[0.101],[0.898],[0.704],[0.908],[0.692],[0.091],[0.291],[0.311],[0.511],[0.887],[0.113],[0.486],[0.715],[0.918],[0.68],[0.321],[0.279],[0.521],[0.476],[0.075],[0.725],[0.875],[0.129],[0.931],[0.331],[0.531],[0.269],[0.665],[0.865],[0.736],[0.064],[0.139],[0.259],[0.943],[0.655],[0.855],[0.75],[0.35],[0.15],[0.248],[0.953],[0.446],[0.845],[0.16],[0.639],[0.963],[0.763],[0.367],[0.833],[0.773],[0.227],[0.627],[0.974],[0.174],[0.577],[0.38],[0.819],[0.184],[0.015],[0.415],[0.615],[0.786],[0.59],[0.991],[0.806],[0.206],[0.399],[0.001]],"nseeds":70,"executions":11,"nfe":1600,"gps":[[0.5],[0.301],[0.101],[0.898]],"lps":[],"fps":[[0.704],[0.908],[0.692],[0.091],[0.291],[0.311],[0.511],[0.887],[0.113],[0.486],[0.715],[0.918],[0.68],[0.321],[0.279],[0.521],[0.476],[0.075],[0.725],[0.875],[0.129],[0.931],[0.331],[0.531],[0.269],[0.665],[0.865],[0.736],[0.064],[0.139],[0.259],[0.943],[0.655],[0.855],[0.75],[0.35],[0.15],[0.248],[0.953],[0.446],[0.845],[0.16],[0.639],[0.963],[0.763],[0.367],[0.833],[0.773],[0.227],[0.627],[0.974],[0.174],[0.577],[0.38],[0.819],[0.184],[0.015],[0.415],[0.615],[0.786],[0.59],[0.991],[0.806],[0.206],[0.399],[0.001]],"np":4,"gp":4,"pr":0.05714285714285714,"gpr":0.8,"fpr":0.9428571428571428,"reason":"statistic"}