{"avgHealth":0.7986748254642557,"seeds":[[0.3],[0.1],[0.9],[0.7],[0.5],[0.911],[0.289],[0.114],[0.514],[0.485],[0.316],[0.68],[0.723],[0.923],[0.875],[0.126],[0.471],[0.733],[0.267],[0.936],[0.863],[0.061],[0.142],[0.343],[0.454],[0.95],[0.65],[0.047],[0.847],[0.154],[0.356],[0.756],[0.558],[0.962],[0.835],[0.767],[0.033],[0.232],[0.569],[0.628],[0.979],[0.819],[0.018],[0.383],[0.617],[0.784],[0.185],[0.989],[0.411],[0.807],[0.004],[1.023],[1.01],[1]],"nseeds":54,"executions":201,"nfe":20600,"gps":[[0.3],[0.1],[0.9],[0.7],[0.5]],"lps":[],"fps":[[0.911],[0.289],[0.114],[0.514],[0.485],[0.316],[0.68],[0.723],[0.923],[0.875],[0.126],[0.471],[0.733],[0.267],[0.936],[0.863],[0.061],[0.142],[0.343],[0.454],[0.95],[0.65],[0.047],[0.847],[0.154],[0.356],[0.756],[0.558],[0.962],[0.835],[0.767],[0.033],[0.232],[0.569],[0.628],[0.979],[0.819],[0.018],[0.383],[0.617],[0.784],[0.185],[0.989],[0.411],[0.807],[0.004],[1.023],[1.01],[1]],"np":5,"gp":5,"pr":0.09259259259259259,"gpr":1,"fpr":0.9074074074074074,"reason":"statistic"}