{"avgHealth":0.8312548390756274,"seeds":[[0.5],[0.3],[0.7],[0.9],[0.1],[0.29],[0.311],[0.889],[0.087],[0.487],[0.917],[0.12],[0.721],[0.521],[0.677],[0.474],[0.327],[0.072],[0.929],[0.536],[0.737],[0.863],[0.457],[0.344],[0.548],[0.949],[0.651],[0.045],[0.758],[0.961],[0.639],[0.839],[0.769],[0.829],[0.627],[0.575],[0.178],[0.378],[0.979],[0.78],[0.42],[0.817],[0.616],[0.585],[0.014],[1.014],[0.209],[0.792],[0.595]],"nseeds":49,"executions":128,"nfe":13300,"gps":[[0.5],[0.3],[0.7],[0.9],[0.1]],"lps":[],"fps":[[0.29],[0.311],[0.889],[0.087],[0.487],[0.917],[0.12],[0.721],[0.521],[0.677],[0.474],[0.327],[0.072],[0.929],[0.536],[0.737],[0.863],[0.457],[0.344],[0.548],[0.949],[0.651],[0.045],[0.758],[0.961],[0.639],[0.839],[0.769],[0.829],[0.627],[0.575],[0.178],[0.378],[0.979],[0.78],[0.42],[0.817],[0.616],[0.585],[0.014],[1.014],[0.209],[0.792],[0.595]],"np":5,"gp":5,"pr":0.10204081632653061,"gpr":1,"fpr":0.8979591836734694,"reason":"statistic"}