{"avgHealth":156.4868161700007,"seeds":[[0.9],[0.5],[0.3],[0.1],[0.703],[0.31],[0.69],[0.511],[0.888],[0.488],[0.713],[0.087],[0.286],[0.916],[0.12],[0.32],[0.522],[0.677],[0.477],[0.724],[0.076],[0.874],[0.927],[0.273],[0.33],[0.532],[0.666],[0.134],[0.734],[0.062],[0.262],[0.862],[0.939],[0.34],[0.542],[0.457],[0.744],[0.656],[0.146],[0.052],[0.95],[0.552],[0.447],[0.754],[0.646],[0.355],[0.245],[0.96],[0.04],[0.84],[0.161],[0.764],[0.566],[0.366],[0.432],[0.03],[0.628],[0.828],[0.974],[0.775],[0.577],[0.223],[0.377],[0.422],[0.179],[0.618],[0.984],[0.785],[0.014],[0.814],[0.587],[0.211],[0.19],[0.608],[0.994],[0.395],[0.003],[0.8]],"nseeds":78,"executions":10,"nfe":1500,"gps":[[0.9],[0.5],[0.3],[0.1],[0.703]],"lps":[],"fps":[[0.31],[0.69],[0.511],[0.888],[0.488],[0.713],[0.087],[0.286],[0.916],[0.12],[0.32],[0.522],[0.677],[0.477],[0.724],[0.076],[0.874],[0.927],[0.273],[0.33],[0.532],[0.666],[0.134],[0.734],[0.062],[0.262],[0.862],[0.939],[0.34],[0.542],[0.457],[0.744],[0.656],[0.146],[0.052],[0.95],[0.552],[0.447],[0.754],[0.646],[0.355],[0.245],[0.96],[0.04],[0.84],[0.161],[0.764],[0.566],[0.366],[0.432],[0.03],[0.628],[0.828],[0.974],[0.775],[0.577],[0.223],[0.377],[0.422],[0.179],[0.618],[0.984],[0.785],[0.014],[0.814],[0.587],[0.211],[0.19],[0.608],[0.994],[0.395],[0.003],[0.8]],"np":5,"gp":5,"pr":0.0641025641025641,"gpr":1,"fpr":0.9358974358974359,"reason":"statistic"}