{"avgHealth":0.7887304411780381,"seeds":[[0.9],[0.1],[0.5],[0.3],[0.7],[0.511],[0.311],[0.112],[0.688],[0.288],[0.084],[0.484],[0.92],[0.72],[0.323],[0.123],[0.523],[0.672],[0.072],[0.731],[0.868],[0.267],[0.133],[0.336],[0.463],[0.54],[0.06],[0.256],[0.656],[0.854],[0.451],[0.048],[0.552],[0.957],[0.16],[0.64],[0.361],[0.764],[0.564],[0.836],[0.033],[0.968],[0.627],[0.374],[0.826],[0.175],[0.224],[0.023],[0.423],[1.023],[0.779],[0.981],[0.384],[0.187],[1.012],[0.012],[0.212],[0.411],[0.795],[0.2],[0]],"nseeds":61,"executions":293,"nfe":29800,"gps":[[0.9],[0.1],[0.5],[0.3],[0.7]],"lps":[],"fps":[[0.511],[0.311],[0.112],[0.688],[0.288],[0.084],[0.484],[0.92],[0.72],[0.323],[0.123],[0.523],[0.672],[0.072],[0.731],[0.868],[0.267],[0.133],[0.336],[0.463],[0.54],[0.06],[0.256],[0.656],[0.854],[0.451],[0.048],[0.552],[0.957],[0.16],[0.64],[0.361],[0.764],[0.564],[0.836],[0.033],[0.968],[0.627],[0.374],[0.826],[0.175],[0.224],[0.023],[0.423],[1.023],[0.779],[0.981],[0.384],[0.187],[1.012],[0.012],[0.212],[0.411],[0.795],[0.2],[0]],"np":5,"gp":5,"pr":0.08196721311475409,"gpr":1,"fpr":0.9180327868852459,"reason":"statistic"}