{"avgHealth":382.63751395988385,"seeds":[[0.3],[0.5],[0.7],[0.102],[0.903],[0.893],[0.091],[0.289],[0.488],[0.513],[0.114],[0.915],[0.878],[0.478],[0.275],[0.925],[0.126],[0.673],[0.07],[0.935],[0.738],[0.262],[0.862],[0.059],[0.15],[0.55],[0.249],[0.046],[0.358],[0.961],[0.239],[0.035],[0.767],[0.831],[0.974],[0.226],[0.025],[0.622],[0.782],[0.417],[0.216],[0.985],[0.388],[0.611],[0.01],[0.793],[0.806],[0.995],[0.401]],"nseeds":49,"executions":40,"nfe":4500,"gps":[[0.3],[0.5],[0.7],[0.102],[0.903]],"lps":[],"fps":[[0.893],[0.091],[0.289],[0.488],[0.513],[0.114],[0.915],[0.878],[0.478],[0.275],[0.925],[0.126],[0.673],[0.07],[0.935],[0.738],[0.262],[0.862],[0.059],[0.15],[0.55],[0.249],[0.046],[0.358],[0.961],[0.239],[0.035],[0.767],[0.831],[0.974],[0.226],[0.025],[0.622],[0.782],[0.417],[0.216],[0.985],[0.388],[0.611],[0.01],[0.793],[0.806],[0.995],[0.401]],"np":5,"gp":5,"pr":0.10204081632653061,"gpr":1,"fpr":0.8979591836734694,"reason":"statistic"}