{"avgHealth":158.0520101517386,"seeds":[[0.5],[0.7],[0.101],[0.299],[0.901],[0.091],[0.89],[0.51],[0.49],[0.69],[0.911],[0.113],[0.714],[0.286],[0.52],[0.32],[0.48],[0.08],[0.921],[0.678],[0.877],[0.275],[0.725],[0.125],[0.33],[0.47],[0.53],[0.069],[0.932],[0.667],[0.265],[0.135],[0.865],[0.736],[0.059],[0.541],[0.344],[0.456],[0.945],[0.255],[0.746],[0.854],[0.147],[0.653],[0.046],[0.555],[0.244],[0.957],[0.161],[0.439],[0.362],[0.835],[0.034],[0.232],[0.97],[0.77],[0.171],[0.428],[0.573],[0.623],[0.023],[0.823],[0.221],[0.981],[0.417],[0.787],[0.587],[0.387],[0.812],[0.188],[0.011],[0.211],[0.611],[0.991],[0.407],[0.798],[0.199]],"nseeds":77,"executions":10,"nfe":1500,"gps":[[0.5],[0.7],[0.101],[0.299],[0.901]],"lps":[],"fps":[[0.091],[0.89],[0.51],[0.49],[0.69],[0.911],[0.113],[0.714],[0.286],[0.52],[0.32],[0.48],[0.08],[0.921],[0.678],[0.877],[0.275],[0.725],[0.125],[0.33],[0.47],[0.53],[0.069],[0.932],[0.667],[0.265],[0.135],[0.865],[0.736],[0.059],[0.541],[0.344],[0.456],[0.945],[0.255],[0.746],[0.854],[0.147],[0.653],[0.046],[0.555],[0.244],[0.957],[0.161],[0.439],[0.362],[0.835],[0.034],[0.232],[0.97],[0.77],[0.171],[0.428],[0.573],[0.623],[0.023],[0.823],[0.221],[0.981],[0.417],[0.787],[0.587],[0.387],[0.812],[0.188],[0.011],[0.211],[0.611],[0.991],[0.407],[0.798],[0.199]],"np":5,"gp":5,"pr":0.06493506493506493,"gpr":1,"fpr":0.935064935064935,"reason":"statistic"}