{"avgHealth":0.8015954690940734,"seeds":[[0.7],[0.5],[0.1],[0.3],[0.9],[0.29],[0.91],[0.712],[0.314],[0.114],[0.514],[0.084],[0.92],[0.723],[0.125],[0.67],[0.468],[0.733],[0.267],[0.333],[0.94],[0.655],[0.747],[0.451],[0.95],[0.151],[0.642],[0.041],[0.961],[0.761],[0.563],[0.837],[0.436],[0.236],[0.371],[0.028],[0.627],[0.223],[0.423],[0.823],[0.979],[0.616],[0.014],[0.813],[0.412],[0.989],[0.189],[0.003],[0.398],[1.01],[1.021]],"nseeds":51,"executions":147,"nfe":15200,"gps":[[0.7],[0.5],[0.1],[0.3],[0.9]],"lps":[],"fps":[[0.29],[0.91],[0.712],[0.314],[0.114],[0.514],[0.084],[0.92],[0.723],[0.125],[0.67],[0.468],[0.733],[0.267],[0.333],[0.94],[0.655],[0.747],[0.451],[0.95],[0.151],[0.642],[0.041],[0.961],[0.761],[0.563],[0.837],[0.436],[0.236],[0.371],[0.028],[0.627],[0.223],[0.423],[0.823],[0.979],[0.616],[0.014],[0.813],[0.412],[0.989],[0.189],[0.003],[0.398],[1.01],[1.021]],"np":5,"gp":5,"pr":0.09803921568627451,"gpr":1,"fpr":0.9019607843137255,"reason":"statistic"}