{"avgHealth":0.8244917867259162,"seeds":[[0.5],[0.9],[0.3],[0.1],[0.7],[0.49],[0.711],[0.112],[0.088],[0.687],[0.314],[0.514],[0.283],[0.917],[0.123],[0.477],[0.724],[0.524],[0.927],[0.328],[0.271],[0.669],[0.464],[0.338],[0.739],[0.261],[0.539],[0.942],[0.453],[0.653],[0.549],[0.85],[0.151],[0.752],[0.956],[0.044],[0.441],[0.764],[0.835],[0.032],[0.431],[0.631],[0.973],[0.174],[0.825],[0.621],[0.379],[0.02],[0.784],[0.813],[0.412],[0.189],[0.611],[0.39],[0.007],[0.994],[0.401],[1.008],[1.022]],"nseeds":59,"executions":127,"nfe":13200,"gps":[[0.5],[0.9],[0.3],[0.1],[0.7]],"lps":[],"fps":[[0.49],[0.711],[0.112],[0.088],[0.687],[0.314],[0.514],[0.283],[0.917],[0.123],[0.477],[0.724],[0.524],[0.927],[0.328],[0.271],[0.669],[0.464],[0.338],[0.739],[0.261],[0.539],[0.942],[0.453],[0.653],[0.549],[0.85],[0.151],[0.752],[0.956],[0.044],[0.441],[0.764],[0.835],[0.032],[0.431],[0.631],[0.973],[0.174],[0.825],[0.621],[0.379],[0.02],[0.784],[0.813],[0.412],[0.189],[0.611],[0.39],[0.007],[0.994],[0.401],[1.008],[1.022]],"np":5,"gp":5,"pr":0.0847457627118644,"gpr":1,"fpr":0.9152542372881356,"reason":"statistic"}