{"avgHealth":0.8506758946094584,"seeds":[[0.1],[0.3],[0.7],[0.9],[0.5],[0.51],[0.489],[0.111],[0.312],[0.088],[0.688],[0.887],[0.919],[0.72],[0.521],[0.323],[0.123],[0.875],[0.272],[0.072],[0.671],[0.468],[0.134],[0.939],[0.06],[0.66],[0.741],[0.254],[0.448],[0.153],[0.847],[0.645],[0.756],[0.957],[0.243],[0.041],[0.363],[0.164],[0.23],[0.428],[0.773],[0.175],[0.976],[0.377],[0.815],[0.387],[0.588],[0.212],[0.411],[0.009],[0.195],[0.999]],"nseeds":52,"executions":71,"nfe":7600,"gps":[[0.1],[0.3],[0.7],[0.9],[0.5]],"lps":[],"fps":[[0.51],[0.489],[0.111],[0.312],[0.088],[0.688],[0.887],[0.919],[0.72],[0.521],[0.323],[0.123],[0.875],[0.272],[0.072],[0.671],[0.468],[0.134],[0.939],[0.06],[0.66],[0.741],[0.254],[0.448],[0.153],[0.847],[0.645],[0.756],[0.957],[0.243],[0.041],[0.363],[0.164],[0.23],[0.428],[0.773],[0.175],[0.976],[0.377],[0.815],[0.387],[0.588],[0.212],[0.411],[0.009],[0.195],[0.999]],"np":5,"gp":5,"pr":0.09615384615384616,"gpr":1,"fpr":0.9038461538461539,"reason":"statistic"}