{"avgHealth":0.818791981602526,"seeds":[[0.5],[0.9],[0.7],[0.1],[0.3],[0.09],[0.51],[0.111],[0.689],[0.312],[0.487],[0.714],[0.918],[0.881],[0.52],[0.678],[0.277],[0.724],[0.328],[0.472],[0.929],[0.734],[0.866],[0.664],[0.536],[0.064],[0.263],[0.941],[0.343],[0.856],[0.747],[0.547],[0.652],[0.45],[0.956],[0.244],[0.557],[0.758],[0.358],[0.84],[0.639],[0.039],[0.568],[0.969],[0.231],[0.369],[0.428],[0.628],[0.176],[0.578],[1.022],[0.618],[0.417],[0.387],[1.012],[0.811],[0.607],[0.595],[0.405]],"nseeds":59,"executions":170,"nfe":17500,"gps":[[0.5],[0.9],[0.7],[0.1],[0.3]],"lps":[],"fps":[[0.09],[0.51],[0.111],[0.689],[0.312],[0.487],[0.714],[0.918],[0.881],[0.52],[0.678],[0.277],[0.724],[0.328],[0.472],[0.929],[0.734],[0.866],[0.664],[0.536],[0.064],[0.263],[0.941],[0.343],[0.856],[0.747],[0.547],[0.652],[0.45],[0.956],[0.244],[0.557],[0.758],[0.358],[0.84],[0.639],[0.039],[0.568],[0.969],[0.231],[0.369],[0.428],[0.628],[0.176],[0.578],[1.022],[0.618],[0.417],[0.387],[1.012],[0.811],[0.607],[0.595],[0.405]],"np":5,"gp":5,"pr":0.0847457627118644,"gpr":1,"fpr":0.9152542372881356,"reason":"statistic"}