{"avgHealth":0.8077628912425493,"seeds":[[0.7],[0.9],[0.3],[0.1],[0.5],[0.911],[0.489],[0.112],[0.512],[0.288],[0.086],[0.683],[0.522],[0.723],[0.923],[0.124],[0.074],[0.672],[0.472],[0.27],[0.933],[0.535],[0.061],[0.34],[0.26],[0.659],[0.459],[0.856],[0.547],[0.949],[0.051],[0.75],[0.644],[0.443],[0.039],[0.963],[0.765],[0.634],[0.166],[0.368],[0.429],[0.573],[0.977],[0.177],[1.023],[0.378],[0.622],[0.019],[0.815],[0.586],[0.414],[0.187],[0.612],[0.008],[1.006],[0.597]],"nseeds":56,"executions":192,"nfe":19700,"gps":[[0.7],[0.9],[0.3],[0.1],[0.5]],"lps":[],"fps":[[0.911],[0.489],[0.112],[0.512],[0.288],[0.086],[0.683],[0.522],[0.723],[0.923],[0.124],[0.074],[0.672],[0.472],[0.27],[0.933],[0.535],[0.061],[0.34],[0.26],[0.659],[0.459],[0.856],[0.547],[0.949],[0.051],[0.75],[0.644],[0.443],[0.039],[0.963],[0.765],[0.634],[0.166],[0.368],[0.429],[0.573],[0.977],[0.177],[1.023],[0.378],[0.622],[0.019],[0.815],[0.586],[0.414],[0.187],[0.612],[0.008],[1.006],[0.597]],"np":5,"gp":5,"pr":0.08928571428571429,"gpr":1,"fpr":0.9107142857142857,"reason":"statistic"}